anneal n=17 starts=3000 workers=12 base_seed=100000 record=4.6755300936045509516341112704831500000000000000000 s0=4.909307 save_below=4.690000
config {'n': 17, 's0': 4.909306598284779, 't0': 0.01, 't_ratio': 1e-08, 'stage_sweeps': 2000, 'max_sweeps': 1000000, 'retries': 4, 'reset_ladder': 1, 'e_tol': 1e-10, 'shrink': 0.01, 'min_shrink': 1e-07, 'grow_limit': 1.15, 'p_trans': 0.35, 'p_rot': 0.2, 'p_both': 0.35, 'p_swap': 0.09, 'p_rand': 0.01, 'p_bias': 0.5, 'mode': 'ladder', 'mu': 0.5, 'press_sweeps': 200000, 'press_t0': 0.05, 'press_t1': 1e-08, 'p_s': 0.0, 'fin_t0': 1e-06, 'fin_shrink': 0.0001, 'seed_from': None, 'perturb': 0.0}
[1/3000] seed 100002 s=4.858223215 pen=0.0e+00 moves=1.70e+07 6.8s *best
[2/3000] seed 100009 s=5.000000574 pen=0.0e+00 moves=1.70e+07 7.1s
[3/3000] seed 100003 s=4.755144456 pen=0.0e+00 moves=1.70e+07 7.1s *best
[4/3000] seed 100004 s=4.950304628 pen=0.0e+00 moves=1.70e+07 7.2s
[5/3000] seed 100000 s=4.768121409 pen=3.9e-11 moves=1.70e+07 7.5s
[6/3000] seed 100010 s=4.688127704 pen=0.0e+00 moves=1.70e+07 7.7s *best saved n17_s4.688127704_seed100010.json
[7/3000] seed 100006 s=5.000124565 pen=0.0e+00 moves=1.70e+07 7.6s
[8/3000] seed 100008 s=5.000165877 pen=0.0e+00 moves=1.70e+07 7.7s
[9/3000] seed 100001 s=5.000080532 pen=0.0e+00 moves=1.70e+07 7.7s
[10/3000] seed 100005 s=4.707107324 pen=0.0e+00 moves=1.70e+07 7.7s
[11/3000] seed 100011 s=4.707107131 pen=0.0e+00 moves=1.70e+07 7.7s
[12/3000] seed 100007 s=4.707107649 pen=2.1e-11 moves=1.70e+07 8.4s
[13/3000] seed 100016 s=5.000203185 pen=0.0e+00 moves=1.70e+07 7.0s
[14/3000] seed 100020 s=5.000107739 pen=0.0e+00 moves=1.70e+07 7.0s
[15/3000] seed 100022 s=5.000095999 pen=0.0e+00 moves=1.70e+07 6.9s
[16/3000] seed 100012 s=4.707107167 pen=0.0e+00 moves=1.70e+07 7.9s
[17/3000] seed 100014 s=5.000109702 pen=0.0e+00 moves=1.70e+07 7.6s
[18/3000] seed 100015 s=5.000213894 pen=0.0e+00 moves=1.70e+07 7.5s
[19/3000] seed 100018 s=5.000098240 pen=0.0e+00 moves=1.70e+07 7.2s
[20/3000] seed 100019 s=4.828437949 pen=0.0e+00 moves=1.70e+07 7.2s
[21/3000] seed 100017 s=4.771291092 pen=0.0e+00 moves=1.70e+07 7.3s
[22/3000] seed 100013 s=5.000129583 pen=0.0e+00 moves=1.70e+07 7.8s
[23/3000] seed 100021 s=5.000000040 pen=0.0e+00 moves=1.70e+07 7.3s
[24/3000] seed 100023 s=4.707107814 pen=0.0e+00 moves=1.70e+07 7.4s
[25/3000] seed 100024 s=5.000190576 pen=0.0e+00 moves=1.70e+07 6.7s
[26/3000] seed 100027 s=4.822887013 pen=0.0e+00 moves=1.70e+07 6.8s
[27/3000] seed 100026 s=4.707111081 pen=0.0e+00 moves=1.70e+07 6.8s
[28/3000] seed 100030 s=5.000165158 pen=0.0e+00 moves=1.70e+07 7.0s
[29/3000] seed 100031 s=4.707125549 pen=0.0e+00 moves=1.70e+07 7.0s
[30/3000] seed 100032 s=4.767770137 pen=0.0e+00 moves=1.70e+07 7.0s
[31/3000] seed 100025 s=5.000001947 pen=0.0e+00 moves=1.70e+07 7.3s
[32/3000] seed 100028 s=5.000126484 pen=0.0e+00 moves=1.70e+07 7.4s
[33/3000] seed 100029 s=5.000143640 pen=0.0e+00 moves=1.70e+07 7.5s
[34/3000] seed 100033 s=4.707110740 pen=0.0e+00 moves=1.70e+07 7.3s
[35/3000] seed 100034 s=4.707113160 pen=0.0e+00 moves=1.70e+07 7.7s
[36/3000] seed 100035 s=5.000001185 pen=0.0e+00 moves=1.70e+07 7.2s
[37/3000] seed 100036 s=5.000104350 pen=0.0e+00 moves=1.70e+07 6.3s
[38/3000] seed 100039 s=4.858221924 pen=0.0e+00 moves=1.70e+07 6.0s
[39/3000] seed 100042 s=4.822880722 pen=0.0e+00 moves=1.70e+07 6.0s
[40/3000] seed 100037 s=5.000001567 pen=0.0e+00 moves=1.70e+07 6.6s
[41/3000] seed 100040 s=5.000050395 pen=0.0e+00 moves=1.70e+07 6.5s
[42/3000] seed 100045 s=4.767769330 pen=0.0e+00 moves=1.70e+07 6.3s
[43/3000] seed 100038 s=5.000000040 pen=3.6e-11 moves=1.70e+07 7.1s
[44/3000] seed 100041 s=5.000127072 pen=0.0e+00 moves=1.70e+07 6.6s
[45/3000] seed 100043 s=4.707115963 pen=0.0e+00 moves=1.70e+07 6.7s
[46/3000] seed 100044 s=5.000031321 pen=0.0e+00 moves=1.70e+07 6.7s
[47/3000] seed 100046 s=4.707107060 pen=0.0e+00 moves=1.70e+07 6.8s
[48/3000] seed 100047 s=5.000258470 pen=0.0e+00 moves=1.70e+07 7.0s
[49/3000] seed 100049 s=4.707107560 pen=0.0e+00 moves=1.70e+07 7.3s
[50/3000] seed 100051 s=5.000042384 pen=0.0e+00 moves=1.70e+07 7.1s
[51/3000] seed 100050 s=5.000058910 pen=0.0e+00 moves=1.70e+07 7.2s
[52/3000] seed 100048 s=5.000121164 pen=0.0e+00 moves=1.70e+07 7.7s
[53/3000] seed 100052 s=4.707115282 pen=0.0e+00 moves=1.70e+07 7.2s
[54/3000] seed 100055 s=4.707108085 pen=0.0e+00 moves=1.70e+07 7.2s
[55/3000] seed 100053 s=4.753555964 pen=0.0e+00 moves=1.70e+07 7.3s
[56/3000] seed 100057 s=4.767770100 pen=0.0e+00 moves=1.70e+07 7.0s
[57/3000] seed 100056 s=5.000112750 pen=0.0e+00 moves=1.70e+07 7.4s
[58/3000] seed 100054 s=5.000110846 pen=0.0e+00 moves=1.70e+07 8.0s
[59/3000] seed 100058 s=4.707106907 pen=7.0e-11 moves=1.70e+07 7.7s
[60/3000] seed 100059 s=4.707109973 pen=8.4e-11 moves=1.70e+07 7.2s
[61/3000] seed 100060 s=4.728583071 pen=0.0e+00 moves=1.70e+07 6.8s
[62/3000] seed 100063 s=5.000067562 pen=0.0e+00 moves=1.70e+07 6.9s
[63/3000] seed 100061 s=5.000002710 pen=0.0e+00 moves=1.70e+07 7.1s
[64/3000] seed 100065 s=4.891882970 pen=0.0e+00 moves=1.70e+07 7.0s
[65/3000] seed 100062 s=5.000115399 pen=0.0e+00 moves=1.70e+07 7.7s
[66/3000] seed 100067 s=4.880056930 pen=0.0e+00 moves=1.70e+07 7.0s
[67/3000] seed 100064 s=4.707123023 pen=0.0e+00 moves=1.70e+07 7.3s
[68/3000] seed 100068 s=4.707108409 pen=7.0e-11 moves=1.70e+07 6.9s
[69/3000] seed 100066 s=4.707107370 pen=0.0e+00 moves=1.70e+07 7.3s
[70/3000] seed 100069 s=4.753558604 pen=0.0e+00 moves=1.70e+07 6.8s
[71/3000] seed 100070 s=5.000103243 pen=0.0e+00 moves=1.70e+07 6.8s
[72/3000] seed 100071 s=5.000067943 pen=0.0e+00 moves=1.70e+07 6.8s
[73/3000] seed 100072 s=4.707108108 pen=0.0e+00 moves=1.70e+07 6.6s
[74/3000] seed 100073 s=4.767769603 pen=0.0e+00 moves=1.70e+07 6.4s
[75/3000] seed 100074 s=5.000058406 pen=0.0e+00 moves=1.70e+07 6.5s
[76/3000] seed 100076 s=4.858221033 pen=0.0e+00 moves=1.70e+07 6.3s
[77/3000] seed 100075 s=4.707107350 pen=0.0e+00 moves=1.70e+07 6.4s
[78/3000] seed 100077 s=5.000151270 pen=0.0e+00 moves=1.70e+07 6.5s
[79/3000] seed 100080 s=4.707107992 pen=0.0e+00 moves=1.70e+07 6.3s
[80/3000] seed 100078 s=5.000176066 pen=0.0e+00 moves=1.70e+07 6.5s
[81/3000] seed 100079 s=5.000105891 pen=0.0e+00 moves=1.70e+07 7.0s
[82/3000] seed 100081 s=5.000069266 pen=0.0e+00 moves=1.70e+07 7.0s
[83/3000] seed 100083 s=4.870831811 pen=0.0e+00 moves=1.70e+07 6.3s
[84/3000] seed 100082 s=4.707111033 pen=0.0e+00 moves=1.70e+07 6.6s
[85/3000] seed 100084 s=4.677703047 pen=0.0e+00 moves=1.70e+07 6.7s *best saved n17_s4.677703047_seed100084.json
[86/3000] seed 100086 s=4.707107764 pen=0.0e+00 moves=1.70e+07 6.6s
[87/3000] seed 100085 s=5.000147073 pen=0.0e+00 moves=1.70e+07 6.9s
[88/3000] seed 100088 s=5.000112729 pen=0.0e+00 moves=1.70e+07 6.5s
[89/3000] seed 100087 s=5.000094046 pen=0.0e+00 moves=1.70e+07 7.0s
[90/3000] seed 100089 s=4.708692009 pen=0.0e+00 moves=1.70e+07 6.7s
[91/3000] seed 100091 s=5.000221877 pen=0.0e+00 moves=1.70e+07 6.8s
[92/3000] seed 100090 s=4.707113846 pen=0.0e+00 moves=1.70e+07 7.1s
[93/3000] seed 100095 s=4.907789639 pen=0.0e+00 moves=1.70e+07 6.3s
[94/3000] seed 100094 s=4.707107837 pen=0.0e+00 moves=1.70e+07 6.5s
[95/3000] seed 100092 s=4.707107399 pen=0.0e+00 moves=1.70e+07 6.8s
[96/3000] seed 100093 s=5.000100149 pen=0.0e+00 moves=1.70e+07 6.9s
[97/3000] seed 100096 s=4.828427453 pen=0.0e+00 moves=1.70e+07 6.0s
[98/3000] seed 100098 s=5.000242070 pen=0.0e+00 moves=1.70e+07 6.5s
[99/3000] seed 100097 s=5.000156991 pen=0.0e+00 moves=1.70e+07 6.6s
[100/3000] seed 100099 s=5.000000708 pen=0.0e+00 moves=1.70e+07 6.4s
[101/3000] seed 100101 s=4.707113177 pen=0.0e+00 moves=1.70e+07 6.0s
[102/3000] seed 100100 s=4.707112255 pen=0.0e+00 moves=1.70e+07 6.2s
[103/3000] seed 100103 s=4.969475504 pen=0.0e+00 moves=1.70e+07 5.8s
[104/3000] seed 100102 s=5.000052846 pen=0.0e+00 moves=1.70e+07 6.1s
[105/3000] seed 100104 s=4.721897340 pen=0.0e+00 moves=1.70e+07 6.0s
[106/3000] seed 100107 s=4.728581947 pen=7.9e-11 moves=1.70e+07 5.9s
[107/3000] seed 100106 s=5.000013010 pen=0.0e+00 moves=1.70e+07 6.3s
[108/3000] seed 100105 s=4.707107482 pen=0.0e+00 moves=1.70e+07 6.9s
[109/3000] seed 100108 s=5.000220700 pen=0.0e+00 moves=1.70e+07 6.4s
[110/3000] seed 100109 s=4.822876985 pen=0.0e+00 moves=1.70e+07 5.9s
[111/3000] seed 100110 s=5.000150270 pen=0.0e+00 moves=1.70e+07 6.2s
[112/3000] seed 100111 s=5.000116391 pen=0.0e+00 moves=1.70e+07 6.1s
[113/3000] seed 100113 s=5.000107780 pen=0.0e+00 moves=1.70e+07 6.4s
[114/3000] seed 100112 s=5.000168869 pen=0.0e+00 moves=1.70e+07 6.6s
[115/3000] seed 100114 s=5.000119595 pen=0.0e+00 moves=1.70e+07 6.7s
[116/3000] seed 100115 s=5.000116938 pen=0.0e+00 moves=1.70e+07 6.6s
[117/3000] seed 100116 s=5.000102831 pen=0.0e+00 moves=1.70e+07 6.3s
[118/3000] seed 100118 s=4.707107623 pen=0.0e+00 moves=1.70e+07 6.2s
[119/3000] seed 100117 s=4.707111587 pen=0.0e+00 moves=1.70e+07 6.4s
[120/3000] seed 100119 s=5.000089485 pen=0.0e+00 moves=1.70e+07 6.5s
[121/3000] seed 100121 s=4.822883842 pen=0.0e+00 moves=1.70e+07 6.0s
[122/3000] seed 100120 s=4.825467972 pen=0.0e+00 moves=1.70e+07 6.5s
[123/3000] seed 100123 s=4.767769625 pen=0.0e+00 moves=1.70e+07 6.0s
[124/3000] seed 100122 s=4.771239972 pen=0.0e+00 moves=1.70e+07 6.2s
[125/3000] seed 100124 s=5.000177220 pen=0.0e+00 moves=1.70e+07 6.4s
[126/3000] seed 100126 s=4.707107083 pen=0.0e+00 moves=1.70e+07 6.3s
[127/3000] seed 100125 s=4.707107458 pen=0.0e+00 moves=1.70e+07 6.8s
[128/3000] seed 100128 s=4.707107523 pen=0.0e+00 moves=1.70e+07 6.5s
[129/3000] seed 100127 s=4.713514615 pen=0.0e+00 moves=1.70e+07 6.6s
[130/3000] seed 100130 s=5.000114266 pen=0.0e+00 moves=1.70e+07 6.3s
[131/3000] seed 100129 s=5.000119722 pen=0.0e+00 moves=1.70e+07 6.9s
[132/3000] seed 100131 s=4.707107159 pen=0.0e+00 moves=1.70e+07 6.7s
[133/3000] seed 100132 s=5.000000040 pen=0.0e+00 moves=1.70e+07 6.4s
[134/3000] seed 100133 s=5.000185224 pen=0.0e+00 moves=1.70e+07 6.0s
[135/3000] seed 100134 s=5.000011103 pen=0.0e+00 moves=1.70e+07 6.0s
[136/3000] seed 100135 s=5.000076501 pen=0.0e+00 moves=1.70e+07 6.6s
[137/3000] seed 100137 s=5.000138299 pen=4.3e-11 moves=1.70e+07 6.5s
[138/3000] seed 100136 s=5.000062518 pen=0.0e+00 moves=1.70e+07 6.9s
[139/3000] seed 100140 s=5.000093624 pen=0.0e+00 moves=1.70e+07 6.4s
[140/3000] seed 100138 s=4.707108887 pen=0.0e+00 moves=1.70e+07 6.5s
[141/3000] seed 100142 s=4.767768261 pen=0.0e+00 moves=1.70e+07 5.9s
[142/3000] seed 100139 s=5.000144835 pen=0.0e+00 moves=1.70e+07 6.6s
[143/3000] seed 100141 s=5.000000340 pen=0.0e+00 moves=1.70e+07 6.6s
[144/3000] seed 100143 s=4.921797111 pen=0.0e+00 moves=1.70e+07 6.2s
[145/3000] seed 100144 s=5.000228720 pen=0.0e+00 moves=1.70e+07 6.3s
[146/3000] seed 100145 s=4.707120623 pen=0.0e+00 moves=1.70e+07 6.3s
[147/3000] seed 100146 s=5.000198192 pen=0.0e+00 moves=1.70e+07 6.6s
[148/3000] seed 100147 s=5.000087780 pen=0.0e+00 moves=1.70e+07 6.5s
[149/3000] seed 100149 s=4.858218368 pen=0.0e+00 moves=1.70e+07 6.0s
[150/3000] seed 100148 s=4.828433895 pen=0.0e+00 moves=1.70e+07 6.2s
[151/3000] seed 100151 s=4.767786770 pen=0.0e+00 moves=1.70e+07 6.1s
[152/3000] seed 100152 s=4.795486259 pen=0.0e+00 moves=1.70e+07 6.0s
[153/3000] seed 100153 s=5.000290142 pen=0.0e+00 moves=1.70e+07 6.6s
[154/3000] seed 100150 s=5.000123817 pen=0.0e+00 moves=1.70e+07 6.9s
[155/3000] seed 100154 s=5.000141366 pen=0.0e+00 moves=1.70e+07 6.8s
[156/3000] seed 100155 s=4.707107175 pen=0.0e+00 moves=1.70e+07 6.9s
[157/3000] seed 100156 s=4.767770274 pen=0.0e+00 moves=1.70e+07 6.5s
[158/3000] seed 100159 s=5.000113505 pen=0.0e+00 moves=1.70e+07 6.1s
[159/3000] seed 100158 s=4.707108777 pen=0.0e+00 moves=1.70e+07 6.8s
[160/3000] seed 100160 s=4.728591214 pen=0.0e+00 moves=1.70e+07 6.2s
[161/3000] seed 100162 s=5.000168438 pen=0.0e+00 moves=1.70e+07 6.5s
[162/3000] seed 100161 s=5.000136013 pen=0.0e+00 moves=1.70e+07 6.6s
[163/3000] seed 100163 s=5.000081676 pen=0.0e+00 moves=1.70e+07 6.7s
[164/3000] seed 100165 s=5.000090233 pen=0.0e+00 moves=1.70e+07 6.1s
[165/3000] seed 100157 s=4.707112433 pen=0.0e+00 moves=1.70e+07 8.5s
[166/3000] seed 100164 s=5.000140209 pen=0.0e+00 moves=1.70e+07 6.6s
[167/3000] seed 100166 s=4.707113171 pen=0.0e+00 moves=1.70e+07 6.6s
[168/3000] seed 100167 s=4.707111377 pen=0.0e+00 moves=1.70e+07 8.5s
[169/3000] seed 100168 s=4.765682548 pen=0.0e+00 moves=1.70e+07 7.1s
[170/3000] seed 100170 s=5.000007506 pen=0.0e+00 moves=1.70e+07 6.8s
[171/3000] seed 100169 s=5.000091976 pen=0.0e+00 moves=1.70e+07 7.8s
[172/3000] seed 100174 s=4.795494026 pen=0.0e+00 moves=1.70e+07 7.0s
[173/3000] seed 100171 s=4.767769399 pen=0.0e+00 moves=1.70e+07 7.7s
[174/3000] seed 100173 s=5.000090234 pen=0.0e+00 moves=1.70e+07 7.9s
[175/3000] seed 100172 s=5.000130887 pen=0.0e+00 moves=1.70e+07 8.4s
[176/3000] seed 100175 s=5.000194379 pen=0.0e+00 moves=1.70e+07 8.1s
[177/3000] seed 100176 s=5.000172640 pen=0.0e+00 moves=1.70e+07 8.1s
[178/3000] seed 100177 s=5.000091771 pen=0.0e+00 moves=1.70e+07 8.1s
[179/3000] seed 100178 s=5.000183457 pen=0.0e+00 moves=1.70e+07 8.2s
[180/3000] seed 100179 s=5.000169583 pen=0.0e+00 moves=1.70e+07 9.1s
[181/3000] seed 100180 s=4.767771500 pen=0.0e+00 moves=1.70e+07 8.4s
[182/3000] seed 100181 s=4.707107798 pen=0.0e+00 moves=1.70e+07 8.7s
[183/3000] seed 100182 s=5.000011354 pen=0.0e+00 moves=1.70e+07 7.8s
[184/3000] seed 100184 s=4.822877714 pen=0.0e+00 moves=1.70e+07 7.6s
[185/3000] seed 100183 s=4.707108304 pen=0.0e+00 moves=1.70e+07 8.1s
[186/3000] seed 100185 s=4.889108515 pen=0.0e+00 moves=1.70e+07 7.4s
[187/3000] seed 100188 s=4.765968377 pen=0.0e+00 moves=1.70e+07 7.4s
[188/3000] seed 100187 s=4.945869949 pen=0.0e+00 moves=1.70e+07 7.8s
[189/3000] seed 100186 s=5.000149389 pen=0.0e+00 moves=1.70e+07 8.0s
[190/3000] seed 100189 s=5.000163488 pen=0.0e+00 moves=1.70e+07 7.8s
[191/3000] seed 100190 s=4.793408150 pen=0.0e+00 moves=1.70e+07 7.6s
[192/3000] seed 100192 s=4.795486674 pen=0.0e+00 moves=1.70e+07 6.6s
[193/3000] seed 100191 s=5.000218796 pen=0.0e+00 moves=1.70e+07 7.2s
[194/3000] seed 100194 s=5.000125710 pen=0.0e+00 moves=1.70e+07 7.0s
[195/3000] seed 100193 s=5.000051921 pen=0.0e+00 moves=1.70e+07 7.7s
[196/3000] seed 100195 s=4.727674397 pen=0.0e+00 moves=1.70e+07 7.5s
[197/3000] seed 100197 s=4.740502646 pen=0.0e+00 moves=1.70e+07 7.2s
[198/3000] seed 100196 s=4.768122007 pen=0.0e+00 moves=1.70e+07 7.4s
[199/3000] seed 100199 s=4.767771785 pen=0.0e+00 moves=1.70e+07 6.8s
[200/3000] seed 100198 s=4.707114572 pen=0.0e+00 moves=1.70e+07 7.4s
[201/3000] seed 100200 s=5.000148983 pen=0.0e+00 moves=1.70e+07 7.4s
[202/3000] seed 100201 s=4.728586389 pen=0.0e+00 moves=1.70e+07 7.2s
[203/3000] seed 100202 s=4.707107927 pen=0.0e+00 moves=1.70e+07 7.6s
[204/3000] seed 100204 s=4.707136257 pen=0.0e+00 moves=1.70e+07 7.5s
[205/3000] seed 100203 s=5.000193235 pen=0.0e+00 moves=1.70e+07 7.6s
[206/3000] seed 100205 s=5.000116997 pen=0.0e+00 moves=1.70e+07 7.7s
[207/3000] seed 100206 s=5.000006525 pen=0.0e+00 moves=1.70e+07 7.4s
[208/3000] seed 100207 s=4.707112319 pen=0.0e+00 moves=1.70e+07 7.5s
[209/3000] seed 100208 s=4.707107004 pen=0.0e+00 moves=1.70e+07 7.5s
[210/3000] seed 100209 s=4.707124619 pen=3.9e-11 moves=1.70e+07 7.6s
[211/3000] seed 100210 s=5.000139661 pen=0.0e+00 moves=1.70e+07 7.3s
[212/3000] seed 100211 s=5.000119238 pen=0.0e+00 moves=1.70e+07 7.7s
[213/3000] seed 100213 s=4.728586912 pen=0.0e+00 moves=1.70e+07 7.3s
[214/3000] seed 100212 s=5.000108195 pen=0.0e+00 moves=1.70e+07 8.0s
[215/3000] seed 100214 s=5.000168453 pen=0.0e+00 moves=1.70e+07 8.0s
[216/3000] seed 100216 s=5.000026744 pen=0.0e+00 moves=1.70e+07 6.8s
[217/3000] seed 100215 s=4.707107259 pen=0.0e+00 moves=1.70e+07 7.2s
[218/3000] seed 100217 s=4.822880935 pen=0.0e+00 moves=1.70e+07 7.1s
[219/3000] seed 100218 s=4.767778233 pen=0.0e+00 moves=1.70e+07 6.9s
[220/3000] seed 100219 s=5.000055735 pen=0.0e+00 moves=1.70e+07 7.1s
[221/3000] seed 100220 s=5.000151268 pen=0.0e+00 moves=1.70e+07 7.1s
[222/3000] seed 100221 s=4.707118674 pen=0.0e+00 moves=1.70e+07 7.1s
[223/3000] seed 100222 s=5.000000422 pen=0.0e+00 moves=1.70e+07 7.1s
[224/3000] seed 100223 s=4.707117815 pen=0.0e+00 moves=1.70e+07 7.1s
[225/3000] seed 100224 s=5.000235210 pen=0.0e+00 moves=1.70e+07 7.0s
[226/3000] seed 100225 s=5.000127648 pen=0.0e+00 moves=1.70e+07 7.2s
[227/3000] seed 100226 s=4.707109023 pen=0.0e+00 moves=1.70e+07 7.1s
[228/3000] seed 100227 s=4.822878402 pen=0.0e+00 moves=1.70e+07 6.2s
[229/3000] seed 100228 s=4.767769235 pen=0.0e+00 moves=1.70e+07 6.1s
[230/3000] seed 100229 s=5.000105120 pen=0.0e+00 moves=1.70e+07 5.9s
[231/3000] seed 100230 s=5.000003855 pen=0.0e+00 moves=1.70e+07 6.6s
[232/3000] seed 100231 s=5.000185602 pen=0.0e+00 moves=1.70e+07 6.4s
[233/3000] seed 100234 s=4.707107021 pen=0.0e+00 moves=1.70e+07 6.2s
[234/3000] seed 100233 s=4.707108293 pen=0.0e+00 moves=1.70e+07 6.3s
[235/3000] seed 100232 s=4.707107271 pen=0.0e+00 moves=1.70e+07 6.9s
[236/3000] seed 100235 s=4.707115148 pen=6.7e-11 moves=1.70e+07 6.2s
[237/3000] seed 100236 s=5.000145563 pen=0.0e+00 moves=1.70e+07 6.4s
[238/3000] seed 100237 s=5.000102820 pen=0.0e+00 moves=1.70e+07 6.5s
[239/3000] seed 100238 s=4.707109911 pen=0.0e+00 moves=1.70e+07 6.7s
[240/3000] seed 100239 s=4.771191634 pen=0.0e+00 moves=1.70e+07 7.2s
[241/3000] seed 100240 s=5.000183609 pen=0.0e+00 moves=1.70e+07 7.1s
[242/3000] seed 100242 s=4.833357182 pen=0.0e+00 moves=1.70e+07 6.4s
[243/3000] seed 100241 s=4.707107038 pen=0.0e+00 moves=1.70e+07 7.3s
[244/3000] seed 100243 s=5.000124187 pen=0.0e+00 moves=1.70e+07 7.3s
[245/3000] seed 100244 s=5.000243599 pen=0.0e+00 moves=1.70e+07 7.4s
[246/3000] seed 100246 s=5.000110409 pen=0.0e+00 moves=1.70e+07 7.2s
[247/3000] seed 100247 s=4.728599681 pen=0.0e+00 moves=1.70e+07 7.2s
[248/3000] seed 100245 s=4.707107984 pen=0.0e+00 moves=1.70e+07 7.6s
[249/3000] seed 100248 s=4.728649339 pen=0.0e+00 moves=1.70e+07 7.1s
[250/3000] seed 100249 s=4.828428775 pen=0.0e+00 moves=1.70e+07 6.5s
[251/3000] seed 100250 s=5.000140214 pen=0.0e+00 moves=1.70e+07 7.0s
[252/3000] seed 100252 s=4.767782345 pen=0.0e+00 moves=1.70e+07 6.5s
[253/3000] seed 100251 s=4.707109350 pen=0.0e+00 moves=1.70e+07 6.8s
[254/3000] seed 100254 s=5.003044402 pen=0.0e+00 moves=1.70e+07 6.7s
[255/3000] seed 100253 s=4.707228138 pen=0.0e+00 moves=1.70e+07 7.1s
[256/3000] seed 100255 s=4.768081191 pen=0.0e+00 moves=1.70e+07 6.6s
[257/3000] seed 100259 s=5.000011484 pen=0.0e+00 moves=1.70e+07 6.1s
[258/3000] seed 100257 s=4.822884255 pen=0.0e+00 moves=1.70e+07 6.4s
[259/3000] seed 100256 s=4.711805804 pen=0.0e+00 moves=1.70e+07 6.9s
[260/3000] seed 100258 s=4.707108528 pen=0.0e+00 moves=1.70e+07 7.1s
[261/3000] seed 100260 s=5.000162716 pen=0.0e+00 moves=1.70e+07 7.0s
[262/3000] seed 100261 s=4.707107117 pen=0.0e+00 moves=1.70e+07 7.0s
[263/3000] seed 100262 s=5.000000422 pen=0.0e+00 moves=1.70e+07 6.9s
[264/3000] seed 100263 s=4.828437960 pen=0.0e+00 moves=1.70e+07 7.1s
[265/3000] seed 100264 s=4.679017239 pen=0.0e+00 moves=1.70e+07 7.3s saved n17_s4.679017239_seed100264.json
[266/3000] seed 100265 s=4.707107346 pen=0.0e+00 moves=1.70e+07 7.7s
[267/3000] seed 100266 s=4.707112493 pen=0.0e+00 moves=1.70e+07 7.5s
[268/3000] seed 100267 s=4.822883922 pen=0.0e+00 moves=1.70e+07 7.3s
[269/3000] seed 100268 s=5.000157385 pen=0.0e+00 moves=1.70e+07 7.9s
[270/3000] seed 100269 s=4.707116522 pen=0.0e+00 moves=1.70e+07 7.8s
[271/3000] seed 100270 s=4.707107562 pen=0.0e+00 moves=1.70e+07 7.9s
[272/3000] seed 100271 s=4.707111126 pen=0.0e+00 moves=1.70e+07 8.1s
[273/3000] seed 100273 s=4.822883784 pen=0.0e+00 moves=1.70e+07 7.4s
[274/3000] seed 100272 s=4.822885997 pen=0.0e+00 moves=1.70e+07 7.8s
[275/3000] seed 100274 s=5.000075725 pen=0.0e+00 moves=1.70e+07 8.2s
[276/3000] seed 100275 s=5.000141363 pen=0.0e+00 moves=1.70e+07 8.5s
[277/3000] seed 100276 s=5.000231003 pen=0.0e+00 moves=1.70e+07 8.5s
[278/3000] seed 100277 s=4.958949152 pen=0.0e+00 moves=1.70e+07 7.8s
[279/3000] seed 100279 s=4.806736735 pen=0.0e+00 moves=1.70e+07 7.6s
[280/3000] seed 100278 s=5.000144786 pen=0.0e+00 moves=1.70e+07 8.3s
[281/3000] seed 100281 s=4.966214086 pen=0.0e+00 moves=1.70e+07 7.5s
[282/3000] seed 100280 s=5.000165003 pen=0.0e+00 moves=1.70e+07 8.7s
[283/3000] seed 100282 s=5.000127996 pen=0.0e+00 moves=1.70e+07 8.4s
[284/3000] seed 100283 s=4.897231295 pen=0.0e+00 moves=1.70e+07 8.0s
[285/3000] seed 100284 s=5.000110791 pen=0.0e+00 moves=1.70e+07 8.2s
[286/3000] seed 100285 s=4.707107122 pen=6.9e-11 moves=1.70e+07 8.5s
[287/3000] seed 100286 s=5.000133558 pen=0.0e+00 moves=1.70e+07 8.1s
[288/3000] seed 100288 s=5.000110073 pen=0.0e+00 moves=1.70e+07 8.2s
[289/3000] seed 100287 s=4.677660382 pen=0.0e+00 moves=1.70e+07 8.8s *best saved n17_s4.677660382_seed100287.json
[290/3000] seed 100289 s=5.000095791 pen=0.0e+00 moves=1.70e+07 8.6s
[291/3000] seed 100291 s=5.000139837 pen=0.0e+00 moves=1.70e+07 8.9s
[292/3000] seed 100290 s=5.000173789 pen=0.0e+00 moves=1.70e+07 9.0s
[293/3000] seed 100292 s=5.000075573 pen=0.0e+00 moves=1.70e+07 8.6s
[294/3000] seed 100293 s=5.000004789 pen=0.0e+00 moves=1.70e+07 7.9s
[295/3000] seed 100294 s=4.767769201 pen=0.0e+00 moves=1.70e+07 8.0s
[296/3000] seed 100296 s=4.767770133 pen=0.0e+00 moves=1.70e+07 8.0s
[297/3000] seed 100295 s=4.722119707 pen=0.0e+00 moves=1.70e+07 8.2s
[298/3000] seed 100297 s=5.000000040 pen=0.0e+00 moves=1.70e+07 8.1s
[299/3000] seed 100298 s=4.707106978 pen=0.0e+00 moves=1.70e+07 8.1s
[300/3000] seed 100300 s=5.000133721 pen=0.0e+00 moves=1.70e+07 8.0s
[301/3000] seed 100299 s=5.000191709 pen=0.0e+00 moves=1.70e+07 8.4s
[302/3000] seed 100301 s=4.822877993 pen=0.0e+00 moves=1.70e+07 7.1s
[303/3000] seed 100303 s=5.000038951 pen=0.0e+00 moves=1.70e+07 7.5s
[304/3000] seed 100302 s=5.000106091 pen=0.0e+00 moves=1.70e+07 7.8s
[305/3000] seed 100304 s=4.707128610 pen=0.0e+00 moves=1.70e+07 8.2s
[306/3000] seed 100305 s=5.000091374 pen=0.0e+00 moves=1.70e+07 7.8s
[307/3000] seed 100306 s=4.707106815 pen=0.0e+00 moves=1.70e+07 8.1s
[308/3000] seed 100307 s=5.000170728 pen=0.0e+00 moves=1.70e+07 8.0s
[309/3000] seed 100308 s=5.000127243 pen=0.0e+00 moves=1.70e+07 8.2s
[310/3000] seed 100309 s=5.000089504 pen=0.0e+00 moves=1.70e+07 8.4s
[311/3000] seed 100310 s=5.000081079 pen=0.0e+00 moves=1.70e+07 8.8s
[312/3000] seed 100312 s=5.000000040 pen=0.0e+00 moves=1.70e+07 7.7s
[313/3000] seed 100311 s=5.000079432 pen=0.0e+00 moves=1.70e+07 7.8s
[314/3000] seed 100314 s=4.707112092 pen=0.0e+00 moves=1.70e+07 7.5s
[315/3000] seed 100315 s=5.000033775 pen=0.0e+00 moves=1.70e+07 7.4s
[316/3000] seed 100313 s=4.707107171 pen=0.0e+00 moves=1.70e+07 8.9s
[317/3000] seed 100317 s=4.767768139 pen=0.0e+00 moves=1.70e+07 7.3s
[318/3000] seed 100318 s=5.000001948 pen=0.0e+00 moves=1.70e+07 7.4s
[319/3000] seed 100316 s=4.707107673 pen=0.0e+00 moves=1.70e+07 8.0s
[320/3000] seed 100319 s=4.728659230 pen=0.0e+00 moves=1.70e+07 7.9s
[321/3000] seed 100321 s=4.767771587 pen=0.0e+00 moves=1.70e+07 7.2s
[322/3000] seed 100320 s=4.707114485 pen=0.0e+00 moves=1.70e+07 8.1s
[323/3000] seed 100322 s=5.000042918 pen=0.0e+00 moves=1.70e+07 7.9s
[324/3000] seed 100324 s=4.791681694 pen=0.0e+00 moves=1.70e+07 7.0s
[325/3000] seed 100323 s=5.000115031 pen=0.0e+00 moves=1.70e+07 8.0s
[326/3000] seed 100326 s=5.000001346 pen=0.0e+00 moves=1.70e+07 7.1s
[327/3000] seed 100325 s=4.728595369 pen=0.0e+00 moves=1.70e+07 7.8s
[328/3000] seed 100327 s=4.828432682 pen=0.0e+00 moves=1.70e+07 7.8s
[329/3000] seed 100328 s=5.000190947 pen=0.0e+00 moves=1.70e+07 7.6s
[330/3000] seed 100329 s=4.707108897 pen=0.0e+00 moves=1.70e+07 7.3s
[331/3000] seed 100330 s=4.792659273 pen=0.0e+00 moves=1.70e+07 7.4s
[332/3000] seed 100331 s=5.000005381 pen=0.0e+00 moves=1.70e+07 7.5s
[333/3000] seed 100332 s=5.000022144 pen=0.0e+00 moves=1.70e+07 7.5s
[334/3000] seed 100333 s=4.767781931 pen=0.0e+00 moves=1.70e+07 7.4s
[335/3000] seed 100334 s=5.000076498 pen=0.0e+00 moves=1.70e+07 7.3s
[336/3000] seed 100335 s=4.707110493 pen=0.0e+00 moves=1.70e+07 7.2s
[337/3000] seed 100337 s=5.000000422 pen=0.0e+00 moves=1.70e+07 6.5s
[338/3000] seed 100336 s=5.000104535 pen=0.0e+00 moves=1.70e+07 7.7s
[339/3000] seed 100338 s=5.000036403 pen=0.0e+00 moves=1.70e+07 6.8s
[340/3000] seed 100339 s=4.767768900 pen=0.0e+00 moves=1.70e+07 6.9s
[341/3000] seed 100340 s=4.821302609 pen=0.0e+00 moves=1.70e+07 6.5s
[342/3000] seed 100341 s=4.707225555 pen=0.0e+00 moves=1.70e+07 7.6s
[343/3000] seed 100342 s=5.000149755 pen=0.0e+00 moves=1.70e+07 7.5s
[344/3000] seed 100343 s=4.830232681 pen=0.0e+00 moves=1.70e+07 7.1s
[345/3000] seed 100345 s=4.767775121 pen=0.0e+00 moves=1.70e+07 6.9s
[346/3000] seed 100344 s=4.707110664 pen=0.0e+00 moves=1.70e+07 7.3s
[347/3000] seed 100346 s=4.767770230 pen=0.0e+00 moves=1.70e+07 6.4s
[348/3000] seed 100347 s=4.950475710 pen=0.0e+00 moves=1.70e+07 6.5s
[349/3000] seed 100348 s=4.707110862 pen=7.4e-11 moves=1.70e+07 7.2s
[350/3000] seed 100349 s=4.728604400 pen=0.0e+00 moves=1.70e+07 6.9s
[351/3000] seed 100350 s=4.707107956 pen=0.0e+00 moves=1.70e+07 7.3s
[352/3000] seed 100351 s=5.000007288 pen=0.0e+00 moves=1.70e+07 7.2s
[353/3000] seed 100352 s=5.000019315 pen=0.0e+00 moves=1.70e+07 7.6s
[354/3000] seed 100354 s=5.000139454 pen=0.0e+00 moves=1.70e+07 7.3s
[355/3000] seed 100353 s=4.707109520 pen=0.0e+00 moves=1.70e+07 7.6s
[356/3000] seed 100356 s=4.707110721 pen=0.0e+00 moves=1.70e+07 7.3s
[357/3000] seed 100357 s=4.770771703 pen=0.0e+00 moves=1.70e+07 7.2s
[358/3000] seed 100355 s=4.707107393 pen=0.0e+00 moves=1.70e+07 7.6s
[359/3000] seed 100358 s=5.000136775 pen=0.0e+00 moves=1.70e+07 7.6s
[360/3000] seed 100359 s=4.707107576 pen=0.0e+00 moves=1.70e+07 7.2s
[361/3000] seed 100360 s=4.707111655 pen=0.0e+00 moves=1.70e+07 7.2s
[362/3000] seed 100362 s=4.732269474 pen=0.0e+00 moves=1.70e+07 6.7s
[363/3000] seed 100361 s=5.000176836 pen=0.0e+00 moves=1.70e+07 7.2s
[364/3000] seed 100363 s=4.822881908 pen=0.0e+00 moves=1.70e+07 6.7s
[365/3000] seed 100364 s=5.000000422 pen=0.0e+00 moves=1.70e+07 7.2s
[366/3000] seed 100366 s=4.693220258 pen=0.0e+00 moves=1.70e+07 6.7s
[367/3000] seed 100367 s=4.822878648 pen=0.0e+00 moves=1.70e+07 6.3s
[368/3000] seed 100365 s=4.707110071 pen=0.0e+00 moves=1.70e+07 7.4s
[369/3000] seed 100368 s=4.707112173 pen=0.0e+00 moves=1.70e+07 6.6s
[370/3000] seed 100369 s=5.000142196 pen=0.0e+00 moves=1.70e+07 7.0s
[371/3000] seed 100370 s=4.895938093 pen=0.0e+00 moves=1.70e+07 6.5s
[372/3000] seed 100371 s=5.000089500 pen=0.0e+00 moves=1.70e+07 6.8s
[373/3000] seed 100372 s=4.767769970 pen=0.0e+00 moves=1.70e+07 6.9s
[374/3000] seed 100373 s=5.000041362 pen=0.0e+00 moves=1.70e+07 6.8s
[375/3000] seed 100375 s=4.693494051 pen=0.0e+00 moves=1.70e+07 6.8s
[376/3000] seed 100374 s=4.707111219 pen=0.0e+00 moves=1.70e+07 7.5s
[377/3000] seed 100376 s=5.000108940 pen=0.0e+00 moves=1.70e+07 7.4s
[378/3000] seed 100377 s=5.000131433 pen=0.0e+00 moves=1.70e+07 7.5s
[379/3000] seed 100378 s=4.728584750 pen=0.0e+00 moves=1.70e+07 7.6s
[380/3000] seed 100379 s=4.728582484 pen=0.0e+00 moves=1.70e+07 7.4s
[381/3000] seed 100380 s=4.707109833 pen=0.0e+00 moves=1.70e+07 7.6s
[382/3000] seed 100381 s=5.000126091 pen=0.0e+00 moves=1.70e+07 7.3s
[383/3000] seed 100382 s=5.000080698 pen=0.0e+00 moves=1.70e+07 7.4s
[384/3000] seed 100383 s=4.828428410 pen=0.0e+00 moves=1.70e+07 7.1s
[385/3000] seed 100384 s=4.785236425 pen=0.0e+00 moves=1.70e+07 7.3s
[386/3000] seed 100386 s=4.767767099 pen=0.0e+00 moves=1.70e+07 7.3s
[387/3000] seed 100385 s=4.707110268 pen=0.0e+00 moves=1.70e+07 7.8s
[388/3000] seed 100387 s=5.000152471 pen=0.0e+00 moves=1.70e+07 7.4s
[389/3000] seed 100388 s=5.000066158 pen=0.0e+00 moves=1.70e+07 7.4s
[390/3000] seed 100390 s=5.000006144 pen=0.0e+00 moves=1.70e+07 7.4s
[391/3000] seed 100389 s=5.000143476 pen=0.0e+00 moves=1.70e+07 7.7s
[392/3000] seed 100391 s=4.707109391 pen=0.0e+00 moves=1.70e+07 7.8s
[393/3000] seed 100392 s=5.000123258 pen=0.0e+00 moves=1.70e+07 7.8s
[394/3000] seed 100393 s=5.000160426 pen=0.0e+00 moves=1.70e+07 7.5s
[395/3000] seed 100394 s=4.707188610 pen=0.0e+00 moves=1.70e+07 7.2s
[396/3000] seed 100395 s=4.767768869 pen=0.0e+00 moves=1.70e+07 6.9s
[397/3000] seed 100396 s=5.000063747 pen=0.0e+00 moves=1.70e+07 6.9s
[398/3000] seed 100397 s=4.879464302 pen=0.0e+00 moves=1.70e+07 6.8s
[399/3000] seed 100399 s=5.000026744 pen=0.0e+00 moves=1.70e+07 6.5s
[400/3000] seed 100398 s=5.000178357 pen=0.0e+00 moves=1.70e+07 7.1s
[401/3000] seed 100400 s=4.728595951 pen=0.0e+00 moves=1.70e+07 7.1s
[402/3000] seed 100402 s=4.707107293 pen=0.0e+00 moves=1.70e+07 6.8s
[403/3000] seed 100405 s=4.894441215 pen=0.0e+00 moves=1.70e+07 6.5s
[404/3000] seed 100401 s=4.707108589 pen=0.0e+00 moves=1.70e+07 7.4s
[405/3000] seed 100403 s=5.000111595 pen=0.0e+00 moves=1.70e+07 6.8s
[406/3000] seed 100404 s=4.707109627 pen=0.0e+00 moves=1.70e+07 7.1s
[407/3000] seed 100407 s=4.926694020 pen=0.0e+00 moves=1.70e+07 6.7s
[408/3000] seed 100406 s=4.731601524 pen=0.0e+00 moves=1.70e+07 7.5s
[409/3000] seed 100409 s=4.707111080 pen=0.0e+00 moves=1.70e+07 6.9s
[410/3000] seed 100408 s=5.000013392 pen=0.0e+00 moves=1.70e+07 7.6s
[411/3000] seed 100410 s=5.000000040 pen=0.0e+00 moves=1.70e+07 7.1s
[412/3000] seed 100411 s=5.000093121 pen=0.0e+00 moves=1.70e+07 7.1s
[413/3000] seed 100412 s=5.000111594 pen=0.0e+00 moves=1.70e+07 7.2s
[414/3000] seed 100413 s=4.767771392 pen=0.0e+00 moves=1.70e+07 6.6s
[415/3000] seed 100415 s=4.707108081 pen=0.0e+00 moves=1.70e+07 7.1s
[416/3000] seed 100414 s=4.728610508 pen=0.0e+00 moves=1.70e+07 7.1s
[417/3000] seed 100417 s=4.728591023 pen=0.0e+00 moves=1.70e+07 6.8s
[418/3000] seed 100416 s=4.707108722 pen=0.0e+00 moves=1.70e+07 7.5s
[419/3000] seed 100418 s=5.000167673 pen=0.0e+00 moves=1.70e+07 7.2s
[420/3000] seed 100419 s=5.000251985 pen=0.0e+00 moves=1.70e+07 7.5s
[421/3000] seed 100420 s=4.858303820 pen=0.0e+00 moves=1.70e+07 6.9s
[422/3000] seed 100421 s=4.728581550 pen=0.0e+00 moves=1.70e+07 7.1s
[423/3000] seed 100422 s=4.708698665 pen=0.0e+00 moves=1.70e+07 7.3s
[424/3000] seed 100423 s=4.707108074 pen=0.0e+00 moves=1.70e+07 7.4s
[425/3000] seed 100424 s=5.000104346 pen=0.0e+00 moves=1.70e+07 7.6s
[426/3000] seed 100425 s=4.828455232 pen=0.0e+00 moves=1.70e+07 7.1s
[427/3000] seed 100427 s=5.000120905 pen=0.0e+00 moves=1.70e+07 7.2s
[428/3000] seed 100428 s=5.000031322 pen=0.0e+00 moves=1.70e+07 7.1s
[429/3000] seed 100426 s=5.000100205 pen=0.0e+00 moves=1.70e+07 7.6s
[430/3000] seed 100429 s=5.000151651 pen=0.0e+00 moves=1.70e+07 7.5s
[431/3000] seed 100430 s=5.000129146 pen=0.0e+00 moves=1.70e+07 7.6s
[432/3000] seed 100431 s=5.000079182 pen=0.0e+00 moves=1.70e+07 7.3s
[433/3000] seed 100432 s=5.000000040 pen=0.0e+00 moves=1.70e+07 6.8s
[434/3000] seed 100433 s=4.707112885 pen=0.0e+00 moves=1.70e+07 6.9s
[435/3000] seed 100434 s=4.820599853 pen=0.0e+00 moves=1.70e+07 6.5s
[436/3000] seed 100435 s=4.707107152 pen=0.0e+00 moves=1.70e+07 6.6s
[437/3000] seed 100436 s=4.707108319 pen=0.0e+00 moves=1.70e+07 6.0s
[438/3000] seed 100437 s=5.000210018 pen=0.0e+00 moves=1.70e+07 6.1s
[439/3000] seed 100438 s=5.000163477 pen=0.0e+00 moves=1.70e+07 6.0s
[440/3000] seed 100440 s=4.708692493 pen=0.0e+00 moves=1.70e+07 5.7s
[441/3000] seed 100441 s=4.822876803 pen=0.0e+00 moves=1.70e+07 5.6s
[442/3000] seed 100439 s=4.732890636 pen=0.0e+00 moves=1.70e+07 6.2s
[443/3000] seed 100442 s=5.000157362 pen=0.0e+00 moves=1.70e+07 6.2s
[444/3000] seed 100443 s=4.707110143 pen=0.0e+00 moves=1.70e+07 6.2s
[445/3000] seed 100444 s=4.707113847 pen=0.0e+00 moves=1.70e+07 6.0s
[446/3000] seed 100446 s=4.728590252 pen=0.0e+00 moves=1.70e+07 5.7s
[447/3000] seed 100445 s=4.728589271 pen=0.0e+00 moves=1.70e+07 6.2s
[448/3000] seed 100447 s=5.000123050 pen=0.0e+00 moves=1.70e+07 6.1s
[449/3000] seed 100448 s=5.000154407 pen=0.0e+00 moves=1.70e+07 6.3s
[450/3000] seed 100449 s=5.000089514 pen=0.0e+00 moves=1.70e+07 6.6s
[451/3000] seed 100450 s=5.000103978 pen=0.0e+00 moves=1.70e+07 6.4s
[452/3000] seed 100453 s=4.795480973 pen=0.0e+00 moves=1.70e+07 6.0s
[453/3000] seed 100452 s=5.000171158 pen=0.0e+00 moves=1.70e+07 6.4s
[454/3000] seed 100451 s=4.707106907 pen=0.0e+00 moves=1.70e+07 7.1s
[455/3000] seed 100455 s=4.826939692 pen=0.0e+00 moves=1.70e+07 6.5s
[456/3000] seed 100454 s=4.755345921 pen=0.0e+00 moves=1.70e+07 6.9s
[457/3000] seed 100457 s=4.829245038 pen=0.0e+00 moves=1.70e+07 6.8s
[458/3000] seed 100458 s=4.822882235 pen=0.0e+00 moves=1.70e+07 6.3s
[459/3000] seed 100456 s=5.000211959 pen=0.0e+00 moves=1.70e+07 7.3s
[460/3000] seed 100459 s=4.755367784 pen=0.0e+00 moves=1.70e+07 7.0s
[461/3000] seed 100460 s=4.707116201 pen=0.0e+00 moves=1.70e+07 6.6s
[462/3000] seed 100461 s=5.000230239 pen=0.0e+00 moves=1.70e+07 7.0s
[463/3000] seed 100462 s=4.767770650 pen=0.0e+00 moves=1.70e+07 6.5s
[464/3000] seed 100463 s=5.000047010 pen=0.0e+00 moves=1.70e+07 6.7s
[465/3000] seed 100464 s=4.707108644 pen=0.0e+00 moves=1.70e+07 6.6s
[466/3000] seed 100465 s=5.000121147 pen=0.0e+00 moves=1.70e+07 6.9s
[467/3000] seed 100466 s=5.000087195 pen=0.0e+00 moves=1.70e+07 6.4s
[468/3000] seed 100467 s=4.707107511 pen=0.0e+00 moves=1.70e+07 6.7s
[469/3000] seed 100468 s=4.707108087 pen=0.0e+00 moves=1.70e+07 6.4s
[470/3000] seed 100469 s=4.707107848 pen=0.0e+00 moves=1.70e+07 6.5s
[471/3000] seed 100471 s=4.728621322 pen=0.0e+00 moves=1.70e+07 5.9s
[472/3000] seed 100470 s=4.728584071 pen=0.0e+00 moves=1.70e+07 6.6s
[473/3000] seed 100472 s=5.000128051 pen=0.0e+00 moves=1.70e+07 6.8s
[474/3000] seed 100474 s=4.767771377 pen=0.0e+00 moves=1.70e+07 6.3s
[475/3000] seed 100473 s=5.000142534 pen=0.0e+00 moves=1.70e+07 6.6s
[476/3000] seed 100475 s=5.000094265 pen=0.0e+00 moves=1.70e+07 6.6s
[477/3000] seed 100476 s=5.000146352 pen=0.0e+00 moves=1.70e+07 6.7s
[478/3000] seed 100477 s=5.000211554 pen=0.0e+00 moves=1.70e+07 6.8s
[479/3000] seed 100478 s=5.000138898 pen=0.0e+00 moves=1.70e+07 6.9s
[480/3000] seed 100479 s=4.899880911 pen=0.0e+00 moves=1.70e+07 6.6s
[481/3000] seed 100481 s=5.000098633 pen=0.0e+00 moves=1.70e+07 7.0s
[482/3000] seed 100480 s=5.000015041 pen=0.0e+00 moves=1.70e+07 7.1s
[483/3000] seed 100483 s=5.000059321 pen=0.0e+00 moves=1.70e+07 7.0s
[484/3000] seed 100482 s=5.000157058 pen=0.0e+00 moves=1.70e+07 7.0s
[485/3000] seed 100484 s=5.000000040 pen=2.1e-13 moves=1.70e+07 6.5s
[486/3000] seed 100486 s=4.767769126 pen=0.0e+00 moves=1.70e+07 6.4s
[487/3000] seed 100485 s=5.000115801 pen=0.0e+00 moves=1.70e+07 6.7s
[488/3000] seed 100487 s=5.000001185 pen=0.0e+00 moves=1.70e+07 6.4s
[489/3000] seed 100489 s=4.821286131 pen=0.0e+00 moves=1.70e+07 6.2s
[490/3000] seed 100488 s=4.707108120 pen=0.0e+00 moves=1.70e+07 7.2s
[491/3000] seed 100490 s=5.000146688 pen=0.0e+00 moves=1.70e+07 6.6s
[492/3000] seed 100491 s=5.000200110 pen=0.0e+00 moves=1.70e+07 7.1s
[493/3000] seed 100492 s=4.858222627 pen=0.0e+00 moves=1.70e+07 6.4s
[494/3000] seed 100494 s=5.000150904 pen=0.0e+00 moves=1.70e+07 6.8s
[495/3000] seed 100495 s=5.000143276 pen=0.0e+00 moves=1.70e+07 7.0s
[496/3000] seed 100493 s=4.707110029 pen=0.0e+00 moves=1.70e+07 7.4s
[497/3000] seed 100496 s=4.897375244 pen=0.0e+00 moves=1.70e+07 6.3s
[498/3000] seed 100497 s=4.746805240 pen=0.0e+00 moves=1.70e+07 6.5s
[499/3000] seed 100499 s=4.931134388 pen=0.0e+00 moves=1.70e+07 6.3s
[500/3000] seed 100498 s=4.707107150 pen=0.0e+00 moves=1.70e+07 6.5s
[501/3000] seed 100501 s=5.000166538 pen=0.0e+00 moves=1.70e+07 7.0s
[502/3000] seed 100500 s=4.707107703 pen=0.0e+00 moves=1.70e+07 8.4s
[503/3000] seed 100504 s=5.000005666 pen=0.0e+00 moves=1.70e+07 5.8s
[504/3000] seed 100503 s=5.000125330 pen=0.0e+00 moves=1.70e+07 6.4s
[505/3000] seed 100502 s=4.707107976 pen=0.0e+00 moves=1.70e+07 7.2s
[506/3000] seed 100506 s=5.000173794 pen=0.0e+00 moves=1.70e+07 6.7s
[507/3000] seed 100505 s=4.707110297 pen=0.0e+00 moves=1.70e+07 7.1s
[508/3000] seed 100507 s=4.707111249 pen=0.0e+00 moves=1.70e+07 7.3s
[509/3000] seed 100508 s=5.000022708 pen=0.0e+00 moves=1.70e+07 6.5s
[510/3000] seed 100509 s=5.000120762 pen=0.0e+00 moves=1.70e+07 6.6s
[511/3000] seed 100511 s=4.707106856 pen=8.6e-11 moves=1.70e+07 7.0s
[512/3000] seed 100510 s=5.000155131 pen=0.0e+00 moves=1.70e+07 7.3s
[513/3000] seed 100513 s=5.000061840 pen=0.0e+00 moves=1.70e+07 6.4s
[514/3000] seed 100512 s=4.707107939 pen=0.0e+00 moves=1.70e+07 7.9s
[515/3000] seed 100514 s=4.707109037 pen=0.0e+00 moves=1.70e+07 7.1s
[516/3000] seed 100515 s=4.731047955 pen=0.0e+00 moves=1.70e+07 7.0s
[517/3000] seed 100516 s=5.000172261 pen=0.0e+00 moves=1.70e+07 6.9s
[518/3000] seed 100518 s=5.000047222 pen=0.0e+00 moves=1.70e+07 6.1s
[519/3000] seed 100517 s=4.767771084 pen=0.0e+00 moves=1.70e+07 6.2s
[520/3000] seed 100519 s=4.767768605 pen=0.0e+00 moves=1.70e+07 6.1s
[521/3000] seed 100520 s=4.771190838 pen=0.0e+00 moves=1.70e+07 6.1s
[522/3000] seed 100521 s=5.000206318 pen=0.0e+00 moves=1.70e+07 6.5s
[523/3000] seed 100522 s=5.000196499 pen=0.0e+00 moves=1.70e+07 6.1s
[524/3000] seed 100523 s=5.000010721 pen=0.0e+00 moves=1.70e+07 6.5s
[525/3000] seed 100524 s=5.000000040 pen=0.0e+00 moves=1.70e+07 6.1s
[526/3000] seed 100525 s=5.000074207 pen=0.0e+00 moves=1.70e+07 6.3s
[527/3000] seed 100527 s=5.000124981 pen=0.0e+00 moves=1.70e+07 6.0s
[528/3000] seed 100528 s=5.000150522 pen=0.0e+00 moves=1.70e+07 6.3s
[529/3000] seed 100526 s=5.000144788 pen=0.0e+00 moves=1.70e+07 6.6s
[530/3000] seed 100529 s=5.000016444 pen=0.0e+00 moves=1.70e+07 5.7s
[531/3000] seed 100530 s=5.000216506 pen=0.0e+00 moves=1.70e+07 6.1s
[532/3000] seed 100531 s=5.000154332 pen=0.0e+00 moves=1.70e+07 6.2s
[533/3000] seed 100532 s=4.731068454 pen=0.0e+00 moves=1.70e+07 6.1s
[534/3000] seed 100534 s=5.000129906 pen=0.0e+00 moves=1.70e+07 5.2s
[535/3000] seed 100533 s=5.000268007 pen=0.0e+00 moves=1.70e+07 5.7s
[536/3000] seed 100535 s=5.000151647 pen=0.0e+00 moves=1.70e+07 6.0s
[537/3000] seed 100537 s=5.000337535 pen=0.0e+00 moves=1.70e+07 5.2s
[538/3000] seed 100536 s=5.000117657 pen=0.0e+00 moves=1.70e+07 5.8s
[539/3000] seed 100538 s=5.000210784 pen=0.0e+00 moves=1.70e+07 5.7s
[540/3000] seed 100539 s=4.940004705 pen=0.0e+00 moves=1.70e+07 5.5s
[541/3000] seed 100540 s=5.000128380 pen=0.0e+00 moves=1.70e+07 5.7s
[542/3000] seed 100541 s=5.000129525 pen=0.0e+00 moves=1.70e+07 5.6s
[543/3000] seed 100542 s=4.767774801 pen=0.0e+00 moves=1.70e+07 5.4s
[544/3000] seed 100543 s=4.822883124 pen=0.0e+00 moves=1.70e+07 5.2s
[545/3000] seed 100544 s=4.822890742 pen=0.0e+00 moves=1.70e+07 5.4s
[546/3000] seed 100545 s=4.767768621 pen=0.0e+00 moves=1.70e+07 5.3s
[547/3000] seed 100546 s=4.709099580 pen=0.0e+00 moves=1.70e+07 5.7s
[548/3000] seed 100547 s=4.795480799 pen=0.0e+00 moves=1.70e+07 5.5s
[549/3000] seed 100549 s=4.767768838 pen=0.0e+00 moves=1.70e+07 5.4s
[550/3000] seed 100548 s=5.000190184 pen=0.0e+00 moves=1.70e+07 5.7s
[551/3000] seed 100550 s=4.707108411 pen=0.0e+00 moves=1.70e+07 5.7s
[552/3000] seed 100551 s=4.707108420 pen=0.0e+00 moves=1.70e+07 6.0s
[553/3000] seed 100552 s=5.000045436 pen=0.0e+00 moves=1.70e+07 5.8s
[554/3000] seed 100553 s=5.000123805 pen=0.0e+00 moves=1.70e+07 6.0s
[555/3000] seed 100555 s=5.000205447 pen=0.0e+00 moves=1.70e+07 5.6s
[556/3000] seed 100554 s=4.707107420 pen=0.0e+00 moves=1.70e+07 6.0s
[557/3000] seed 100556 s=5.000009399 pen=0.0e+00 moves=1.70e+07 5.9s
[558/3000] seed 100557 s=5.000049632 pen=0.0e+00 moves=1.70e+07 5.7s
[559/3000] seed 100558 s=4.858222306 pen=0.0e+00 moves=1.70e+07 5.4s
[560/3000] seed 100559 s=5.000122113 pen=0.0e+00 moves=1.70e+07 5.7s
[561/3000] seed 100561 s=4.904939587 pen=0.0e+00 moves=1.70e+07 5.4s
[562/3000] seed 100560 s=5.000100566 pen=0.0e+00 moves=1.70e+07 5.9s
[563/3000] seed 100562 s=4.768079325 pen=0.0e+00 moves=1.70e+07 5.2s
[564/3000] seed 100563 s=4.767776937 pen=0.0e+00 moves=1.70e+07 5.5s
[565/3000] seed 100564 s=4.767771121 pen=0.0e+00 moves=1.70e+07 5.5s
[566/3000] seed 100565 s=4.707107584 pen=0.0e+00 moves=1.70e+07 5.5s
[567/3000] seed 100567 s=5.000153557 pen=0.0e+00 moves=1.70e+07 5.7s
[568/3000] seed 100566 s=4.707108836 pen=0.0e+00 moves=1.70e+07 5.9s
[569/3000] seed 100568 s=5.000001566 pen=0.0e+00 moves=1.70e+07 5.5s
[570/3000] seed 100569 s=4.822882032 pen=0.0e+00 moves=1.70e+07 5.3s
[571/3000] seed 100570 s=4.746195395 pen=0.0e+00 moves=1.70e+07 5.6s
[572/3000] seed 100571 s=5.000181414 pen=0.0e+00 moves=1.70e+07 5.7s
[573/3000] seed 100574 s=5.000156993 pen=0.0e+00 moves=1.70e+07 5.5s
[574/3000] seed 100572 s=4.707109285 pen=0.0e+00 moves=1.70e+07 6.0s
[575/3000] seed 100573 s=4.707194411 pen=0.0e+00 moves=1.70e+07 6.6s
[576/3000] seed 100576 s=5.000001948 pen=0.0e+00 moves=1.70e+07 5.6s
[577/3000] seed 100575 s=4.707113501 pen=0.0e+00 moves=1.70e+07 6.0s
[578/3000] seed 100577 s=5.000137547 pen=0.0e+00 moves=1.70e+07 5.8s
[579/3000] seed 100580 s=4.872752517 pen=0.0e+00 moves=1.70e+07 5.4s
[580/3000] seed 100581 s=4.707107083 pen=0.0e+00 moves=1.70e+07 5.5s
[581/3000] seed 100578 s=5.000166531 pen=0.0e+00 moves=1.70e+07 5.7s
[582/3000] seed 100579 s=5.000153776 pen=0.0e+00 moves=1.70e+07 5.8s
[583/3000] seed 100582 s=4.774316562 pen=0.0e+00 moves=1.70e+07 5.4s
[584/3000] seed 100583 s=4.707359154 pen=0.0e+00 moves=1.70e+07 5.5s
[585/3000] seed 100585 s=4.728584512 pen=0.0e+00 moves=1.70e+07 5.4s
[586/3000] seed 100584 s=4.707113382 pen=0.0e+00 moves=1.70e+07 5.7s
[587/3000] seed 100586 s=5.000146704 pen=0.0e+00 moves=1.70e+07 5.6s
[588/3000] seed 100588 s=4.693155690 pen=0.0e+00 moves=1.70e+07 5.6s
[589/3000] seed 100587 s=5.000136775 pen=0.0e+00 moves=1.70e+07 6.0s
[590/3000] seed 100589 s=4.895675670 pen=0.0e+00 moves=1.70e+07 5.5s
[591/3000] seed 100590 s=4.707109564 pen=0.0e+00 moves=1.70e+07 5.7s
[592/3000] seed 100591 s=4.708688503 pen=0.0e+00 moves=1.70e+07 5.7s
[593/3000] seed 100592 s=4.707114173 pen=0.0e+00 moves=1.70e+07 5.9s
[594/3000] seed 100593 s=5.000195156 pen=0.0e+00 moves=1.70e+07 5.7s
[595/3000] seed 100594 s=4.692983161 pen=0.0e+00 moves=1.70e+07 5.6s
[596/3000] seed 100595 s=4.728590749 pen=0.0e+00 moves=1.70e+07 5.6s
[597/3000] seed 100597 s=4.767769173 pen=0.0e+00 moves=1.70e+07 5.7s
[598/3000] seed 100596 s=4.707106913 pen=0.0e+00 moves=1.70e+07 6.1s
[599/3000] seed 100598 s=5.000116895 pen=0.0e+00 moves=1.70e+07 5.4s
[600/3000] seed 100599 s=4.858225048 pen=0.0e+00 moves=1.70e+07 5.3s
[601/3000] seed 100600 s=4.707107716 pen=0.0e+00 moves=1.70e+07 6.1s
[602/3000] seed 100601 s=5.000034877 pen=0.0e+00 moves=1.70e+07 6.2s
[603/3000] seed 100602 s=4.707108466 pen=0.0e+00 moves=1.70e+07 6.0s
[604/3000] seed 100605 s=5.000171869 pen=0.0e+00 moves=1.70e+07 6.0s
[605/3000] seed 100603 s=5.000189829 pen=0.0e+00 moves=1.70e+07 6.3s
[606/3000] seed 100606 s=5.000051702 pen=0.0e+00 moves=1.70e+07 6.1s
[607/3000] seed 100604 s=4.707108964 pen=0.0e+00 moves=1.70e+07 6.6s
[608/3000] seed 100607 s=4.693005727 pen=0.0e+00 moves=1.70e+07 6.6s
[609/3000] seed 100609 s=5.000156623 pen=0.0e+00 moves=1.70e+07 6.5s
[610/3000] seed 100608 s=5.000000422 pen=0.0e+00 moves=1.70e+07 6.8s
[611/3000] seed 100610 s=5.000058406 pen=0.0e+00 moves=1.70e+07 6.4s
[612/3000] seed 100611 s=4.834800701 pen=0.0e+00 moves=1.70e+07 6.3s
[613/3000] seed 100612 s=5.000184515 pen=0.0e+00 moves=1.70e+07 6.5s
[614/3000] seed 100617 s=4.828440616 pen=0.0e+00 moves=1.70e+07 6.2s
[615/3000] seed 100614 s=4.707109742 pen=0.0e+00 moves=1.70e+07 7.0s
[616/3000] seed 100613 s=5.000161583 pen=0.0e+00 moves=1.70e+07 7.1s
[617/3000] seed 100616 s=5.000139661 pen=0.0e+00 moves=1.70e+07 6.6s
[618/3000] seed 100615 s=4.951774268 pen=0.0e+00 moves=1.70e+07 6.7s
[619/3000] seed 100618 s=4.767772078 pen=0.0e+00 moves=1.70e+07 6.3s
[620/3000] seed 100619 s=5.000165059 pen=0.0e+00 moves=1.70e+07 6.9s
[621/3000] seed 100620 s=4.707111275 pen=0.0e+00 moves=1.70e+07 5.9s
[622/3000] seed 100621 s=4.753560632 pen=0.0e+00 moves=1.70e+07 6.4s
[623/3000] seed 100622 s=4.707109905 pen=0.0e+00 moves=1.70e+07 6.2s
[624/3000] seed 100623 s=5.000125699 pen=0.0e+00 moves=1.70e+07 6.5s
[625/3000] seed 100624 s=4.767768857 pen=0.0e+00 moves=1.70e+07 6.1s
[626/3000] seed 100630 s=4.858219107 pen=0.0e+00 moves=1.70e+07 6.1s
[627/3000] seed 100626 s=4.828449407 pen=0.0e+00 moves=1.70e+07 6.3s
[628/3000] seed 100625 s=4.828428390 pen=0.0e+00 moves=1.70e+07 6.4s
[629/3000] seed 100629 s=4.707107727 pen=0.0e+00 moves=1.70e+07 6.4s
[630/3000] seed 100627 s=5.000142507 pen=0.0e+00 moves=1.70e+07 6.7s
[631/3000] seed 100628 s=4.720233902 pen=0.0e+00 moves=1.70e+07 6.8s
[632/3000] seed 100631 s=5.000089849 pen=0.0e+00 moves=1.70e+07 6.6s
[633/3000] seed 100632 s=5.000126462 pen=0.0e+00 moves=1.70e+07 6.7s
[634/3000] seed 100633 s=5.000091458 pen=0.0e+00 moves=1.70e+07 7.1s
[635/3000] seed 100635 s=4.770713223 pen=0.0e+00 moves=1.70e+07 7.2s
[636/3000] seed 100634 s=4.707111278 pen=0.0e+00 moves=1.70e+07 8.0s
[637/3000] seed 100636 s=5.000103592 pen=0.0e+00 moves=1.70e+07 7.7s
[638/3000] seed 100638 s=5.000123258 pen=0.0e+00 moves=1.70e+07 7.3s
[639/3000] seed 100639 s=4.822909683 pen=0.0e+00 moves=1.70e+07 7.1s
[640/3000] seed 100640 s=5.000126856 pen=0.0e+00 moves=1.70e+07 7.3s
[641/3000] seed 100637 s=5.000083965 pen=0.0e+00 moves=1.70e+07 7.9s
[642/3000] seed 100642 s=4.707107444 pen=0.0e+00 moves=1.70e+07 7.5s
[643/3000] seed 100641 s=4.707269012 pen=0.0e+00 moves=1.70e+07 8.0s
[644/3000] seed 100643 s=4.729455787 pen=0.0e+00 moves=1.70e+07 7.7s
[645/3000] seed 100644 s=4.707109504 pen=0.0e+00 moves=1.70e+07 7.0s
[646/3000] seed 100645 s=5.000037044 pen=0.0e+00 moves=1.70e+07 6.6s
[647/3000] seed 100646 s=5.000151654 pen=0.0e+00 moves=1.70e+07 7.3s
[648/3000] seed 100647 s=4.707113256 pen=0.0e+00 moves=1.70e+07 7.0s
[649/3000] seed 100649 s=5.000000646 pen=0.0e+00 moves=1.70e+07 6.8s
[650/3000] seed 100648 s=5.000176066 pen=0.0e+00 moves=1.70e+07 7.4s
[651/3000] seed 100650 s=4.707108815 pen=0.0e+00 moves=1.70e+07 7.1s
[652/3000] seed 100652 s=4.746795472 pen=0.0e+00 moves=1.70e+07 6.9s
[653/3000] seed 100651 s=4.707112147 pen=0.0e+00 moves=1.70e+07 7.2s
[654/3000] seed 100653 s=5.000102436 pen=0.0e+00 moves=1.70e+07 7.0s
[655/3000] seed 100654 s=5.000159292 pen=0.0e+00 moves=1.70e+07 7.7s
[656/3000] seed 100655 s=4.707106980 pen=0.0e+00 moves=1.70e+07 6.9s
[657/3000] seed 100656 s=4.803348822 pen=0.0e+00 moves=1.70e+07 7.1s
[658/3000] seed 100657 s=5.000236371 pen=0.0e+00 moves=1.70e+07 7.1s
[659/3000] seed 100658 s=5.000026523 pen=0.0e+00 moves=1.70e+07 6.8s
[660/3000] seed 100659 s=5.000150897 pen=0.0e+00 moves=1.70e+07 7.5s
[661/3000] seed 100660 s=5.000214609 pen=0.0e+00 moves=1.70e+07 6.9s
[662/3000] seed 100661 s=5.000194760 pen=0.0e+00 moves=1.70e+07 7.1s
[663/3000] seed 100662 s=4.731042930 pen=0.0e+00 moves=1.70e+07 7.3s
[664/3000] seed 100663 s=4.707122674 pen=0.0e+00 moves=1.70e+07 6.9s
[665/3000] seed 100664 s=4.752574190 pen=0.0e+00 moves=1.70e+07 6.9s
[666/3000] seed 100665 s=4.728583723 pen=0.0e+00 moves=1.70e+07 6.9s
[667/3000] seed 100666 s=5.000184084 pen=0.0e+00 moves=1.70e+07 7.0s
[668/3000] seed 100667 s=4.707111540 pen=0.0e+00 moves=1.70e+07 7.3s
[669/3000] seed 100668 s=5.000150509 pen=0.0e+00 moves=1.70e+07 6.9s
[670/3000] seed 100669 s=5.000131815 pen=0.0e+00 moves=1.70e+07 6.9s
[671/3000] seed 100670 s=5.000091595 pen=0.0e+00 moves=1.70e+07 6.5s
[672/3000] seed 100671 s=5.000125328 pen=0.0e+00 moves=1.70e+07 6.5s
[673/3000] seed 100672 s=4.707111591 pen=0.0e+00 moves=1.70e+07 6.2s
[674/3000] seed 100674 s=5.000027888 pen=0.0e+00 moves=1.70e+07 5.9s
[675/3000] seed 100673 s=5.000086050 pen=0.0e+00 moves=1.70e+07 6.5s
[676/3000] seed 100675 s=4.680233155 pen=0.0e+00 moves=1.70e+07 6.1s saved n17_s4.680233155_seed100675.json
[677/3000] seed 100676 s=4.707108977 pen=0.0e+00 moves=1.70e+07 6.2s
[678/3000] seed 100677 s=5.000147457 pen=0.0e+00 moves=1.70e+07 6.3s
[679/3000] seed 100678 s=4.707106826 pen=0.0e+00 moves=1.70e+07 6.2s
[680/3000] seed 100679 s=4.707117074 pen=0.0e+00 moves=1.70e+07 6.1s
[681/3000] seed 100680 s=4.707109473 pen=0.0e+00 moves=1.70e+07 6.0s
[682/3000] seed 100681 s=4.707107065 pen=0.0e+00 moves=1.70e+07 5.8s
[683/3000] seed 100682 s=4.767769431 pen=0.0e+00 moves=1.70e+07 5.6s
[684/3000] seed 100683 s=4.751586955 pen=0.0e+00 moves=1.70e+07 6.0s
[685/3000] seed 100686 s=5.000071963 pen=0.0e+00 moves=1.70e+07 5.6s
[686/3000] seed 100684 s=5.000111203 pen=0.0e+00 moves=1.70e+07 6.2s
[687/3000] seed 100685 s=5.000187138 pen=0.0e+00 moves=1.70e+07 6.1s
[688/3000] seed 100687 s=4.755375567 pen=0.0e+00 moves=1.70e+07 5.9s
[689/3000] seed 100689 s=4.767770874 pen=0.0e+00 moves=1.70e+07 5.8s
[690/3000] seed 100688 s=5.000129143 pen=0.0e+00 moves=1.70e+07 6.3s
[691/3000] seed 100690 s=5.000153166 pen=0.0e+00 moves=1.70e+07 6.8s
[692/3000] seed 100692 s=5.000191342 pen=0.0e+00 moves=1.70e+07 6.7s
[693/3000] seed 100691 s=4.707116002 pen=0.0e+00 moves=1.70e+07 7.0s
[694/3000] seed 100693 s=4.707107181 pen=0.0e+00 moves=1.70e+07 7.1s
[695/3000] seed 100694 s=5.000201243 pen=0.0e+00 moves=1.70e+07 6.7s
[696/3000] seed 100695 s=4.707110085 pen=0.0e+00 moves=1.70e+07 6.7s
[697/3000] seed 100698 s=4.881158919 pen=0.0e+00 moves=1.70e+07 6.5s
[698/3000] seed 100697 s=4.707107476 pen=0.0e+00 moves=1.70e+07 6.8s
[699/3000] seed 100696 s=4.707108397 pen=0.0e+00 moves=1.70e+07 6.9s
[700/3000] seed 100699 s=5.000082623 pen=0.0e+00 moves=1.70e+07 6.6s
[701/3000] seed 100701 s=4.822881563 pen=0.0e+00 moves=1.70e+07 6.5s
[702/3000] seed 100700 s=5.000009004 pen=0.0e+00 moves=1.70e+07 7.5s
[703/3000] seed 100702 s=5.000129909 pen=0.0e+00 moves=1.70e+07 6.5s
[704/3000] seed 100703 s=5.000100534 pen=0.0e+00 moves=1.70e+07 6.3s
[705/3000] seed 100704 s=5.000127236 pen=0.0e+00 moves=1.70e+07 6.2s
[706/3000] seed 100705 s=4.768878174 pen=0.0e+00 moves=1.70e+07 5.8s
[707/3000] seed 100706 s=5.000158525 pen=0.0e+00 moves=1.70e+07 6.6s
[708/3000] seed 100708 s=5.000017465 pen=0.0e+00 moves=1.70e+07 5.9s
[709/3000] seed 100710 s=4.822877094 pen=0.0e+00 moves=1.70e+07 5.8s
[710/3000] seed 100711 s=4.822881260 pen=0.0e+00 moves=1.70e+07 5.7s
[711/3000] seed 100707 s=4.707107861 pen=0.0e+00 moves=1.70e+07 6.6s
[712/3000] seed 100709 s=5.000156609 pen=0.0e+00 moves=1.70e+07 6.3s
[713/3000] seed 100712 s=5.000059673 pen=0.0e+00 moves=1.70e+07 6.0s
[714/3000] seed 100713 s=4.822882104 pen=0.0e+00 moves=1.70e+07 6.1s
[715/3000] seed 100714 s=4.707107257 pen=0.0e+00 moves=1.70e+07 6.5s
[716/3000] seed 100716 s=4.916982466 pen=0.0e+00 moves=1.70e+07 5.9s
[717/3000] seed 100715 s=4.708682297 pen=0.0e+00 moves=1.70e+07 6.3s
[718/3000] seed 100717 s=5.000063106 pen=0.0e+00 moves=1.70e+07 6.3s
[719/3000] seed 100718 s=4.707120315 pen=0.0e+00 moves=1.70e+07 6.8s
[720/3000] seed 100719 s=5.000061840 pen=0.0e+00 moves=1.70e+07 6.1s
[721/3000] seed 100720 s=4.707128262 pen=0.0e+00 moves=1.70e+07 6.2s
[722/3000] seed 100721 s=5.000131492 pen=0.0e+00 moves=1.70e+07 6.4s
[723/3000] seed 100722 s=4.707109267 pen=0.0e+00 moves=1.70e+07 6.6s
[724/3000] seed 100723 s=5.000275255 pen=0.0e+00 moves=1.70e+07 6.7s
[725/3000] seed 100724 s=5.000139062 pen=0.0e+00 moves=1.70e+07 6.7s
[726/3000] seed 100725 s=4.751701052 pen=0.0e+00 moves=1.70e+07 5.9s
[727/3000] seed 100726 s=4.767769708 pen=0.0e+00 moves=1.70e+07 6.4s
[728/3000] seed 100728 s=4.767769214 pen=0.0e+00 moves=1.70e+07 5.9s
[729/3000] seed 100729 s=5.000001706 pen=0.0e+00 moves=1.70e+07 6.0s
[730/3000] seed 100727 s=5.000000423 pen=0.0e+00 moves=1.70e+07 6.6s
[731/3000] seed 100730 s=4.789415104 pen=0.0e+00 moves=1.70e+07 5.9s
[732/3000] seed 100731 s=5.000081295 pen=0.0e+00 moves=1.70e+07 5.8s
[733/3000] seed 100732 s=4.767767167 pen=0.0e+00 moves=1.70e+07 6.0s
[734/3000] seed 100735 s=5.000015681 pen=0.0e+00 moves=1.70e+07 5.4s
[735/3000] seed 100734 s=5.000070028 pen=0.0e+00 moves=1.70e+07 6.0s
[736/3000] seed 100733 s=4.707176249 pen=0.0e+00 moves=1.70e+07 6.4s
[737/3000] seed 100737 s=5.000002710 pen=0.0e+00 moves=1.70e+07 5.3s
[738/3000] seed 100736 s=4.707107988 pen=0.0e+00 moves=1.70e+07 5.9s
[739/3000] seed 100738 s=5.000060314 pen=0.0e+00 moves=1.70e+07 5.3s
[740/3000] seed 100739 s=4.707119303 pen=0.0e+00 moves=1.70e+07 5.6s
[741/3000] seed 100740 s=4.728601117 pen=0.0e+00 moves=1.70e+07 5.7s
[742/3000] seed 100741 s=5.000110440 pen=0.0e+00 moves=1.70e+07 5.7s
[743/3000] seed 100742 s=5.000132576 pen=0.0e+00 moves=1.70e+07 5.5s
[744/3000] seed 100743 s=4.707122186 pen=0.0e+00 moves=1.70e+07 5.4s
[745/3000] seed 100744 s=5.000124568 pen=0.0e+00 moves=1.70e+07 5.3s
[746/3000] seed 100748 s=4.811258748 pen=0.0e+00 moves=1.70e+07 5.0s
[747/3000] seed 100745 s=5.000132976 pen=0.0e+00 moves=1.70e+07 5.7s
[748/3000] seed 100746 s=4.731057661 pen=0.0e+00 moves=1.70e+07 5.6s
[749/3000] seed 100747 s=5.000004709 pen=0.0e+00 moves=1.70e+07 5.5s
[750/3000] seed 100749 s=5.000119608 pen=0.0e+00 moves=1.70e+07 5.8s
[751/3000] seed 100750 s=4.767772053 pen=0.0e+00 moves=1.70e+07 5.6s
[752/3000] seed 100751 s=5.000100491 pen=0.0e+00 moves=1.70e+07 5.6s
[753/3000] seed 100752 s=4.707113721 pen=0.0e+00 moves=1.70e+07 5.6s
[754/3000] seed 100753 s=5.000274882 pen=0.0e+00 moves=1.70e+07 5.8s
[755/3000] seed 100754 s=5.000130295 pen=0.0e+00 moves=1.70e+07 6.1s
[756/3000] seed 100755 s=5.000044979 pen=0.0e+00 moves=1.70e+07 6.0s
[757/3000] seed 100756 s=4.707106987 pen=0.0e+00 moves=1.70e+07 6.1s
[758/3000] seed 100757 s=4.780152477 pen=0.0e+00 moves=1.70e+07 5.6s
[759/3000] seed 100759 s=4.822880313 pen=0.0e+00 moves=1.70e+07 5.5s
[760/3000] seed 100758 s=4.822883786 pen=0.0e+00 moves=1.70e+07 5.9s
[761/3000] seed 100760 s=4.720252543 pen=0.0e+00 moves=1.70e+07 6.2s
[762/3000] seed 100761 s=4.750792351 pen=0.0e+00 moves=1.70e+07 5.5s
[763/3000] seed 100762 s=5.000175304 pen=0.0e+00 moves=1.70e+07 5.8s
[764/3000] seed 100763 s=4.707108249 pen=0.0e+00 moves=1.70e+07 5.7s
[765/3000] seed 100765 s=5.000105376 pen=0.0e+00 moves=1.70e+07 5.2s
[766/3000] seed 100764 s=4.707111037 pen=3.1e-11 moves=1.70e+07 5.7s
[767/3000] seed 100770 s=5.000039542 pen=0.0e+00 moves=1.70e+07 5.1s
[768/3000] seed 100768 s=5.000046581 pen=0.0e+00 moves=1.70e+07 5.4s
[769/3000] seed 100769 s=5.000006824 pen=0.0e+00 moves=1.70e+07 5.3s
[770/3000] seed 100766 s=5.000126094 pen=0.0e+00 moves=1.70e+07 5.7s
[771/3000] seed 100767 s=5.000139109 pen=0.0e+00 moves=1.70e+07 5.7s
[772/3000] seed 100771 s=4.707108290 pen=0.0e+00 moves=1.70e+07 5.6s
[773/3000] seed 100772 s=4.708927498 pen=0.0e+00 moves=1.70e+07 5.5s
[774/3000] seed 100773 s=4.707108759 pen=0.0e+00 moves=1.70e+07 5.5s
[775/3000] seed 100774 s=5.021649674 pen=0.0e+00 moves=1.70e+07 5.3s
[776/3000] seed 100775 s=5.000208120 pen=0.0e+00 moves=1.70e+07 5.4s
[777/3000] seed 100776 s=5.000050777 pen=0.0e+00 moves=1.70e+07 5.3s
[778/3000] seed 100777 s=5.000132955 pen=0.0e+00 moves=1.70e+07 5.4s
[779/3000] seed 100781 s=5.000017047 pen=0.0e+00 moves=1.70e+07 5.3s
[780/3000] seed 100782 s=5.000000973 pen=0.0e+00 moves=1.70e+07 5.4s
[781/3000] seed 100778 s=5.000118298 pen=0.0e+00 moves=1.70e+07 5.6s
[782/3000] seed 100779 s=4.707113557 pen=0.0e+00 moves=1.70e+07 5.8s
[783/3000] seed 100780 s=4.707111191 pen=0.0e+00 moves=1.70e+07 5.8s
[784/3000] seed 100783 s=5.000110791 pen=0.0e+00 moves=1.70e+07 5.4s
[785/3000] seed 100784 s=5.000096725 pen=0.0e+00 moves=1.70e+07 5.4s
[786/3000] seed 100785 s=5.000149747 pen=0.0e+00 moves=1.70e+07 5.5s
[787/3000] seed 100786 s=4.707109660 pen=0.0e+00 moves=1.70e+07 5.7s
[788/3000] seed 100787 s=4.707108343 pen=0.0e+00 moves=1.70e+07 5.6s
[789/3000] seed 100789 s=5.000238661 pen=0.0e+00 moves=1.70e+07 5.3s
[790/3000] seed 100788 s=5.000142126 pen=0.0e+00 moves=1.70e+07 5.8s
[791/3000] seed 100791 s=4.822884335 pen=0.0e+00 moves=1.70e+07 5.4s
[792/3000] seed 100792 s=5.000148598 pen=0.0e+00 moves=1.70e+07 5.5s
[793/3000] seed 100790 s=5.000068869 pen=0.0e+00 moves=1.70e+07 5.7s
[794/3000] seed 100793 s=5.000095181 pen=0.0e+00 moves=1.70e+07 5.6s
[795/3000] seed 100794 s=5.000017588 pen=0.0e+00 moves=1.70e+07 5.8s
[796/3000] seed 100796 s=4.972780175 pen=0.0e+00 moves=1.70e+07 5.1s
[797/3000] seed 100795 s=4.707109760 pen=0.0e+00 moves=1.70e+07 5.5s
[798/3000] seed 100797 s=4.767778176 pen=2.4e-11 moves=1.70e+07 5.0s
[799/3000] seed 100798 s=4.767847671 pen=0.0e+00 moves=1.70e+07 5.2s
[800/3000] seed 100800 s=4.828446007 pen=0.0e+00 moves=1.70e+07 5.2s
[801/3000] seed 100799 s=4.707116978 pen=0.0e+00 moves=1.70e+07 5.6s
[802/3000] seed 100801 s=4.774110556 pen=0.0e+00 moves=1.70e+07 5.4s
[803/3000] seed 100803 s=4.841039437 pen=0.0e+00 moves=1.70e+07 5.3s
[804/3000] seed 100805 s=4.767769010 pen=0.0e+00 moves=1.70e+07 5.2s
[805/3000] seed 100802 s=5.000182940 pen=0.0e+00 moves=1.70e+07 5.8s
[806/3000] seed 100804 s=5.000226807 pen=0.0e+00 moves=1.70e+07 5.6s
[807/3000] seed 100806 s=4.707114089 pen=0.0e+00 moves=1.70e+07 5.3s
[808/3000] seed 100807 s=4.767769192 pen=0.0e+00 moves=1.70e+07 5.2s
[809/3000] seed 100809 s=5.000126854 pen=0.0e+00 moves=1.70e+07 5.3s
[810/3000] seed 100808 s=4.707107591 pen=0.0e+00 moves=1.70e+07 5.4s
[811/3000] seed 100810 s=5.000084316 pen=0.0e+00 moves=1.70e+07 5.5s
[812/3000] seed 100811 s=4.822883471 pen=0.0e+00 moves=1.70e+07 5.2s
[813/3000] seed 100813 s=4.933811497 pen=0.0e+00 moves=1.70e+07 5.2s
[814/3000] seed 100812 s=5.000140602 pen=0.0e+00 moves=1.70e+07 5.6s
[815/3000] seed 100815 s=4.767768869 pen=0.0e+00 moves=1.70e+07 5.5s
[816/3000] seed 100814 s=5.000122284 pen=0.0e+00 moves=1.70e+07 5.9s
[817/3000] seed 100819 s=4.707109297 pen=0.0e+00 moves=1.70e+07 5.5s
[818/3000] seed 100816 s=5.000140972 pen=0.0e+00 moves=1.70e+07 5.7s
[819/3000] seed 100817 s=4.707180062 pen=0.0e+00 moves=1.70e+07 5.8s
[820/3000] seed 100818 s=5.000094265 pen=0.0e+00 moves=1.70e+07 5.8s
[821/3000] seed 100820 s=4.768542870 pen=0.0e+00 moves=1.70e+07 5.7s
[822/3000] seed 100821 s=4.707109582 pen=0.0e+00 moves=1.70e+07 6.0s
[823/3000] seed 100822 s=4.772092574 pen=0.0e+00 moves=1.70e+07 5.9s
[824/3000] seed 100823 s=5.000097821 pen=0.0e+00 moves=1.70e+07 6.1s
[825/3000] seed 100824 s=4.785648461 pen=0.0e+00 moves=1.70e+07 6.0s
[826/3000] seed 100825 s=4.771189671 pen=0.0e+00 moves=1.70e+07 6.5s
[827/3000] seed 100830 s=4.870832293 pen=0.0e+00 moves=1.70e+07 5.8s
[828/3000] seed 100826 s=4.771189595 pen=0.0e+00 moves=1.70e+07 6.2s
[829/3000] seed 100828 s=4.822877398 pen=0.0e+00 moves=1.70e+07 6.1s
[830/3000] seed 100827 s=4.767786901 pen=0.0e+00 moves=1.70e+07 6.5s
[831/3000] seed 100829 s=5.000139100 pen=0.0e+00 moves=1.70e+07 6.2s
[832/3000] seed 100832 s=4.707114055 pen=0.0e+00 moves=1.70e+07 6.1s
[833/3000] seed 100833 s=4.767769664 pen=0.0e+00 moves=1.70e+07 6.1s
[834/3000] seed 100831 s=4.942868432 pen=0.0e+00 moves=1.70e+07 6.6s
[835/3000] seed 100834 s=4.707107280 pen=0.0e+00 moves=1.70e+07 6.5s
[836/3000] seed 100835 s=4.828434552 pen=0.0e+00 moves=1.70e+07 6.2s
[837/3000] seed 100836 s=4.707107929 pen=0.0e+00 moves=1.70e+07 6.0s
[838/3000] seed 100837 s=5.000025709 pen=0.0e+00 moves=1.70e+07 6.0s
[839/3000] seed 100839 s=4.795511059 pen=0.0e+00 moves=1.70e+07 5.8s
[840/3000] seed 100841 s=4.870833705 pen=0.0e+00 moves=1.70e+07 5.5s
[841/3000] seed 100840 s=4.707107565 pen=0.0e+00 moves=1.70e+07 5.8s
[842/3000] seed 100843 s=4.822880798 pen=0.0e+00 moves=1.70e+07 5.6s
[843/3000] seed 100838 s=5.000169965 pen=0.0e+00 moves=1.70e+07 6.2s
[844/3000] seed 100842 s=4.707109298 pen=0.0e+00 moves=1.70e+07 6.0s
[845/3000] seed 100845 s=5.000028367 pen=0.0e+00 moves=1.70e+07 5.8s
[846/3000] seed 100844 s=5.000142879 pen=0.0e+00 moves=1.70e+07 6.2s
[847/3000] seed 100846 s=5.000005762 pen=0.0e+00 moves=1.70e+07 6.1s
[848/3000] seed 100847 s=5.000061992 pen=0.0e+00 moves=1.70e+07 5.4s
[849/3000] seed 100848 s=5.000000040 pen=0.0e+00 moves=1.70e+07 5.9s
[850/3000] seed 100849 s=4.707107266 pen=0.0e+00 moves=1.70e+07 5.8s
[851/3000] seed 100850 s=4.848176556 pen=0.0e+00 moves=1.70e+07 5.4s
[852/3000] seed 100852 s=5.000053114 pen=0.0e+00 moves=1.70e+07 5.5s
[853/3000] seed 100853 s=5.000056506 pen=0.0e+00 moves=1.70e+07 5.4s
[854/3000] seed 100854 s=4.755348998 pen=0.0e+00 moves=1.70e+07 5.5s
[855/3000] seed 100851 s=4.792508908 pen=0.0e+00 moves=1.70e+07 5.9s
[856/3000] seed 100855 s=5.000110074 pen=0.0e+00 moves=1.70e+07 5.6s
[857/3000] seed 100856 s=4.858219444 pen=0.0e+00 moves=1.70e+07 5.3s
[858/3000] seed 100857 s=4.707110746 pen=0.0e+00 moves=1.70e+07 5.7s
[859/3000] seed 100858 s=5.000210433 pen=0.0e+00 moves=1.70e+07 5.8s
[860/3000] seed 100859 s=5.000000422 pen=0.0e+00 moves=1.70e+07 6.0s
[861/3000] seed 100860 s=5.000091374 pen=0.0e+00 moves=1.70e+07 5.5s
[862/3000] seed 100861 s=5.000056118 pen=0.0e+00 moves=1.70e+07 5.4s
[863/3000] seed 100863 s=4.823001505 pen=0.0e+00 moves=1.70e+07 5.2s
[864/3000] seed 100862 s=5.000000040 pen=0.0e+00 moves=1.70e+07 5.7s
[865/3000] seed 100865 s=4.828518771 pen=0.0e+00 moves=1.70e+07 5.3s
[866/3000] seed 100864 s=5.000003474 pen=0.0e+00 moves=1.70e+07 5.7s
[867/3000] seed 100867 s=5.000108914 pen=0.0e+00 moves=1.70e+07 5.5s
[868/3000] seed 100866 s=4.707107155 pen=0.0e+00 moves=1.70e+07 5.7s
[869/3000] seed 100868 s=5.000109718 pen=0.0e+00 moves=1.70e+07 5.6s
[870/3000] seed 100869 s=4.707130641 pen=0.0e+00 moves=1.70e+07 5.5s
[871/3000] seed 100870 s=4.807121727 pen=0.0e+00 moves=1.70e+07 5.4s
[872/3000] seed 100871 s=5.000000544 pen=0.0e+00 moves=1.70e+07 5.5s
[873/3000] seed 100873 s=4.822884214 pen=0.0e+00 moves=1.70e+07 5.7s
[874/3000] seed 100872 s=4.707107479 pen=0.0e+00 moves=1.70e+07 6.1s
[875/3000] seed 100874 s=5.000042445 pen=0.0e+00 moves=1.70e+07 6.1s
[876/3000] seed 100877 s=5.000086849 pen=0.0e+00 moves=1.70e+07 5.7s
[877/3000] seed 100876 s=4.767768740 pen=0.0e+00 moves=1.70e+07 5.9s
[878/3000] seed 100875 s=4.707110902 pen=0.0e+00 moves=1.70e+07 6.4s
[879/3000] seed 100878 s=5.000114102 pen=0.0e+00 moves=1.70e+07 6.0s
[880/3000] seed 100879 s=4.707109642 pen=0.0e+00 moves=1.70e+07 6.2s
[881/3000] seed 100880 s=5.000138669 pen=0.0e+00 moves=1.70e+07 6.1s
[882/3000] seed 100881 s=4.767841567 pen=0.0e+00 moves=1.70e+07 6.1s
[883/3000] seed 100882 s=5.000222998 pen=0.0e+00 moves=1.70e+07 6.4s
[884/3000] seed 100883 s=4.707111344 pen=0.0e+00 moves=1.70e+07 6.3s
[885/3000] seed 100885 s=4.795477478 pen=0.0e+00 moves=1.70e+07 5.7s
[886/3000] seed 100884 s=4.707112122 pen=0.0e+00 moves=1.70e+07 6.2s
[887/3000] seed 100886 s=5.000181027 pen=0.0e+00 moves=1.70e+07 5.7s
[888/3000] seed 100888 s=4.728584707 pen=0.0e+00 moves=1.70e+07 5.9s
[889/3000] seed 100891 s=5.000006907 pen=0.0e+00 moves=1.70e+07 5.4s
[890/3000] seed 100887 s=5.000103436 pen=0.0e+00 moves=1.70e+07 6.1s
[891/3000] seed 100889 s=5.000130284 pen=0.0e+00 moves=1.70e+07 5.9s
[892/3000] seed 100892 s=5.000182184 pen=0.0e+00 moves=1.70e+07 5.8s
[893/3000] seed 100890 s=5.000140637 pen=0.0e+00 moves=1.70e+07 6.2s
[894/3000] seed 100893 s=5.000045435 pen=0.0e+00 moves=1.70e+07 5.8s
[895/3000] seed 100894 s=5.000019877 pen=0.0e+00 moves=1.70e+07 5.7s
[896/3000] seed 100896 s=4.728585165 pen=0.0e+00 moves=1.70e+07 5.7s
[897/3000] seed 100895 s=5.000141351 pen=0.0e+00 moves=1.70e+07 6.2s
[898/3000] seed 100897 s=5.000124954 pen=0.0e+00 moves=1.70e+07 5.9s
[899/3000] seed 100898 s=5.000197099 pen=0.0e+00 moves=1.70e+07 5.5s
[900/3000] seed 100900 s=5.000131433 pen=0.0e+00 moves=1.70e+07 5.3s
[901/3000] seed 100899 s=4.707108423 pen=0.0e+00 moves=1.70e+07 5.7s
[902/3000] seed 100901 s=5.000170344 pen=0.0e+00 moves=1.70e+07 5.6s
[903/3000] seed 100902 s=5.000195906 pen=0.0e+00 moves=1.70e+07 5.6s
[904/3000] seed 100903 s=4.831049334 pen=0.0e+00 moves=1.70e+07 5.5s
[905/3000] seed 100904 s=4.828439935 pen=0.0e+00 moves=1.70e+07 5.7s
[906/3000] seed 100905 s=5.000133769 pen=0.0e+00 moves=1.70e+07 5.5s
[907/3000] seed 100906 s=4.768129066 pen=0.0e+00 moves=1.70e+07 5.8s
[908/3000] seed 100908 s=5.000048491 pen=0.0e+00 moves=1.70e+07 5.8s
[909/3000] seed 100907 s=5.000144403 pen=0.0e+00 moves=1.70e+07 6.3s
[910/3000] seed 100909 s=5.000124200 pen=0.0e+00 moves=1.70e+07 6.7s
[911/3000] seed 100910 s=4.707108107 pen=0.0e+00 moves=1.70e+07 6.7s
[912/3000] seed 100912 s=4.885171696 pen=0.0e+00 moves=1.70e+07 6.5s
[913/3000] seed 100911 s=4.707108134 pen=0.0e+00 moves=1.70e+07 7.2s
[914/3000] seed 100913 s=4.785859409 pen=0.0e+00 moves=1.70e+07 7.0s
[915/3000] seed 100914 s=4.828492489 pen=0.0e+00 moves=1.70e+07 7.0s
[916/3000] seed 100915 s=5.000001947 pen=0.0e+00 moves=1.70e+07 7.3s
[917/3000] seed 100916 s=4.707108282 pen=0.0e+00 moves=1.70e+07 7.4s
[918/3000] seed 100917 s=5.000095410 pen=0.0e+00 moves=1.70e+07 7.6s
[919/3000] seed 100918 s=5.000058787 pen=0.0e+00 moves=1.70e+07 8.4s
[920/3000] seed 100919 s=4.767767971 pen=0.0e+00 moves=1.70e+07 8.7s
[921/3000] seed 100920 s=5.000146909 pen=0.0e+00 moves=1.70e+07 8.6s
[922/3000] seed 100921 s=4.767774174 pen=0.0e+00 moves=1.70e+07 8.0s
[923/3000] seed 100922 s=5.000000666 pen=0.0e+00 moves=1.70e+07 8.6s
[924/3000] seed 100925 s=4.767772372 pen=0.0e+00 moves=1.70e+07 7.9s
[925/3000] seed 100923 s=5.000000268 pen=0.0e+00 moves=1.70e+07 8.7s
[926/3000] seed 100924 s=4.767771945 pen=0.0e+00 moves=1.70e+07 8.6s
[927/3000] seed 100928 s=5.000159277 pen=0.0e+00 moves=1.70e+07 8.4s
[928/3000] seed 100927 s=5.000177222 pen=0.0e+00 moves=1.70e+07 8.9s
[929/3000] seed 100926 s=5.000171871 pen=0.0e+00 moves=1.70e+07 10.0s
[930/3000] seed 100929 s=5.000165866 pen=0.0e+00 moves=1.70e+07 8.8s
[931/3000] seed 100930 s=4.806732273 pen=0.0e+00 moves=1.70e+07 7.8s
[932/3000] seed 100932 s=4.886227944 pen=0.0e+00 moves=1.70e+07 8.5s
[933/3000] seed 100931 s=5.000153571 pen=0.0e+00 moves=1.70e+07 8.7s
[934/3000] seed 100933 s=5.000172147 pen=0.0e+00 moves=1.70e+07 9.1s
[935/3000] seed 100936 s=4.806730196 pen=0.0e+00 moves=1.70e+07 8.0s
[936/3000] seed 100934 s=5.000155855 pen=0.0e+00 moves=1.70e+07 9.1s
[937/3000] seed 100937 s=4.707108829 pen=0.0e+00 moves=1.70e+07 8.3s
[938/3000] seed 100935 s=4.707107257 pen=4.4e-11 moves=1.70e+07 8.9s
[939/3000] seed 100939 s=4.821286997 pen=0.0e+00 moves=1.70e+07 7.9s
[940/3000] seed 100938 s=4.707107918 pen=0.0e+00 moves=1.70e+07 8.6s
[941/3000] seed 100941 s=5.000095532 pen=0.0e+00 moves=1.70e+07 8.0s
[942/3000] seed 100940 s=4.820434877 pen=0.0e+00 moves=1.70e+07 8.6s
[943/3000] seed 100942 s=4.707110822 pen=0.0e+00 moves=1.70e+07 9.1s
[944/3000] seed 100944 s=5.000081850 pen=0.0e+00 moves=1.70e+07 9.0s
[945/3000] seed 100945 s=5.000207780 pen=0.0e+00 moves=1.70e+07 8.4s
[946/3000] seed 100943 s=4.707107243 pen=2.3e-11 moves=1.70e+07 9.4s
[947/3000] seed 100946 s=5.000097864 pen=0.0e+00 moves=1.70e+07 8.8s
[948/3000] seed 100947 s=4.796935132 pen=0.0e+00 moves=1.70e+07 8.2s
[949/3000] seed 100950 s=4.822894545 pen=0.0e+00 moves=1.70e+07 8.1s
[950/3000] seed 100948 s=4.707107615 pen=0.0e+00 moves=1.70e+07 8.9s
[951/3000] seed 100949 s=4.707106971 pen=0.0e+00 moves=1.70e+07 9.4s
[952/3000] seed 100951 s=5.000116236 pen=0.0e+00 moves=1.70e+07 9.0s
[953/3000] seed 100953 s=5.000131432 pen=0.0e+00 moves=1.70e+07 8.4s
[954/3000] seed 100952 s=5.000004618 pen=0.0e+00 moves=1.70e+07 9.4s
[955/3000] seed 100954 s=5.000098628 pen=0.0e+00 moves=1.70e+07 8.8s
[956/3000] seed 100957 s=4.707123802 pen=0.0e+00 moves=1.70e+07 8.5s
[957/3000] seed 100955 s=5.000091976 pen=0.0e+00 moves=1.70e+07 8.8s
[958/3000] seed 100956 s=5.000106635 pen=0.0e+00 moves=1.70e+07 8.9s
[959/3000] seed 100958 s=4.767767806 pen=0.0e+00 moves=1.70e+07 8.3s
[960/3000] seed 100959 s=5.000119236 pen=0.0e+00 moves=1.70e+07 8.9s
[961/3000] seed 100961 s=4.767769988 pen=0.0e+00 moves=1.70e+07 8.3s
[962/3000] seed 100960 s=4.707107694 pen=0.0e+00 moves=1.70e+07 9.4s
[963/3000] seed 100962 s=4.822876898 pen=0.0e+00 moves=1.70e+07 8.6s
[964/3000] seed 100964 s=4.707108587 pen=0.0e+00 moves=1.70e+07 8.9s
[965/3000] seed 100963 s=5.000152250 pen=0.0e+00 moves=1.70e+07 9.3s
[966/3000] seed 100965 s=4.707113966 pen=0.0e+00 moves=1.70e+07 8.9s
[967/3000] seed 100966 s=4.767767542 pen=0.0e+00 moves=1.70e+07 8.9s
[968/3000] seed 100968 s=4.788800473 pen=0.0e+00 moves=1.70e+07 8.3s
[969/3000] seed 100970 s=4.728607647 pen=0.0e+00 moves=1.70e+07 7.9s
[970/3000] seed 100967 s=4.767768717 pen=0.0e+00 moves=1.70e+07 8.8s
[971/3000] seed 100969 s=5.000113461 pen=0.0e+00 moves=1.70e+07 9.1s
[972/3000] seed 100972 s=4.707107174 pen=0.0e+00 moves=1.70e+07 8.6s
[973/3000] seed 100971 s=5.000081078 pen=0.0e+00 moves=1.70e+07 9.1s
[974/3000] seed 100974 s=4.707109033 pen=0.0e+00 moves=1.70e+07 8.4s
[975/3000] seed 100973 s=5.000000011 pen=0.0e+00 moves=1.70e+07 8.8s
[976/3000] seed 100975 s=5.000134184 pen=0.0e+00 moves=1.70e+07 8.9s
[977/3000] seed 100976 s=4.707338053 pen=0.0e+00 moves=1.70e+07 9.3s
[978/3000] seed 100977 s=4.707108641 pen=0.0e+00 moves=1.70e+07 9.0s
[979/3000] seed 100978 s=4.822881447 pen=0.0e+00 moves=1.70e+07 7.6s
[980/3000] seed 100980 s=4.707108850 pen=0.0e+00 moves=1.70e+07 8.3s
[981/3000] seed 100979 s=4.727652733 pen=0.0e+00 moves=1.70e+07 8.8s
[982/3000] seed 100981 s=4.707116105 pen=0.0e+00 moves=1.70e+07 8.6s
[983/3000] seed 100982 s=4.707107173 pen=0.0e+00 moves=1.70e+07 8.3s
[984/3000] seed 100983 s=4.826186370 pen=0.0e+00 moves=1.70e+07 8.6s
[985/3000] seed 100984 s=4.767771761 pen=0.0e+00 moves=1.70e+07 8.5s
[986/3000] seed 100986 s=5.000144569 pen=0.0e+00 moves=1.70e+07 8.3s
[987/3000] seed 100985 s=4.707113666 pen=0.0e+00 moves=1.70e+07 9.1s
[988/3000] seed 100988 s=4.765812425 pen=0.0e+00 moves=1.70e+07 7.4s
[989/3000] seed 100989 s=4.767776930 pen=0.0e+00 moves=1.70e+07 8.2s
[990/3000] seed 100987 s=4.708686954 pen=0.0e+00 moves=1.70e+07 9.0s
[991/3000] seed 100990 s=5.000168817 pen=0.0e+00 moves=1.70e+07 8.6s
[992/3000] seed 100993 s=4.707111245 pen=7.6e-11 moves=1.70e+07 8.1s
[993/3000] seed 100992 s=4.707107878 pen=0.0e+00 moves=1.70e+07 9.0s
[994/3000] seed 100994 s=4.767783687 pen=0.0e+00 moves=1.70e+07 8.6s
[995/3000] seed 100991 s=5.000174207 pen=0.0e+00 moves=1.70e+07 9.5s
[996/3000] seed 100995 s=5.000175695 pen=0.0e+00 moves=1.70e+07 8.6s
[997/3000] seed 100996 s=5.000227610 pen=0.0e+00 moves=1.70e+07 8.7s
[998/3000] seed 100998 s=4.806765692 pen=0.0e+00 moves=1.70e+07 7.9s
[999/3000] seed 100999 s=4.771220076 pen=0.0e+00 moves=1.70e+07 7.9s
[1000/3000] seed 100997 s=5.000119988 pen=0.0e+00 moves=1.70e+07 9.0s
[1001/3000] seed 101001 s=4.755344466 pen=0.0e+00 moves=1.70e+07 7.7s
[1002/3000] seed 101000 s=5.000165003 pen=0.0e+00 moves=1.70e+07 9.4s
[1003/3000] seed 101002 s=5.000209322 pen=0.0e+00 moves=1.70e+07 8.4s
[1004/3000] seed 101003 s=5.000517588 pen=0.0e+00 moves=1.70e+07 8.2s
[1005/3000] seed 101004 s=5.000087943 pen=0.0e+00 moves=1.70e+07 7.9s
[1006/3000] seed 101005 s=4.804929449 pen=0.0e+00 moves=1.70e+07 8.2s
[1007/3000] seed 101006 s=5.000025981 pen=0.0e+00 moves=1.70e+07 8.5s
[1008/3000] seed 101008 s=4.950617530 pen=0.0e+00 moves=1.70e+07 8.2s
[1009/3000] seed 101007 s=4.707123424 pen=0.0e+00 moves=1.70e+07 8.5s
[1010/3000] seed 101011 s=4.767768875 pen=0.0e+00 moves=1.70e+07 8.5s
[1011/3000] seed 101010 s=4.728587128 pen=0.0e+00 moves=1.70e+07 8.7s
[1012/3000] seed 101012 s=5.000142502 pen=0.0e+00 moves=1.70e+07 8.6s
[1013/3000] seed 101009 s=5.000133784 pen=0.0e+00 moves=1.70e+07 9.9s
[1014/3000] seed 101013 s=4.767769638 pen=0.0e+00 moves=1.70e+07 8.4s
[1015/3000] seed 101014 s=5.000059169 pen=0.0e+00 moves=1.70e+07 8.6s
[1016/3000] seed 101015 s=4.707107266 pen=0.0e+00 moves=1.70e+07 8.6s
[1017/3000] seed 101017 s=4.822879763 pen=0.0e+00 moves=1.70e+07 8.0s
[1018/3000] seed 101016 s=4.707115125 pen=0.0e+00 moves=1.70e+07 8.5s
[1019/3000] seed 101018 s=5.000064250 pen=0.0e+00 moves=1.70e+07 8.7s
[1020/3000] seed 101019 s=4.804766195 pen=0.0e+00 moves=1.70e+07 7.8s
[1021/3000] seed 101020 s=4.707126535 pen=0.0e+00 moves=1.70e+07 8.4s
[1022/3000] seed 101021 s=4.707114515 pen=0.0e+00 moves=1.70e+07 8.8s
[1023/3000] seed 101024 s=4.707106961 pen=0.0e+00 moves=1.70e+07 8.1s
[1024/3000] seed 101022 s=5.000058788 pen=0.0e+00 moves=1.70e+07 8.9s
[1025/3000] seed 101023 s=5.000227966 pen=0.0e+00 moves=1.70e+07 8.4s
[1026/3000] seed 101025 s=5.000084891 pen=0.0e+00 moves=1.70e+07 8.5s
[1027/3000] seed 101026 s=4.894057598 pen=0.0e+00 moves=1.70e+07 8.4s
[1028/3000] seed 101027 s=4.707108093 pen=0.0e+00 moves=1.70e+07 8.8s
[1029/3000] seed 101029 s=5.000098233 pen=0.0e+00 moves=1.70e+07 8.9s
[1030/3000] seed 101030 s=4.680188931 pen=0.0e+00 moves=1.70e+07 8.2s saved n17_s4.680188931_seed101030.json
[1031/3000] seed 101031 s=4.707112627 pen=0.0e+00 moves=1.70e+07 8.3s
[1032/3000] seed 101028 s=5.000089095 pen=0.0e+00 moves=1.70e+07 9.5s
[1033/3000] seed 101032 s=4.841451623 pen=0.0e+00 moves=1.70e+07 8.5s
[1034/3000] seed 101033 s=5.000008051 pen=0.0e+00 moves=1.70e+07 8.4s
[1035/3000] seed 101034 s=5.000046703 pen=0.0e+00 moves=1.70e+07 8.5s
[1036/3000] seed 101035 s=4.768131960 pen=0.0e+00 moves=1.70e+07 9.0s
[1037/3000] seed 101036 s=4.790764531 pen=0.0e+00 moves=1.70e+07 9.0s
[1038/3000] seed 101037 s=4.677660412 pen=0.0e+00 moves=1.70e+07 8.9s saved n17_s4.677660412_seed101037.json
[1039/3000] seed 101038 s=4.828446441 pen=0.0e+00 moves=1.70e+07 8.1s
[1040/3000] seed 101040 s=4.707108302 pen=0.0e+00 moves=1.70e+07 9.0s
[1041/3000] seed 101039 s=5.000162011 pen=0.0e+00 moves=1.70e+07 9.4s
[1042/3000] seed 101042 s=5.000000040 pen=0.0e+00 moves=1.70e+07 8.7s
[1043/3000] seed 101044 s=5.000082992 pen=0.0e+00 moves=1.70e+07 7.9s
[1044/3000] seed 101041 s=4.707108350 pen=0.0e+00 moves=1.70e+07 8.9s
[1045/3000] seed 101043 s=5.000101254 pen=0.0e+00 moves=1.70e+07 9.4s
[1046/3000] seed 101045 s=4.728595718 pen=0.0e+00 moves=1.70e+07 8.6s
[1047/3000] seed 101047 s=4.707107042 pen=0.0e+00 moves=1.70e+07 7.9s
[1048/3000] seed 101046 s=5.000244365 pen=0.0e+00 moves=1.70e+07 9.0s
[1049/3000] seed 101048 s=5.000000040 pen=0.0e+00 moves=1.70e+07 8.6s
[1050/3000] seed 101050 s=4.707111330 pen=0.0e+00 moves=1.70e+07 8.7s
[1051/3000] seed 101049 s=5.000138724 pen=0.0e+00 moves=1.70e+07 9.1s
[1052/3000] seed 101053 s=5.000177220 pen=0.0e+00 moves=1.70e+07 8.9s
[1053/3000] seed 101051 s=5.000123761 pen=0.0e+00 moves=1.70e+07 9.3s
[1054/3000] seed 101054 s=4.707107815 pen=0.0e+00 moves=1.70e+07 9.2s
[1055/3000] seed 101052 s=4.707109657 pen=0.0e+00 moves=1.70e+07 9.6s
[1056/3000] seed 101056 s=4.677660159 pen=0.0e+00 moves=1.70e+07 9.1s *best saved n17_s4.677660159_seed101056.json
[1057/3000] seed 101055 s=4.768117883 pen=0.0e+00 moves=1.70e+07 9.9s
[1058/3000] seed 101057 s=5.000105069 pen=0.0e+00 moves=1.70e+07 7.9s
[1059/3000] seed 101058 s=4.707107144 pen=0.0e+00 moves=1.70e+07 9.5s
[1060/3000] seed 101059 s=4.802621069 pen=0.0e+00 moves=1.70e+07 9.0s
[1061/3000] seed 101060 s=4.822887972 pen=0.0e+00 moves=1.70e+07 8.9s
[1062/3000] seed 101062 s=4.858221724 pen=0.0e+00 moves=1.70e+07 8.0s
[1063/3000] seed 101061 s=4.731068113 pen=0.0e+00 moves=1.70e+07 8.9s
[1064/3000] seed 101065 s=5.000040477 pen=0.0e+00 moves=1.70e+07 8.3s
[1065/3000] seed 101064 s=5.000168439 pen=0.0e+00 moves=1.70e+07 8.7s
[1066/3000] seed 101063 s=4.728594411 pen=0.0e+00 moves=1.70e+07 9.3s
[1067/3000] seed 101067 s=5.000064892 pen=0.0e+00 moves=1.70e+07 8.5s
[1068/3000] seed 101066 s=4.707337736 pen=0.0e+00 moves=1.70e+07 9.0s
[1069/3000] seed 101069 s=4.767768020 pen=0.0e+00 moves=1.70e+07 8.6s
[1070/3000] seed 101068 s=4.707114845 pen=0.0e+00 moves=1.70e+07 8.9s
[1071/3000] seed 101070 s=5.000111987 pen=0.0e+00 moves=1.70e+07 8.4s
[1072/3000] seed 101071 s=4.707107685 pen=0.0e+00 moves=1.70e+07 8.8s
[1073/3000] seed 101072 s=4.707134150 pen=0.0e+00 moves=1.70e+07 8.7s
[1074/3000] seed 101074 s=4.708780722 pen=0.0e+00 moves=1.70e+07 8.3s
[1075/3000] seed 101073 s=5.000109669 pen=0.0e+00 moves=1.70e+07 9.3s
[1076/3000] seed 101079 s=5.000030876 pen=0.0e+00 moves=1.70e+07 7.4s
[1077/3000] seed 101078 s=5.000078625 pen=0.0e+00 moves=1.70e+07 7.9s
[1078/3000] seed 101075 s=5.000333640 pen=0.0e+00 moves=1.70e+07 9.2s
[1079/3000] seed 101076 s=4.707111387 pen=0.0e+00 moves=1.70e+07 9.1s
[1080/3000] seed 101077 s=4.800541792 pen=0.0e+00 moves=1.70e+07 8.8s
[1081/3000] seed 101080 s=4.707109929 pen=0.0e+00 moves=1.70e+07 8.5s
[1082/3000] seed 101081 s=4.746405978 pen=0.0e+00 moves=1.70e+07 8.5s
[1083/3000] seed 101082 s=4.755349082 pen=0.0e+00 moves=1.70e+07 8.4s
[1084/3000] seed 101083 s=5.000000144 pen=0.0e+00 moves=1.70e+07 8.7s
[1085/3000] seed 101084 s=5.000178366 pen=0.0e+00 moves=1.70e+07 9.0s
[1086/3000] seed 101086 s=5.000144033 pen=0.0e+00 moves=1.70e+07 9.7s
[1087/3000] seed 101085 s=4.707240407 pen=0.0e+00 moves=1.70e+07 12.0s
[1088/3000] seed 101088 s=5.000070232 pen=0.0e+00 moves=1.70e+07 8.6s
[1089/3000] seed 101087 s=5.000208920 pen=0.0e+00 moves=1.70e+07 9.0s
[1090/3000] seed 101092 s=5.000097470 pen=0.0e+00 moves=1.70e+07 8.1s
[1091/3000] seed 101091 s=4.707108073 pen=7.1e-11 moves=1.70e+07 8.7s
[1092/3000] seed 101093 s=4.707107403 pen=0.0e+00 moves=1.70e+07 8.5s
[1093/3000] seed 101090 s=4.767767730 pen=0.0e+00 moves=1.70e+07 9.1s
[1094/3000] seed 101094 s=4.832331985 pen=0.0e+00 moves=1.70e+07 8.4s
[1095/3000] seed 101089 s=4.707111787 pen=0.0e+00 moves=1.70e+07 10.5s
[1096/3000] seed 101095 s=4.707107082 pen=0.0e+00 moves=1.70e+07 9.1s
[1097/3000] seed 101096 s=4.707107648 pen=0.0e+00 moves=1.70e+07 8.8s
[1098/3000] seed 101097 s=4.707109890 pen=0.0e+00 moves=1.70e+07 8.3s
[1099/3000] seed 101098 s=4.707106835 pen=0.0e+00 moves=1.70e+07 8.6s
[1100/3000] seed 101100 s=4.707109686 pen=0.0e+00 moves=1.70e+07 8.4s
[1101/3000] seed 101101 s=4.822884221 pen=0.0e+00 moves=1.70e+07 8.2s
[1102/3000] seed 101099 s=5.000201258 pen=0.0e+00 moves=1.70e+07 9.3s
[1103/3000] seed 101103 s=5.000008676 pen=0.0e+00 moves=1.70e+07 8.6s
[1104/3000] seed 101102 s=4.707112212 pen=0.0e+00 moves=1.70e+07 8.9s
[1105/3000] seed 101106 s=5.000029537 pen=0.0e+00 moves=1.70e+07 8.3s
[1106/3000] seed 101104 s=5.000155863 pen=0.0e+00 moves=1.70e+07 9.4s
[1107/3000] seed 101105 s=4.707113901 pen=0.0e+00 moves=1.70e+07 9.4s
[1108/3000] seed 101107 s=4.907276591 pen=0.0e+00 moves=1.70e+07 9.1s
[1109/3000] seed 101108 s=4.770215443 pen=0.0e+00 moves=1.70e+07 9.3s
[1110/3000] seed 101109 s=5.000124949 pen=0.0e+00 moves=1.70e+07 8.6s
[1111/3000] seed 101110 s=4.767776772 pen=0.0e+00 moves=1.70e+07 8.0s
[1112/3000] seed 101112 s=4.707109779 pen=8.6e-11 moves=1.70e+07 8.2s
[1113/3000] seed 101113 s=5.000009959 pen=0.0e+00 moves=1.70e+07 7.6s
[1114/3000] seed 101111 s=5.000130340 pen=0.0e+00 moves=1.70e+07 8.8s
[1115/3000] seed 101115 s=5.000000040 pen=0.0e+00 moves=1.70e+07 9.1s
[1116/3000] seed 101114 s=4.707119703 pen=0.0e+00 moves=1.70e+07 9.2s
[1117/3000] seed 101118 s=4.769818020 pen=0.0e+00 moves=1.70e+07 7.7s
[1118/3000] seed 101116 s=5.000124567 pen=0.0e+00 moves=1.70e+07 8.8s
[1119/3000] seed 101117 s=5.000176077 pen=0.0e+00 moves=1.70e+07 8.9s
[1120/3000] seed 101119 s=4.707108370 pen=0.0e+00 moves=1.70e+07 8.7s
[1121/3000] seed 101120 s=5.000104738 pen=0.0e+00 moves=1.70e+07 8.7s
[1122/3000] seed 101121 s=4.771261314 pen=0.0e+00 moves=1.70e+07 9.2s
[1123/3000] seed 101122 s=5.000157758 pen=0.0e+00 moves=1.70e+07 8.8s
[1124/3000] seed 101123 s=4.728581394 pen=0.0e+00 moves=1.70e+07 8.6s
[1125/3000] seed 101124 s=5.000096554 pen=0.0e+00 moves=1.70e+07 9.0s
[1126/3000] seed 101125 s=5.000115419 pen=0.0e+00 moves=1.70e+07 9.2s
[1127/3000] seed 101127 s=4.707110244 pen=0.0e+00 moves=1.70e+07 8.6s
[1128/3000] seed 101126 s=4.707107931 pen=0.0e+00 moves=1.70e+07 9.0s
[1129/3000] seed 101129 s=5.000007288 pen=0.0e+00 moves=1.70e+07 8.6s
[1130/3000] seed 101128 s=4.767770327 pen=0.0e+00 moves=1.70e+07 9.0s
[1131/3000] seed 101130 s=4.708695183 pen=0.0e+00 moves=1.70e+07 8.7s
[1132/3000] seed 101131 s=4.707120882 pen=0.0e+00 moves=1.70e+07 9.1s
[1133/3000] seed 101132 s=5.000000040 pen=0.0e+00 moves=1.70e+07 8.8s
[1134/3000] seed 101133 s=4.707107278 pen=1.6e-11 moves=1.70e+07 8.5s
[1135/3000] seed 101134 s=5.000164243 pen=0.0e+00 moves=1.70e+07 8.4s
[1136/3000] seed 101135 s=4.728582565 pen=0.0e+00 moves=1.70e+07 8.3s
[1137/3000] seed 101136 s=5.000115800 pen=0.0e+00 moves=1.70e+07 8.9s
[1138/3000] seed 101137 s=5.000112698 pen=0.0e+00 moves=1.70e+07 8.9s
[1139/3000] seed 101139 s=4.707126081 pen=0.0e+00 moves=1.70e+07 8.6s
[1140/3000] seed 101138 s=5.000184091 pen=0.0e+00 moves=1.70e+07 9.1s
[1141/3000] seed 101140 s=5.000143260 pen=0.0e+00 moves=1.70e+07 8.8s
[1142/3000] seed 101141 s=5.000000422 pen=0.0e+00 moves=1.70e+07 8.8s
[1143/3000] seed 101142 s=4.767771359 pen=0.0e+00 moves=1.70e+07 8.6s
[1144/3000] seed 101144 s=5.000183695 pen=0.0e+00 moves=1.70e+07 8.5s
[1145/3000] seed 101143 s=5.000141351 pen=0.0e+00 moves=1.70e+07 8.8s
[1146/3000] seed 101145 s=5.000295564 pen=0.0e+00 moves=1.70e+07 9.1s
[1147/3000] seed 101146 s=5.000148980 pen=0.0e+00 moves=1.70e+07 9.1s
[1148/3000] seed 101147 s=5.000238316 pen=0.0e+00 moves=1.70e+07 9.2s
[1149/3000] seed 101148 s=4.828427252 pen=0.0e+00 moves=1.70e+07 8.3s
[1150/3000] seed 101149 s=5.000181788 pen=0.0e+00 moves=1.70e+07 8.5s
[1151/3000] seed 101151 s=5.000245135 pen=0.0e+00 moves=1.70e+07 8.6s
[1152/3000] seed 101154 s=5.000043910 pen=0.0e+00 moves=1.70e+07 8.2s
[1153/3000] seed 101153 s=5.000037547 pen=0.0e+00 moves=1.70e+07 8.2s
[1154/3000] seed 101150 s=5.000185603 pen=0.0e+00 moves=1.70e+07 9.0s
[1155/3000] seed 101152 s=4.707108545 pen=0.0e+00 moves=1.70e+07 8.9s
[1156/3000] seed 101156 s=5.000101294 pen=0.0e+00 moves=1.70e+07 8.1s
[1157/3000] seed 101155 s=5.000025600 pen=0.0e+00 moves=1.70e+07 9.0s
[1158/3000] seed 101157 s=5.000159288 pen=0.0e+00 moves=1.70e+07 8.8s
[1159/3000] seed 101158 s=4.707121449 pen=0.0e+00 moves=1.70e+07 7.8s
[1160/3000] seed 101159 s=4.828497722 pen=0.0e+00 moves=1.70e+07 8.4s
[1161/3000] seed 101160 s=4.707121564 pen=0.0e+00 moves=1.70e+07 8.6s
[1162/3000] seed 101161 s=4.733122759 pen=0.0e+00 moves=1.70e+07 8.8s
[1163/3000] seed 101162 s=4.707107250 pen=0.0e+00 moves=1.70e+07 7.9s
[1164/3000] seed 101164 s=5.000113873 pen=0.0e+00 moves=1.70e+07 8.6s
[1165/3000] seed 101163 s=5.000005762 pen=0.0e+00 moves=1.70e+07 8.8s
[1166/3000] seed 101165 s=4.767799132 pen=0.0e+00 moves=1.70e+07 8.7s
[1167/3000] seed 101166 s=4.828434670 pen=0.0e+00 moves=1.70e+07 8.6s
[1168/3000] seed 101167 s=4.998997490 pen=0.0e+00 moves=1.70e+07 8.1s
[1169/3000] seed 101168 s=5.000147825 pen=0.0e+00 moves=1.70e+07 9.1s
[1170/3000] seed 101169 s=4.707155220 pen=0.0e+00 moves=1.70e+07 7.8s
[1171/3000] seed 101170 s=5.000166530 pen=0.0e+00 moves=1.70e+07 9.0s
[1172/3000] seed 101172 s=4.724469644 pen=0.0e+00 moves=1.70e+07 8.2s
[1173/3000] seed 101171 s=4.707107685 pen=0.0e+00 moves=1.70e+07 9.4s
[1174/3000] seed 101173 s=4.728583901 pen=0.0e+00 moves=1.70e+07 8.4s
[1175/3000] seed 101174 s=5.000181027 pen=0.0e+00 moves=1.70e+07 8.6s
[1176/3000] seed 101175 s=5.000006907 pen=0.0e+00 moves=1.70e+07 8.5s
[1177/3000] seed 101176 s=4.677747591 pen=0.0e+00 moves=1.70e+07 8.5s saved n17_s4.677747591_seed101176.json
[1178/3000] seed 101177 s=4.828540480 pen=0.0e+00 moves=1.70e+07 8.4s
[1179/3000] seed 101178 s=4.707117192 pen=0.0e+00 moves=1.70e+07 8.5s
[1180/3000] seed 101179 s=4.707113098 pen=0.0e+00 moves=1.70e+07 8.4s
[1181/3000] seed 101181 s=4.822877129 pen=0.0e+00 moves=1.70e+07 8.5s
[1182/3000] seed 101180 s=5.000116936 pen=0.0e+00 moves=1.70e+07 9.3s
[1183/3000] seed 101182 s=5.000093696 pen=0.0e+00 moves=1.70e+07 8.3s
[1184/3000] seed 101183 s=4.707107103 pen=0.0e+00 moves=1.70e+07 8.5s
[1185/3000] seed 101184 s=4.728583924 pen=0.0e+00 moves=1.70e+07 8.4s
[1186/3000] seed 101185 s=5.000156609 pen=0.0e+00 moves=1.70e+07 8.8s
[1187/3000] seed 101186 s=4.728584699 pen=0.0e+00 moves=1.70e+07 8.2s
[1188/3000] seed 101188 s=4.822884035 pen=0.0e+00 moves=1.70e+07 7.9s
[1189/3000] seed 101187 s=4.767769322 pen=0.0e+00 moves=1.70e+07 8.3s
[1190/3000] seed 101189 s=4.707107336 pen=0.0e+00 moves=1.70e+07 8.9s
[1191/3000] seed 101191 s=4.767770981 pen=0.0e+00 moves=1.70e+07 8.2s
[1192/3000] seed 101190 s=5.000122617 pen=0.0e+00 moves=1.70e+07 9.7s
[1193/3000] seed 101192 s=4.707109858 pen=0.0e+00 moves=1.70e+07 9.0s
[1194/3000] seed 101194 s=4.735229477 pen=0.0e+00 moves=1.70e+07 8.1s
[1195/3000] seed 101193 s=4.707174015 pen=0.0e+00 moves=1.70e+07 8.9s
[1196/3000] seed 101195 s=5.000144361 pen=0.0e+00 moves=1.70e+07 8.5s
[1197/3000] seed 101196 s=5.000142114 pen=0.0e+00 moves=1.70e+07 8.6s
[1198/3000] seed 101198 s=4.763439338 pen=0.0e+00 moves=1.70e+07 8.1s
[1199/3000] seed 101197 s=5.000111973 pen=0.0e+00 moves=1.70e+07 8.7s
[1200/3000] seed 101199 s=4.858220877 pen=0.0e+00 moves=1.70e+07 8.2s
[1201/3000] seed 101200 s=5.000199336 pen=0.0e+00 moves=1.70e+07 8.8s
[1202/3000] seed 101201 s=5.000104184 pen=0.0e+00 moves=1.70e+07 8.9s
[1203/3000] seed 101202 s=5.000178739 pen=0.0e+00 moves=1.70e+07 8.8s
[1204/3000] seed 101203 s=5.000087181 pen=0.0e+00 moves=1.70e+07 8.4s
[1205/3000] seed 101204 s=4.836483530 pen=0.0e+00 moves=1.70e+07 7.6s
[1206/3000] seed 101205 s=5.000008303 pen=0.0e+00 moves=1.70e+07 7.8s
[1207/3000] seed 101206 s=5.000169611 pen=0.0e+00 moves=1.70e+07 8.8s
[1208/3000] seed 101207 s=5.000120328 pen=0.0e+00 moves=1.70e+07 9.0s
[1209/3000] seed 101208 s=5.000213835 pen=0.0e+00 moves=1.70e+07 8.4s
[1210/3000] seed 101209 s=5.000000040 pen=0.0e+00 moves=1.70e+07 8.8s
[1211/3000] seed 101211 s=4.707107155 pen=0.0e+00 moves=1.70e+07 8.4s
[1212/3000] seed 101210 s=5.000130277 pen=0.0e+00 moves=1.70e+07 8.9s
[1213/3000] seed 101212 s=5.000314168 pen=0.0e+00 moves=1.70e+07 8.4s
[1214/3000] seed 101213 s=4.707112152 pen=0.0e+00 moves=1.70e+07 8.5s
[1215/3000] seed 101214 s=5.000021403 pen=0.0e+00 moves=1.70e+07 8.8s
[1216/3000] seed 101215 s=5.000016826 pen=0.0e+00 moves=1.70e+07 8.9s
[1217/3000] seed 101216 s=4.707145714 pen=0.0e+00 moves=1.70e+07 8.4s
[1218/3000] seed 101217 s=5.000079552 pen=0.0e+00 moves=1.70e+07 8.2s
[1219/3000] seed 101218 s=4.767771144 pen=0.0e+00 moves=1.70e+07 7.6s
[1220/3000] seed 101219 s=5.000045225 pen=0.0e+00 moves=1.70e+07 8.7s
[1221/3000] seed 101220 s=4.707108507 pen=0.0e+00 moves=1.70e+07 8.6s
[1222/3000] seed 101223 s=4.707107202 pen=0.0e+00 moves=1.70e+07 7.9s
[1223/3000] seed 101222 s=4.822875916 pen=0.0e+00 moves=1.70e+07 8.4s
[1224/3000] seed 101221 s=4.707107177 pen=0.0e+00 moves=1.70e+07 9.5s
[1225/3000] seed 101224 s=5.000104350 pen=0.0e+00 moves=1.70e+07 8.6s
[1226/3000] seed 101225 s=5.000122289 pen=0.0e+00 moves=1.70e+07 8.5s
[1227/3000] seed 101226 s=4.767778297 pen=0.0e+00 moves=1.70e+07 8.5s
[1228/3000] seed 101227 s=5.000111604 pen=0.0e+00 moves=1.70e+07 8.5s
[1229/3000] seed 101229 s=4.859403541 pen=0.0e+00 moves=1.70e+07 8.0s
[1230/3000] seed 101228 s=5.000107783 pen=0.0e+00 moves=1.70e+07 9.3s
[1231/3000] seed 101230 s=5.000087902 pen=0.0e+00 moves=1.70e+07 8.6s
[1232/3000] seed 101231 s=5.000152413 pen=0.0e+00 moves=1.70e+07 8.5s
[1233/3000] seed 101233 s=5.000004450 pen=0.0e+00 moves=1.70e+07 8.1s
[1234/3000] seed 101234 s=4.767768017 pen=0.0e+00 moves=1.70e+07 8.5s
[1235/3000] seed 101232 s=4.707108977 pen=0.0e+00 moves=1.70e+07 9.3s
[1236/3000] seed 101235 s=5.000123258 pen=0.0e+00 moves=1.70e+07 8.9s
[1237/3000] seed 101236 s=5.000145959 pen=0.0e+00 moves=1.70e+07 9.0s
[1238/3000] seed 101237 s=5.000137920 pen=0.0e+00 moves=1.70e+07 8.6s
[1239/3000] seed 101239 s=5.000128459 pen=0.0e+00 moves=1.70e+07 8.3s
[1240/3000] seed 101238 s=5.000019496 pen=0.0e+00 moves=1.70e+07 8.7s
[1241/3000] seed 101240 s=5.000176832 pen=0.0e+00 moves=1.70e+07 9.1s
[1242/3000] seed 101241 s=5.000199349 pen=0.0e+00 moves=1.70e+07 9.2s
[1243/3000] seed 101242 s=5.000134536 pen=0.0e+00 moves=1.70e+07 9.4s
[1244/3000] seed 101244 s=4.792069965 pen=0.0e+00 moves=1.70e+07 8.4s
[1245/3000] seed 101243 s=4.707108219 pen=0.0e+00 moves=1.70e+07 9.0s
[1246/3000] seed 101246 s=4.907889451 pen=0.0e+00 moves=1.70e+07 8.4s
[1247/3000] seed 101245 s=4.770399693 pen=0.0e+00 moves=1.70e+07 8.6s
[1248/3000] seed 101247 s=4.858219074 pen=0.0e+00 moves=1.70e+07 7.8s
[1249/3000] seed 101248 s=4.707107150 pen=0.0e+00 moves=1.70e+07 8.5s
[1250/3000] seed 101250 s=5.000008432 pen=0.0e+00 moves=1.70e+07 7.8s
[1251/3000] seed 101249 s=4.707108858 pen=0.0e+00 moves=1.70e+07 8.8s
[1252/3000] seed 101251 s=4.707107321 pen=0.0e+00 moves=1.70e+07 8.7s
[1253/3000] seed 101252 s=5.000191716 pen=0.0e+00 moves=1.70e+07 8.5s
[1254/3000] seed 101253 s=4.806783933 pen=0.0e+00 moves=1.70e+07 7.9s
[1255/3000] seed 101254 s=4.707110016 pen=0.0e+00 moves=1.70e+07 8.2s
[1256/3000] seed 101255 s=4.766713669 pen=0.0e+00 moves=1.70e+07 8.2s
[1257/3000] seed 101258 s=5.000025980 pen=0.0e+00 moves=1.70e+07 7.8s
[1258/3000] seed 101257 s=4.767775975 pen=0.0e+00 moves=1.70e+07 8.1s
[1259/3000] seed 101256 s=5.000232156 pen=0.0e+00 moves=1.70e+07 8.9s
[1260/3000] seed 101259 s=4.767769243 pen=0.0e+00 moves=1.70e+07 8.0s
[1261/3000] seed 101260 s=4.707772074 pen=0.0e+00 moves=1.70e+07 7.8s
[1262/3000] seed 101261 s=4.828428758 pen=0.0e+00 moves=1.70e+07 8.0s
[1263/3000] seed 101262 s=4.711329721 pen=0.0e+00 moves=1.70e+07 8.3s
[1264/3000] seed 101263 s=4.707108155 pen=0.0e+00 moves=1.70e+07 8.4s
[1265/3000] seed 101264 s=4.707110083 pen=0.0e+00 moves=1.70e+07 8.2s
[1266/3000] seed 101265 s=4.767770563 pen=0.0e+00 moves=1.70e+07 8.4s
[1267/3000] seed 101266 s=5.000189810 pen=0.0e+00 moves=1.70e+07 8.5s
[1268/3000] seed 101268 s=4.707107763 pen=0.0e+00 moves=1.70e+07 8.4s
[1269/3000] seed 101271 s=5.000225704 pen=0.0e+00 moves=1.70e+07 7.9s
[1270/3000] seed 101267 s=5.000001948 pen=0.0e+00 moves=1.70e+07 9.2s
[1271/3000] seed 101269 s=4.707112679 pen=0.0e+00 moves=1.70e+07 9.0s
[1272/3000] seed 101270 s=5.000148980 pen=0.0e+00 moves=1.70e+07 9.0s
[1273/3000] seed 101272 s=4.828434438 pen=0.0e+00 moves=1.70e+07 8.7s
[1274/3000] seed 101273 s=4.707106870 pen=0.0e+00 moves=1.70e+07 8.4s
[1275/3000] seed 101274 s=4.707108913 pen=0.0e+00 moves=1.70e+07 8.5s
[1276/3000] seed 101275 s=4.707109845 pen=0.0e+00 moves=1.70e+07 8.8s
[1277/3000] seed 101277 s=5.000002758 pen=0.0e+00 moves=1.70e+07 8.3s
[1278/3000] seed 101276 s=5.000129539 pen=0.0e+00 moves=1.70e+07 9.3s
[1279/3000] seed 101278 s=5.000234052 pen=0.0e+00 moves=1.70e+07 8.5s
[1280/3000] seed 101280 s=4.870831707 pen=0.0e+00 moves=1.70e+07 7.8s
[1281/3000] seed 101281 s=4.821489922 pen=0.0e+00 moves=1.70e+07 7.7s
[1282/3000] seed 101279 s=5.000157743 pen=0.0e+00 moves=1.70e+07 8.7s
[1283/3000] seed 101282 s=5.000196669 pen=0.0e+00 moves=1.70e+07 8.4s
[1284/3000] seed 101284 s=4.767784539 pen=0.0e+00 moves=1.70e+07 8.2s
[1285/3000] seed 101283 s=5.000111592 pen=0.0e+00 moves=1.70e+07 8.8s
[1286/3000] seed 101285 s=5.000079554 pen=0.0e+00 moves=1.70e+07 8.7s
[1287/3000] seed 101286 s=5.000047511 pen=0.0e+00 moves=1.70e+07 8.4s
[1288/3000] seed 101287 s=5.000131813 pen=0.0e+00 moves=1.70e+07 8.4s
[1289/3000] seed 101289 s=4.720272966 pen=0.0e+00 moves=1.70e+07 8.2s
[1290/3000] seed 101288 s=4.786151981 pen=0.0e+00 moves=1.70e+07 8.4s
[1291/3000] seed 101290 s=4.707110015 pen=0.0e+00 moves=1.70e+07 8.8s
[1292/3000] seed 101292 s=4.707111692 pen=0.0e+00 moves=1.70e+07 8.1s
[1293/3000] seed 101291 s=5.000195521 pen=0.0e+00 moves=1.70e+07 8.7s
[1294/3000] seed 101293 s=5.000182933 pen=0.0e+00 moves=1.70e+07 8.7s
[1295/3000] seed 101295 s=4.870829785 pen=0.0e+00 moves=1.70e+07 7.7s
[1296/3000] seed 101294 s=4.707114254 pen=0.0e+00 moves=1.70e+07 8.5s
[1297/3000] seed 101296 s=5.000073501 pen=0.0e+00 moves=1.70e+07 8.4s
[1298/3000] seed 101297 s=4.767782394 pen=0.0e+00 moves=1.70e+07 8.3s
[1299/3000] seed 101298 s=4.767774027 pen=0.0e+00 moves=1.70e+07 7.9s
[1300/3000] seed 101299 s=5.000091410 pen=0.0e+00 moves=1.70e+07 8.8s
[1301/3000] seed 101300 s=4.707109189 pen=0.0e+00 moves=1.70e+07 8.4s
[1302/3000] seed 101301 s=5.000199718 pen=0.0e+00 moves=1.70e+07 8.6s
[1303/3000] seed 101302 s=5.000107739 pen=0.0e+00 moves=1.70e+07 9.2s
[1304/3000] seed 101303 s=5.000149746 pen=0.0e+00 moves=1.70e+07 8.3s
[1305/3000] seed 101304 s=5.000152809 pen=0.0e+00 moves=1.70e+07 8.3s
[1306/3000] seed 101307 s=5.000004240 pen=0.0e+00 moves=1.70e+07 7.6s
[1307/3000] seed 101305 s=5.000081895 pen=0.0e+00 moves=1.70e+07 8.6s
[1308/3000] seed 101306 s=5.000168830 pen=0.0e+00 moves=1.70e+07 8.7s
[1309/3000] seed 101308 s=5.000003474 pen=0.0e+00 moves=1.70e+07 8.5s
[1310/3000] seed 101309 s=4.767769845 pen=0.0e+00 moves=1.70e+07 8.3s
[1311/3000] seed 101310 s=5.000107032 pen=0.0e+00 moves=1.70e+07 8.3s
[1312/3000] seed 101311 s=4.707108234 pen=4.4e-11 moves=1.70e+07 8.4s
[1313/3000] seed 101312 s=4.815726106 pen=0.0e+00 moves=1.70e+07 7.9s
[1314/3000] seed 101313 s=5.000149402 pen=0.0e+00 moves=1.70e+07 8.8s
[1315/3000] seed 101316 s=4.822880800 pen=0.0e+00 moves=1.70e+07 7.2s
[1316/3000] seed 101314 s=4.755342372 pen=0.0e+00 moves=1.70e+07 8.0s
[1317/3000] seed 101315 s=5.000182183 pen=0.0e+00 moves=1.70e+07 8.2s
[1318/3000] seed 101317 s=5.000159280 pen=0.0e+00 moves=1.70e+07 8.8s
[1319/3000] seed 101318 s=4.813242534 pen=0.0e+00 moves=1.70e+07 8.4s
[1320/3000] seed 101319 s=5.000033992 pen=0.0e+00 moves=1.70e+07 8.9s
[1321/3000] seed 101320 s=5.000154321 pen=0.0e+00 moves=1.70e+07 8.7s
[1322/3000] seed 101322 s=4.707107497 pen=0.0e+00 moves=1.70e+07 8.2s
[1323/3000] seed 101321 s=5.000131650 pen=0.0e+00 moves=1.70e+07 8.5s
[1324/3000] seed 101323 s=4.707173686 pen=0.0e+00 moves=1.70e+07 7.8s
[1325/3000] seed 101324 s=4.728587088 pen=0.0e+00 moves=1.70e+07 8.6s
[1326/3000] seed 101325 s=4.707108503 pen=0.0e+00 moves=1.70e+07 7.8s
[1327/3000] seed 101326 s=4.688112280 pen=0.0e+00 moves=1.70e+07 8.3s saved n17_s4.688112280_seed101326.json
[1328/3000] seed 101327 s=4.707109433 pen=0.0e+00 moves=1.70e+07 8.4s
[1329/3000] seed 101328 s=4.707108490 pen=0.0e+00 moves=1.70e+07 9.1s
[1330/3000] seed 101330 s=5.000011866 pen=0.0e+00 moves=1.70e+07 8.0s
[1331/3000] seed 101329 s=5.000165003 pen=0.0e+00 moves=1.70e+07 8.6s
[1332/3000] seed 101332 s=4.858222814 pen=0.0e+00 moves=1.70e+07 7.8s
[1333/3000] seed 101334 s=4.755342782 pen=0.0e+00 moves=1.70e+07 8.0s
[1334/3000] seed 101331 s=4.728600704 pen=0.0e+00 moves=1.70e+07 8.7s
[1335/3000] seed 101333 s=4.707107249 pen=0.0e+00 moves=1.70e+07 9.1s
[1336/3000] seed 101335 s=5.000144054 pen=0.0e+00 moves=1.70e+07 9.0s
[1337/3000] seed 101337 s=5.000014918 pen=0.0e+00 moves=1.70e+07 7.8s
[1338/3000] seed 101336 s=4.677664752 pen=0.0e+00 moves=1.70e+07 8.9s saved n17_s4.677664752_seed101336.json
[1339/3000] seed 101338 s=4.707107075 pen=0.0e+00 moves=1.70e+07 7.7s
[1340/3000] seed 101339 s=5.000141361 pen=0.0e+00 moves=1.70e+07 7.6s
[1341/3000] seed 101340 s=5.000000040 pen=0.0e+00 moves=1.70e+07 6.9s
[1342/3000] seed 101341 s=5.000000422 pen=0.0e+00 moves=1.70e+07 6.3s
[1343/3000] seed 101342 s=4.822882068 pen=0.0e+00 moves=1.70e+07 6.1s
[1344/3000] seed 101343 s=4.707114158 pen=0.0e+00 moves=1.70e+07 5.9s
[1345/3000] seed 101345 s=5.000078243 pen=0.0e+00 moves=1.70e+07 5.4s
[1346/3000] seed 101344 s=4.707106944 pen=0.0e+00 moves=1.70e+07 5.6s
[1347/3000] seed 101346 s=4.822879057 pen=0.0e+00 moves=1.70e+07 4.8s
[1348/3000] seed 101347 s=4.707108271 pen=0.0e+00 moves=1.70e+07 4.3s
[1349/3000] seed 101348 s=4.707107370 pen=0.0e+00 moves=1.70e+07 4.1s
[1350/3000] seed 101349 s=5.000115628 pen=0.0e+00 moves=1.70e+07 3.6s
[1351/3000] seed 101350 s=4.828431314 pen=0.0e+00 moves=1.70e+07 3.4s
[1352/3000] seed 101351 s=5.000169216 pen=0.0e+00 moves=1.70e+07 3.5s
[1353/3000] seed 101352 s=5.000132195 pen=0.0e+00 moves=1.70e+07 3.4s
[1354/3000] seed 101354 s=4.822879580 pen=0.0e+00 moves=1.70e+07 3.1s
[1355/3000] seed 101353 s=5.000022166 pen=0.0e+00 moves=1.70e+07 3.2s
[1356/3000] seed 101356 s=4.707132158 pen=0.0e+00 moves=1.70e+07 3.4s
[1357/3000] seed 101355 s=4.707107238 pen=0.0e+00 moves=1.70e+07 3.5s
[1358/3000] seed 101357 s=5.000047084 pen=0.0e+00 moves=1.70e+07 3.4s
[1359/3000] seed 101358 s=5.000005000 pen=0.0e+00 moves=1.70e+07 3.3s
[1360/3000] seed 101360 s=5.000007336 pen=0.0e+00 moves=1.70e+07 3.2s
[1361/3000] seed 101359 s=5.000147457 pen=0.0e+00 moves=1.70e+07 3.7s
[1362/3000] seed 101361 s=4.707108337 pen=0.0e+00 moves=1.70e+07 3.5s
[1363/3000] seed 101362 s=4.822880580 pen=0.0e+00 moves=1.70e+07 3.3s
[1364/3000] seed 101363 s=5.000000040 pen=0.0e+00 moves=1.70e+07 3.6s
[1365/3000] seed 101364 s=4.714769716 pen=0.0e+00 moves=1.70e+07 3.3s
[1366/3000] seed 101365 s=5.000101666 pen=0.0e+00 moves=1.70e+07 3.4s
[1367/3000] seed 101366 s=4.707128191 pen=0.0e+00 moves=1.70e+07 3.4s
[1368/3000] seed 101368 s=4.870828888 pen=9.1e-11 moves=1.70e+07 3.2s
[1369/3000] seed 101370 s=4.707188083 pen=0.0e+00 moves=1.70e+07 3.3s
[1370/3000] seed 101367 s=5.000000040 pen=0.0e+00 moves=1.70e+07 3.5s
[1371/3000] seed 101369 s=4.767768564 pen=0.0e+00 moves=1.70e+07 3.4s
[1372/3000] seed 101371 s=4.707106878 pen=3.4e-11 moves=1.70e+07 3.5s
[1373/3000] seed 101372 s=5.000148214 pen=0.0e+00 moves=1.70e+07 3.7s
[1374/3000] seed 101373 s=5.000131817 pen=0.0e+00 moves=1.70e+07 3.6s
[1375/3000] seed 101374 s=4.767770589 pen=0.0e+00 moves=1.70e+07 3.4s
[1376/3000] seed 101375 s=4.829524983 pen=0.0e+00 moves=1.70e+07 3.4s
[1377/3000] seed 101376 s=4.767817532 pen=0.0e+00 moves=1.70e+07 3.4s
[1378/3000] seed 101378 s=4.811062088 pen=0.0e+00 moves=1.70e+07 3.3s
[1379/3000] seed 101377 s=5.000003634 pen=0.0e+00 moves=1.70e+07 3.4s
[1380/3000] seed 101379 s=4.707108152 pen=0.0e+00 moves=1.70e+07 3.5s
[1381/3000] seed 101382 s=4.728581826 pen=0.0e+00 moves=1.70e+07 3.6s
[1382/3000] seed 101381 s=5.000000040 pen=0.0e+00 moves=1.70e+07 3.7s
[1383/3000] seed 101380 s=4.707108375 pen=0.0e+00 moves=1.70e+07 4.1s
[1384/3000] seed 101383 s=5.000156621 pen=0.0e+00 moves=1.70e+07 3.8s
[1385/3000] seed 101385 s=4.767775978 pen=0.0e+00 moves=1.70e+07 3.6s
[1386/3000] seed 101384 s=5.000058188 pen=0.0e+00 moves=1.70e+07 3.6s
[1387/3000] seed 101386 s=5.000152415 pen=0.0e+00 moves=1.70e+07 3.7s
[1388/3000] seed 101390 s=4.822880063 pen=0.0e+00 moves=1.70e+07 3.2s
[1389/3000] seed 101388 s=4.707107039 pen=9.4e-11 moves=1.70e+07 3.7s
[1390/3000] seed 101389 s=5.000146823 pen=0.0e+00 moves=1.70e+07 3.6s
[1391/3000] seed 101387 s=5.000176069 pen=0.0e+00 moves=1.70e+07 3.9s
[1392/3000] seed 101391 s=4.707241045 pen=0.0e+00 moves=1.70e+07 3.5s
[1393/3000] seed 101392 s=4.707110230 pen=0.0e+00 moves=1.70e+07 3.7s
[1394/3000] seed 101393 s=4.707107577 pen=0.0e+00 moves=1.70e+07 3.7s
[1395/3000] seed 101394 s=4.755354061 pen=0.0e+00 moves=1.70e+07 3.6s
[1396/3000] seed 101395 s=4.767768071 pen=0.0e+00 moves=1.70e+07 3.6s
[1397/3000] seed 101396 s=4.892503232 pen=0.0e+00 moves=1.70e+07 3.3s
[1398/3000] seed 101397 s=4.707110820 pen=0.0e+00 moves=1.70e+07 3.6s
[1399/3000] seed 101398 s=5.000026491 pen=0.0e+00 moves=1.70e+07 3.7s
[1400/3000] seed 101399 s=5.000000201 pen=0.0e+00 moves=1.70e+07 3.6s
[1401/3000] seed 101400 s=5.000129514 pen=0.0e+00 moves=1.70e+07 3.7s
[1402/3000] seed 101401 s=5.000208876 pen=0.0e+00 moves=1.70e+07 3.8s
[1403/3000] seed 101402 s=4.711324187 pen=0.0e+00 moves=1.70e+07 3.9s
[1404/3000] seed 101403 s=5.000038569 pen=0.0e+00 moves=1.70e+07 3.6s
[1405/3000] seed 101404 s=4.707108313 pen=0.0e+00 moves=1.70e+07 3.9s
[1406/3000] seed 101405 s=5.000162350 pen=0.0e+00 moves=1.70e+07 4.2s
[1407/3000] seed 101406 s=4.707113778 pen=0.0e+00 moves=1.70e+07 3.9s
[1408/3000] seed 101407 s=4.707122541 pen=0.0e+00 moves=1.70e+07 3.9s
[1409/3000] seed 101408 s=4.707107455 pen=0.0e+00 moves=1.70e+07 4.1s
[1410/3000] seed 101409 s=5.000133939 pen=0.0e+00 moves=1.70e+07 3.8s
[1411/3000] seed 101410 s=5.000274111 pen=0.0e+00 moves=1.70e+07 4.1s
[1412/3000] seed 101411 s=4.707110813 pen=0.0e+00 moves=1.70e+07 4.1s
[1413/3000] seed 101412 s=4.864657571 pen=0.0e+00 moves=1.70e+07 4.0s
[1414/3000] seed 101413 s=5.000074810 pen=0.0e+00 moves=1.70e+07 4.1s
[1415/3000] seed 101415 s=5.000046581 pen=0.0e+00 moves=1.70e+07 4.0s
[1416/3000] seed 101414 s=5.000083798 pen=0.0e+00 moves=1.70e+07 4.2s
[1417/3000] seed 101416 s=4.707107707 pen=0.0e+00 moves=1.70e+07 3.9s
[1418/3000] seed 101417 s=5.000147093 pen=0.0e+00 moves=1.70e+07 3.8s
[1419/3000] seed 101418 s=4.731053770 pen=0.0e+00 moves=1.70e+07 4.0s
[1420/3000] seed 101419 s=4.972988002 pen=0.0e+00 moves=1.70e+07 3.7s
[1421/3000] seed 101421 s=4.788375160 pen=0.0e+00 moves=1.70e+07 3.8s
[1422/3000] seed 101420 s=4.707110247 pen=0.0e+00 moves=1.70e+07 3.9s
[1423/3000] seed 101423 s=4.728587508 pen=0.0e+00 moves=1.70e+07 3.8s
[1424/3000] seed 101422 s=4.707108326 pen=0.0e+00 moves=1.70e+07 3.9s
[1425/3000] seed 101424 s=4.840038269 pen=0.0e+00 moves=1.70e+07 3.5s
[1426/3000] seed 101425 s=5.000161236 pen=0.0e+00 moves=1.70e+07 4.0s
[1427/3000] seed 101426 s=4.707110518 pen=0.0e+00 moves=1.70e+07 3.9s
[1428/3000] seed 101427 s=5.000144025 pen=0.0e+00 moves=1.70e+07 4.0s
[1429/3000] seed 101428 s=4.828446585 pen=0.0e+00 moves=1.70e+07 3.7s
[1430/3000] seed 101430 s=5.000184473 pen=0.0e+00 moves=1.70e+07 3.9s
[1431/3000] seed 101429 s=5.000188658 pen=0.0e+00 moves=1.70e+07 4.1s
[1432/3000] seed 101431 s=5.000099392 pen=0.0e+00 moves=1.70e+07 3.9s
[1433/3000] seed 101432 s=5.000053612 pen=0.0e+00 moves=1.70e+07 3.7s
[1434/3000] seed 101433 s=5.000008051 pen=0.0e+00 moves=1.70e+07 3.6s
[1435/3000] seed 101435 s=4.828432928 pen=0.0e+00 moves=1.70e+07 3.5s
[1436/3000] seed 101434 s=5.000064128 pen=0.0e+00 moves=1.70e+07 3.6s
[1437/3000] seed 101436 s=5.000071952 pen=0.0e+00 moves=1.70e+07 3.8s
[1438/3000] seed 101437 s=4.822883683 pen=0.0e+00 moves=1.70e+07 3.6s
[1439/3000] seed 101438 s=5.000138460 pen=0.0e+00 moves=1.70e+07 4.0s
[1440/3000] seed 101440 s=5.000034762 pen=0.0e+00 moves=1.70e+07 3.7s
[1441/3000] seed 101439 s=5.000118082 pen=0.0e+00 moves=1.70e+07 4.0s
[1442/3000] seed 101441 s=5.000000040 pen=0.0e+00 moves=1.70e+07 3.9s
[1443/3000] seed 101442 s=5.000158139 pen=0.0e+00 moves=1.70e+07 4.0s
[1444/3000] seed 101443 s=5.000067943 pen=0.0e+00 moves=1.70e+07 3.6s
[1445/3000] seed 101444 s=5.000057795 pen=0.0e+00 moves=1.70e+07 3.7s
[1446/3000] seed 101445 s=5.000189050 pen=0.0e+00 moves=1.70e+07 3.8s
[1447/3000] seed 101447 s=5.000113135 pen=0.0e+00 moves=1.70e+07 3.8s
[1448/3000] seed 101446 s=5.000258860 pen=0.0e+00 moves=1.70e+07 3.8s
[1449/3000] seed 101448 s=4.707109297 pen=0.0e+00 moves=1.70e+07 3.7s
[1450/3000] seed 101449 s=5.000113461 pen=0.0e+00 moves=1.70e+07 3.8s
[1451/3000] seed 101452 s=5.000011484 pen=0.0e+00 moves=1.70e+07 3.5s
[1452/3000] seed 101450 s=4.707107172 pen=0.0e+00 moves=1.70e+07 4.0s
[1453/3000] seed 101451 s=4.707107054 pen=0.0e+00 moves=1.70e+07 3.9s
[1454/3000] seed 101453 s=5.000198575 pen=0.0e+00 moves=1.70e+07 3.8s
[1455/3000] seed 101454 s=5.000104687 pen=0.0e+00 moves=1.70e+07 3.7s
[1456/3000] seed 101455 s=5.000062221 pen=0.0e+00 moves=1.70e+07 3.7s
[1457/3000] seed 101456 s=5.000224526 pen=0.0e+00 moves=1.70e+07 3.9s
[1458/3000] seed 101457 s=4.707107144 pen=0.0e+00 moves=1.70e+07 4.0s
[1459/3000] seed 101459 s=4.767817120 pen=0.0e+00 moves=1.70e+07 3.7s
[1460/3000] seed 101458 s=5.000156231 pen=0.0e+00 moves=1.70e+07 3.8s
[1461/3000] seed 101460 s=4.789682828 pen=0.0e+00 moves=1.70e+07 3.6s
[1462/3000] seed 101461 s=4.822877610 pen=0.0e+00 moves=1.70e+07 3.6s
[1463/3000] seed 101462 s=4.707107631 pen=0.0e+00 moves=1.70e+07 4.0s
[1464/3000] seed 101463 s=5.000047343 pen=0.0e+00 moves=1.70e+07 4.0s
[1465/3000] seed 101464 s=5.000132958 pen=0.0e+00 moves=1.70e+07 3.9s
[1466/3000] seed 101465 s=4.831041014 pen=0.0e+00 moves=1.70e+07 4.0s
[1467/3000] seed 101466 s=5.000048869 pen=0.0e+00 moves=1.70e+07 3.9s
[1468/3000] seed 101467 s=5.000094809 pen=0.0e+00 moves=1.70e+07 3.9s
[1469/3000] seed 101468 s=5.000137533 pen=0.0e+00 moves=1.70e+07 3.8s
[1470/3000] seed 101469 s=4.767768683 pen=0.0e+00 moves=1.70e+07 3.8s
[1471/3000] seed 101472 s=4.859710181 pen=0.0e+00 moves=1.70e+07 3.9s
[1472/3000] seed 101470 s=5.000203159 pen=0.0e+00 moves=1.70e+07 4.1s
[1473/3000] seed 101471 s=5.000183360 pen=0.0e+00 moves=1.70e+07 4.1s
[1474/3000] seed 101473 s=5.000007471 pen=0.0e+00 moves=1.70e+07 4.0s
[1475/3000] seed 101474 s=4.704256395 pen=0.0e+00 moves=1.70e+07 3.8s
[1476/3000] seed 101476 s=5.033818092 pen=0.0e+00 moves=1.70e+07 3.7s
[1477/3000] seed 101475 s=4.788257699 pen=0.0e+00 moves=1.70e+07 3.8s
[1478/3000] seed 101477 s=5.000079929 pen=0.0e+00 moves=1.70e+07 3.9s
[1479/3000] seed 101478 s=4.707108388 pen=0.0e+00 moves=1.70e+07 3.9s
[1480/3000] seed 101479 s=5.000133336 pen=0.0e+00 moves=1.70e+07 3.9s
[1481/3000] seed 101480 s=5.000137157 pen=0.0e+00 moves=1.70e+07 3.8s
[1482/3000] seed 101481 s=4.707106975 pen=0.0e+00 moves=1.70e+07 3.8s
[1483/3000] seed 101484 s=5.000084901 pen=0.0e+00 moves=1.70e+07 3.8s
[1484/3000] seed 101483 s=5.000160852 pen=0.0e+00 moves=1.70e+07 4.1s
[1485/3000] seed 101485 s=4.826207272 pen=0.0e+00 moves=1.70e+07 3.8s
[1486/3000] seed 101482 s=4.707231619 pen=0.0e+00 moves=1.70e+07 5.3s
[1487/3000] seed 101487 s=4.707118078 pen=0.0e+00 moves=1.70e+07 3.9s
[1488/3000] seed 101486 s=4.707142194 pen=0.0e+00 moves=1.70e+07 4.3s
[1489/3000] seed 101488 s=4.707107627 pen=0.0e+00 moves=1.70e+07 4.2s
[1490/3000] seed 101489 s=4.768888771 pen=0.0e+00 moves=1.70e+07 3.8s
[1491/3000] seed 101490 s=4.707110699 pen=0.0e+00 moves=1.70e+07 4.1s
[1492/3000] seed 101491 s=4.767767737 pen=0.0e+00 moves=1.70e+07 3.8s
[1493/3000] seed 101493 s=4.828433990 pen=0.0e+00 moves=1.70e+07 3.8s
[1494/3000] seed 101492 s=4.755345765 pen=0.0e+00 moves=1.70e+07 4.0s
[1495/3000] seed 101494 s=4.728584134 pen=0.0e+00 moves=1.70e+07 3.9s
[1496/3000] seed 101495 s=5.000140806 pen=0.0e+00 moves=1.70e+07 4.0s
[1497/3000] seed 101496 s=4.799805293 pen=0.0e+00 moves=1.70e+07 3.9s
[1498/3000] seed 101497 s=4.767772038 pen=0.0e+00 moves=1.70e+07 4.0s
[1499/3000] seed 101498 s=4.677660300 pen=0.0e+00 moves=1.70e+07 4.2s saved n17_s4.677660300_seed101498.json
[1500/3000] seed 101499 s=5.000048869 pen=0.0e+00 moves=1.70e+07 4.0s
[1501/3000] seed 101500 s=5.000087940 pen=0.0e+00 moves=1.70e+07 4.0s
[1502/3000] seed 101501 s=4.976653981 pen=0.0e+00 moves=1.70e+07 3.8s
[1503/3000] seed 101503 s=5.000073406 pen=0.0e+00 moves=1.70e+07 3.9s
[1504/3000] seed 101502 s=5.000085273 pen=0.0e+00 moves=1.70e+07 4.1s
[1505/3000] seed 101504 s=4.728599330 pen=0.0e+00 moves=1.70e+07 3.9s
[1506/3000] seed 101505 s=5.000178362 pen=0.0e+00 moves=1.70e+07 4.1s
[1507/3000] seed 101506 s=4.707108384 pen=0.0e+00 moves=1.70e+07 4.0s
[1508/3000] seed 101508 s=4.822885431 pen=0.0e+00 moves=1.70e+07 3.7s
[1509/3000] seed 101507 s=5.000111973 pen=0.0e+00 moves=1.70e+07 4.3s
[1510/3000] seed 101509 s=4.707107133 pen=0.0e+00 moves=1.70e+07 4.1s
[1511/3000] seed 101510 s=5.000123052 pen=0.0e+00 moves=1.70e+07 4.1s
[1512/3000] seed 101512 s=4.707115453 pen=0.0e+00 moves=1.70e+07 4.1s
[1513/3000] seed 101513 s=4.828474286 pen=0.0e+00 moves=1.70e+07 3.7s
[1514/3000] seed 101511 s=4.707107390 pen=0.0e+00 moves=1.70e+07 4.2s
[1515/3000] seed 101514 s=5.000099771 pen=0.0e+00 moves=1.70e+07 3.9s
[1516/3000] seed 101516 s=4.908566391 pen=0.0e+00 moves=1.70e+07 3.9s
[1517/3000] seed 101515 s=5.000216166 pen=0.0e+00 moves=1.70e+07 4.3s
[1518/3000] seed 101517 s=5.000128410 pen=0.0e+00 moves=1.70e+07 4.3s
[1519/3000] seed 101519 s=4.767768462 pen=0.0e+00 moves=1.70e+07 4.0s
[1520/3000] seed 101518 s=5.000175683 pen=0.0e+00 moves=1.70e+07 4.1s
[1521/3000] seed 101520 s=5.000189048 pen=0.0e+00 moves=1.70e+07 4.1s
[1522/3000] seed 101521 s=4.792773414 pen=0.0e+00 moves=1.70e+07 3.9s
[1523/3000] seed 101522 s=4.828448282 pen=0.0e+00 moves=1.70e+07 3.9s
[1524/3000] seed 101525 s=5.000001947 pen=0.0e+00 moves=1.70e+07 3.8s
[1525/3000] seed 101523 s=5.000110083 pen=0.0e+00 moves=1.70e+07 4.1s
[1526/3000] seed 101524 s=4.707106860 pen=0.0e+00 moves=1.70e+07 4.1s
[1527/3000] seed 101526 s=5.000288233 pen=0.0e+00 moves=1.70e+07 3.9s
[1528/3000] seed 101528 s=4.707106830 pen=0.0e+00 moves=1.70e+07 3.9s
[1529/3000] seed 101527 s=5.000000422 pen=0.0e+00 moves=1.70e+07 4.2s
[1530/3000] seed 101529 s=4.886465119 pen=0.0e+00 moves=1.70e+07 3.7s
[1531/3000] seed 101530 s=4.708450420 pen=0.0e+00 moves=1.70e+07 3.8s
[1532/3000] seed 101531 s=5.000152046 pen=0.0e+00 moves=1.70e+07 4.1s
[1533/3000] seed 101532 s=4.767768167 pen=0.0e+00 moves=1.70e+07 3.9s
[1534/3000] seed 101533 s=4.707110777 pen=0.0e+00 moves=1.70e+07 4.0s
[1535/3000] seed 101535 s=5.000050136 pen=0.0e+00 moves=1.70e+07 3.7s
[1536/3000] seed 101534 s=5.000199718 pen=0.0e+00 moves=1.70e+07 3.9s
[1537/3000] seed 101537 s=4.788485768 pen=0.0e+00 moves=1.70e+07 3.8s
[1538/3000] seed 101536 s=4.707112614 pen=0.0e+00 moves=1.70e+07 4.0s
[1539/3000] seed 101538 s=5.000115793 pen=0.0e+00 moves=1.70e+07 4.2s
[1540/3000] seed 101539 s=5.000111850 pen=0.0e+00 moves=1.70e+07 3.9s
[1541/3000] seed 101540 s=4.822881382 pen=0.0e+00 moves=1.70e+07 3.9s
[1542/3000] seed 101541 s=5.000130290 pen=0.0e+00 moves=1.70e+07 3.9s
[1543/3000] seed 101542 s=4.979941687 pen=0.0e+00 moves=1.70e+07 4.0s
[1544/3000] seed 101543 s=5.000112195 pen=0.0e+00 moves=1.70e+07 4.0s
[1545/3000] seed 101544 s=5.000000422 pen=0.0e+00 moves=1.70e+07 3.9s
[1546/3000] seed 101545 s=5.000036531 pen=0.0e+00 moves=1.70e+07 3.7s
[1547/3000] seed 101547 s=4.870829553 pen=0.0e+00 moves=1.70e+07 3.8s
[1548/3000] seed 101546 s=4.707109342 pen=0.0e+00 moves=1.70e+07 4.1s
[1549/3000] seed 101548 s=5.000044414 pen=0.0e+00 moves=1.70e+07 4.1s
[1550/3000] seed 101549 s=5.000038142 pen=0.0e+00 moves=1.70e+07 3.9s
[1551/3000] seed 101550 s=5.000202019 pen=0.0e+00 moves=1.70e+07 4.0s
[1552/3000] seed 101551 s=5.000102060 pen=0.0e+00 moves=1.70e+07 4.0s
[1553/3000] seed 101553 s=5.000072521 pen=0.0e+00 moves=1.70e+07 3.9s
[1554/3000] seed 101552 s=4.711323951 pen=0.0e+00 moves=1.70e+07 4.1s
[1555/3000] seed 101554 s=5.000202009 pen=0.0e+00 moves=1.70e+07 4.1s
[1556/3000] seed 101555 s=4.771224399 pen=0.0e+00 moves=1.70e+07 3.9s
[1557/3000] seed 101556 s=4.677696294 pen=0.0e+00 moves=1.70e+07 4.1s saved n17_s4.677696294_seed101556.json
[1558/3000] seed 101557 s=4.789812868 pen=0.0e+00 moves=1.70e+07 3.8s
[1559/3000] seed 101558 s=4.707108524 pen=0.0e+00 moves=1.70e+07 4.1s
[1560/3000] seed 101559 s=5.000157768 pen=0.0e+00 moves=1.70e+07 4.1s
[1561/3000] seed 101561 s=5.000026920 pen=0.0e+00 moves=1.70e+07 4.1s
[1562/3000] seed 101560 s=5.000101132 pen=0.0e+00 moves=1.70e+07 4.2s
[1563/3000] seed 101562 s=4.905038380 pen=0.0e+00 moves=1.70e+07 3.9s
[1564/3000] seed 101565 s=5.000142888 pen=0.0e+00 moves=1.70e+07 3.8s
[1565/3000] seed 101564 s=4.883180145 pen=0.0e+00 moves=1.70e+07 4.0s
[1566/3000] seed 101563 s=4.711323909 pen=0.0e+00 moves=1.70e+07 4.2s
[1567/3000] seed 101566 s=4.829574945 pen=0.0e+00 moves=1.70e+07 3.8s
[1568/3000] seed 101567 s=4.707117553 pen=0.0e+00 moves=1.70e+07 4.2s
[1569/3000] seed 101569 s=4.951147726 pen=0.0e+00 moves=1.70e+07 3.9s
[1570/3000] seed 101568 s=5.000170343 pen=0.0e+00 moves=1.70e+07 4.3s
[1571/3000] seed 101570 s=4.755344479 pen=0.0e+00 moves=1.70e+07 3.9s
[1572/3000] seed 101571 s=4.721724247 pen=0.0e+00 moves=1.70e+07 3.8s
[1573/3000] seed 101572 s=4.707108996 pen=0.0e+00 moves=1.70e+07 4.2s
[1574/3000] seed 101573 s=5.000073447 pen=0.0e+00 moves=1.70e+07 4.3s
[1575/3000] seed 101574 s=5.000171881 pen=0.0e+00 moves=1.70e+07 4.0s
[1576/3000] seed 101576 s=4.806752856 pen=0.0e+00 moves=1.70e+07 3.8s
[1577/3000] seed 101575 s=5.000124950 pen=0.0e+00 moves=1.70e+07 4.1s
[1578/3000] seed 101577 s=4.707108839 pen=0.0e+00 moves=1.70e+07 4.1s
[1579/3000] seed 101578 s=5.000004236 pen=0.0e+00 moves=1.70e+07 3.8s
[1580/3000] seed 101579 s=4.707109662 pen=0.0e+00 moves=1.70e+07 3.9s
[1581/3000] seed 101580 s=4.858221601 pen=0.0e+00 moves=1.70e+07 3.7s
[1582/3000] seed 101581 s=5.000120206 pen=0.0e+00 moves=1.70e+07 4.1s
[1583/3000] seed 101582 s=5.000006525 pen=0.0e+00 moves=1.70e+07 3.6s
[1584/3000] seed 101583 s=4.707122728 pen=0.0e+00 moves=1.70e+07 3.8s
[1585/3000] seed 101584 s=4.767769127 pen=0.0e+00 moves=1.70e+07 3.7s
[1586/3000] seed 101585 s=4.767810443 pen=0.0e+00 moves=1.70e+07 3.7s
[1587/3000] seed 101586 s=5.000040096 pen=0.0e+00 moves=1.70e+07 3.7s
[1588/3000] seed 101588 s=4.807753170 pen=0.0e+00 moves=1.70e+07 3.7s
[1589/3000] seed 101587 s=5.000000040 pen=3.9e-11 moves=1.70e+07 4.1s
[1590/3000] seed 101589 s=5.000122661 pen=0.0e+00 moves=1.70e+07 4.1s
[1591/3000] seed 101590 s=5.000161187 pen=0.0e+00 moves=1.70e+07 4.0s
[1592/3000] seed 101591 s=4.707115765 pen=0.0e+00 moves=1.70e+07 3.8s
[1593/3000] seed 101592 s=4.771202569 pen=0.0e+00 moves=1.70e+07 3.8s
[1594/3000] seed 101594 s=4.822886460 pen=0.0e+00 moves=1.70e+07 3.9s
[1595/3000] seed 101593 s=4.707107748 pen=0.0e+00 moves=1.70e+07 4.0s
[1596/3000] seed 101595 s=4.728589798 pen=0.0e+00 moves=1.70e+07 3.9s
[1597/3000] seed 101596 s=4.828433050 pen=0.0e+00 moves=1.70e+07 3.7s
[1598/3000] seed 101597 s=5.000024073 pen=0.0e+00 moves=1.70e+07 3.9s
[1599/3000] seed 101598 s=4.707200551 pen=0.0e+00 moves=1.70e+07 4.0s
[1600/3000] seed 101599 s=4.707107441 pen=0.0e+00 moves=1.70e+07 4.0s
[1601/3000] seed 101600 s=4.828449613 pen=0.0e+00 moves=1.70e+07 4.2s
[1602/3000] seed 101601 s=5.000001020 pen=0.0e+00 moves=1.70e+07 3.8s
[1603/3000] seed 101602 s=5.000143453 pen=0.0e+00 moves=1.70e+07 4.0s
[1604/3000] seed 101603 s=4.707122053 pen=0.0e+00 moves=1.70e+07 3.9s
[1605/3000] seed 101604 s=5.000169202 pen=0.0e+00 moves=1.70e+07 4.0s
[1606/3000] seed 101606 s=4.707113391 pen=0.0e+00 moves=1.70e+07 3.8s
[1607/3000] seed 101605 s=4.822881333 pen=0.0e+00 moves=1.70e+07 4.0s
[1608/3000] seed 101607 s=5.000043529 pen=0.0e+00 moves=1.70e+07 4.2s
[1609/3000] seed 101608 s=5.000200490 pen=0.0e+00 moves=1.70e+07 4.1s
[1610/3000] seed 101609 s=4.779998203 pen=0.0e+00 moves=1.70e+07 3.9s
[1611/3000] seed 101611 s=4.767788930 pen=0.0e+00 moves=1.70e+07 3.7s
[1612/3000] seed 101613 s=4.767769828 pen=0.0e+00 moves=1.70e+07 3.9s
[1613/3000] seed 101612 s=5.000065066 pen=0.0e+00 moves=1.70e+07 4.1s
[1614/3000] seed 101614 s=4.707144439 pen=9.3e-11 moves=1.70e+07 3.9s
[1615/3000] seed 101610 s=4.707109648 pen=0.0e+00 moves=1.70e+07 5.5s
[1616/3000] seed 101616 s=5.000017588 pen=0.0e+00 moves=1.70e+07 3.7s
[1617/3000] seed 101615 s=5.000250852 pen=0.0e+00 moves=1.70e+07 4.0s
[1618/3000] seed 101617 s=5.000001948 pen=0.0e+00 moves=1.70e+07 3.8s
[1619/3000] seed 101618 s=4.771242646 pen=0.0e+00 moves=1.70e+07 3.7s
[1620/3000] seed 101619 s=5.000024289 pen=0.0e+00 moves=1.70e+07 3.7s
[1621/3000] seed 101620 s=5.000148529 pen=0.0e+00 moves=1.70e+07 3.9s
[1622/3000] seed 101621 s=5.000334017 pen=0.0e+00 moves=1.70e+07 3.9s
[1623/3000] seed 101622 s=5.000141405 pen=0.0e+00 moves=1.70e+07 3.9s
[1624/3000] seed 101623 s=5.000208122 pen=0.0e+00 moves=1.70e+07 4.0s
[1625/3000] seed 101624 s=4.707107504 pen=0.0e+00 moves=1.70e+07 3.9s
[1626/3000] seed 101625 s=4.691527099 pen=0.0e+00 moves=1.70e+07 3.7s
[1627/3000] seed 101626 s=5.000102855 pen=0.0e+00 moves=1.70e+07 4.0s
[1628/3000] seed 101627 s=5.000000040 pen=0.0e+00 moves=1.70e+07 4.1s
[1629/3000] seed 101628 s=5.000001340 pen=0.0e+00 moves=1.70e+07 4.2s
[1630/3000] seed 101629 s=4.707113222 pen=0.0e+00 moves=1.70e+07 3.9s
[1631/3000] seed 101630 s=5.000000040 pen=0.0e+00 moves=1.70e+07 4.1s
[1632/3000] seed 101631 s=5.000144021 pen=0.0e+00 moves=1.70e+07 3.9s
[1633/3000] seed 101632 s=5.000057804 pen=0.0e+00 moves=1.70e+07 3.8s
[1634/3000] seed 101633 s=4.767782126 pen=0.0e+00 moves=1.70e+07 3.9s
[1635/3000] seed 101634 s=4.822903703 pen=0.0e+00 moves=1.70e+07 3.7s
[1636/3000] seed 101636 s=5.000140977 pen=0.0e+00 moves=1.70e+07 3.8s
[1637/3000] seed 101635 s=5.000140587 pen=0.0e+00 moves=1.70e+07 3.9s
[1638/3000] seed 101637 s=5.000123817 pen=0.0e+00 moves=1.70e+07 4.1s
[1639/3000] seed 101638 s=5.000062984 pen=0.0e+00 moves=1.70e+07 3.8s
[1640/3000] seed 101639 s=4.858221741 pen=0.0e+00 moves=1.70e+07 3.7s
[1641/3000] seed 101640 s=4.779840907 pen=0.0e+00 moves=1.70e+07 3.7s
[1642/3000] seed 101641 s=4.707110693 pen=0.0e+00 moves=1.70e+07 4.2s
[1643/3000] seed 101642 s=4.822881419 pen=0.0e+00 moves=1.70e+07 3.9s
[1644/3000] seed 101644 s=4.858230590 pen=0.0e+00 moves=1.70e+07 3.6s
[1645/3000] seed 101643 s=5.000186366 pen=0.0e+00 moves=1.70e+07 3.9s
[1646/3000] seed 101646 s=4.707109029 pen=0.0e+00 moves=1.70e+07 4.0s
[1647/3000] seed 101645 s=4.707109254 pen=0.0e+00 moves=1.70e+07 4.4s
[1648/3000] seed 101648 s=4.717762385 pen=0.0e+00 moves=1.70e+07 3.8s
[1649/3000] seed 101647 s=4.707109425 pen=0.0e+00 moves=1.70e+07 4.1s
[1650/3000] seed 101649 s=5.000160818 pen=0.0e+00 moves=1.70e+07 4.0s
[1651/3000] seed 101651 s=4.707147692 pen=0.0e+00 moves=1.70e+07 3.9s
[1652/3000] seed 101650 s=4.720347329 pen=0.0e+00 moves=1.70e+07 4.2s
[1653/3000] seed 101652 s=5.000152417 pen=0.0e+00 moves=1.70e+07 4.1s
[1654/3000] seed 101654 s=4.767772995 pen=0.0e+00 moves=1.70e+07 3.8s
[1655/3000] seed 101653 s=5.000038188 pen=0.0e+00 moves=1.70e+07 3.9s
[1656/3000] seed 101656 s=5.000162335 pen=0.0e+00 moves=1.70e+07 4.1s
[1657/3000] seed 101655 s=5.000106251 pen=0.0e+00 moves=1.70e+07 4.2s
[1658/3000] seed 101657 s=4.707108521 pen=0.0e+00 moves=1.70e+07 3.9s
[1659/3000] seed 101658 s=5.000173789 pen=0.0e+00 moves=1.70e+07 4.0s
[1660/3000] seed 101659 s=5.000089502 pen=0.0e+00 moves=1.70e+07 4.1s
[1661/3000] seed 101660 s=5.000236985 pen=0.0e+00 moves=1.70e+07 4.1s
[1662/3000] seed 101661 s=5.000197431 pen=0.0e+00 moves=1.70e+07 4.1s
[1663/3000] seed 101663 s=4.779799295 pen=0.0e+00 moves=1.70e+07 3.8s
[1664/3000] seed 101662 s=5.000027125 pen=0.0e+00 moves=1.70e+07 4.1s
[1665/3000] seed 101664 s=4.771202000 pen=0.0e+00 moves=1.70e+07 3.8s
[1666/3000] seed 101666 s=4.707109275 pen=0.0e+00 moves=1.70e+07 3.9s
[1667/3000] seed 101665 s=4.707245442 pen=0.0e+00 moves=1.70e+07 4.5s
[1668/3000] seed 101668 s=4.767799514 pen=0.0e+00 moves=1.70e+07 3.9s
[1669/3000] seed 101667 s=4.728587829 pen=0.0e+00 moves=1.70e+07 4.0s
[1670/3000] seed 101669 s=4.728590793 pen=0.0e+00 moves=1.70e+07 3.9s
[1671/3000] seed 101670 s=4.858228361 pen=0.0e+00 moves=1.70e+07 3.9s
[1672/3000] seed 101671 s=4.707107861 pen=0.0e+00 moves=1.70e+07 4.0s
[1673/3000] seed 101672 s=5.000103632 pen=0.0e+00 moves=1.70e+07 4.2s
[1674/3000] seed 101673 s=5.000050556 pen=0.0e+00 moves=1.70e+07 3.9s
[1675/3000] seed 101674 s=4.858220983 pen=0.0e+00 moves=1.70e+07 3.7s
[1676/3000] seed 101675 s=5.000149381 pen=0.0e+00 moves=1.70e+07 4.2s
[1677/3000] seed 101676 s=4.768466392 pen=0.0e+00 moves=1.70e+07 4.0s
[1678/3000] seed 101677 s=5.000099769 pen=0.0e+00 moves=1.70e+07 4.1s
[1679/3000] seed 101680 s=4.707107676 pen=0.0e+00 moves=1.70e+07 4.0s
[1680/3000] seed 101679 s=5.000118082 pen=0.0e+00 moves=1.70e+07 4.1s
[1681/3000] seed 101678 s=5.000101310 pen=0.0e+00 moves=1.70e+07 4.2s
[1682/3000] seed 101682 s=5.000304106 pen=0.0e+00 moves=1.70e+07 3.9s
[1683/3000] seed 101681 s=5.000199718 pen=0.0e+00 moves=1.70e+07 4.0s
[1684/3000] seed 101683 s=5.000226161 pen=0.0e+00 moves=1.70e+07 4.2s
[1685/3000] seed 101684 s=4.828432704 pen=0.0e+00 moves=1.70e+07 4.0s
[1686/3000] seed 101686 s=4.691948915 pen=0.0e+00 moves=1.70e+07 3.8s
[1687/3000] seed 101685 s=5.000111595 pen=0.0e+00 moves=1.70e+07 4.1s
[1688/3000] seed 101688 s=4.767767904 pen=0.0e+00 moves=1.70e+07 3.9s
[1689/3000] seed 101687 s=4.728617054 pen=0.0e+00 moves=1.70e+07 4.0s
[1690/3000] seed 101689 s=5.000121148 pen=0.0e+00 moves=1.70e+07 3.9s
[1691/3000] seed 101691 s=4.707114533 pen=0.0e+00 moves=1.70e+07 4.1s
[1692/3000] seed 101690 s=4.773712121 pen=0.0e+00 moves=1.70e+07 4.2s
[1693/3000] seed 101692 s=4.896687066 pen=0.0e+00 moves=1.70e+07 4.2s
[1694/3000] seed 101694 s=4.707108968 pen=0.0e+00 moves=1.70e+07 4.2s
[1695/3000] seed 101693 s=4.722298649 pen=0.0e+00 moves=1.70e+07 4.2s
[1696/3000] seed 101695 s=4.822879041 pen=0.0e+00 moves=1.70e+07 3.8s
[1697/3000] seed 101697 s=4.767855760 pen=0.0e+00 moves=1.70e+07 3.9s
[1698/3000] seed 101696 s=5.000017707 pen=0.0e+00 moves=1.70e+07 4.1s
[1699/3000] seed 101698 s=5.000111260 pen=0.0e+00 moves=1.70e+07 4.3s
[1700/3000] seed 101700 s=4.822876757 pen=0.0e+00 moves=1.70e+07 3.9s
[1701/3000] seed 101699 s=4.707107071 pen=0.0e+00 moves=1.70e+07 4.1s
[1702/3000] seed 101701 s=4.768125058 pen=0.0e+00 moves=1.70e+07 4.0s
[1703/3000] seed 101702 s=4.728587084 pen=0.0e+00 moves=1.70e+07 3.9s
[1704/3000] seed 101703 s=4.707108979 pen=0.0e+00 moves=1.70e+07 4.2s
[1705/3000] seed 101704 s=5.000177603 pen=0.0e+00 moves=1.70e+07 4.2s
[1706/3000] seed 101706 s=4.767770242 pen=0.0e+00 moves=1.70e+07 3.9s
[1707/3000] seed 101705 s=4.768018758 pen=0.0e+00 moves=1.70e+07 4.1s
[1708/3000] seed 101707 s=5.000049747 pen=0.0e+00 moves=1.70e+07 3.9s
[1709/3000] seed 101709 s=5.000082991 pen=0.0e+00 moves=1.70e+07 4.0s
[1710/3000] seed 101708 s=4.707108440 pen=0.0e+00 moves=1.70e+07 4.3s
[1711/3000] seed 101711 s=4.728582735 pen=7.1e-11 moves=1.70e+07 4.0s
[1712/3000] seed 101710 s=5.000000040 pen=4.8e-11 moves=1.70e+07 4.3s
[1713/3000] seed 101712 s=5.000148054 pen=0.0e+00 moves=1.70e+07 4.2s
[1714/3000] seed 101713 s=4.767770208 pen=0.0e+00 moves=1.70e+07 4.0s
[1715/3000] seed 101714 s=4.767793255 pen=0.0e+00 moves=1.70e+07 4.0s
[1716/3000] seed 101715 s=5.000079182 pen=0.0e+00 moves=1.70e+07 3.9s
[1717/3000] seed 101716 s=5.000100552 pen=0.0e+00 moves=1.70e+07 4.2s
[1718/3000] seed 101718 s=4.767769855 pen=0.0e+00 moves=1.70e+07 3.9s
[1719/3000] seed 101717 s=4.768117617 pen=0.0e+00 moves=1.70e+07 4.2s
[1720/3000] seed 101719 s=5.000220738 pen=0.0e+00 moves=1.70e+07 4.2s
[1721/3000] seed 101720 s=4.767767237 pen=0.0e+00 moves=1.70e+07 4.1s
[1722/3000] seed 101721 s=5.000266876 pen=0.0e+00 moves=1.70e+07 4.4s
[1723/3000] seed 101722 s=5.000155847 pen=0.0e+00 moves=1.70e+07 4.2s
[1724/3000] seed 101723 s=5.000003431 pen=0.0e+00 moves=1.70e+07 4.2s
[1725/3000] seed 101724 s=5.000005763 pen=0.0e+00 moves=1.70e+07 4.3s
[1726/3000] seed 101725 s=5.000190181 pen=0.0e+00 moves=1.70e+07 4.2s
[1727/3000] seed 101726 s=4.707110173 pen=0.0e+00 moves=1.70e+07 4.2s
[1728/3000] seed 101728 s=5.000035136 pen=0.0e+00 moves=1.70e+07 3.8s
[1729/3000] seed 101727 s=4.707126216 pen=0.0e+00 moves=1.70e+07 4.1s
[1730/3000] seed 101730 s=4.805120635 pen=0.0e+00 moves=1.70e+07 3.8s
[1731/3000] seed 101729 s=4.990717856 pen=0.0e+00 moves=1.70e+07 4.0s
[1732/3000] seed 101731 s=5.000211928 pen=0.0e+00 moves=1.70e+07 4.4s
[1733/3000] seed 101732 s=5.000179499 pen=0.0e+00 moves=1.70e+07 4.3s
[1734/3000] seed 101733 s=4.720217191 pen=0.0e+00 moves=1.70e+07 4.3s
[1735/3000] seed 101734 s=4.688150715 pen=0.0e+00 moves=1.70e+07 4.2s saved n17_s4.688150715_seed101734.json
[1736/3000] seed 101735 s=4.708697955 pen=0.0e+00 moves=1.70e+07 4.1s
[1737/3000] seed 101736 s=5.000015300 pen=0.0e+00 moves=1.70e+07 3.9s
[1738/3000] seed 101737 s=5.000013392 pen=0.0e+00 moves=1.70e+07 4.1s
[1739/3000] seed 101738 s=5.000132031 pen=0.0e+00 moves=1.70e+07 4.2s
[1740/3000] seed 101739 s=5.000108921 pen=0.0e+00 moves=1.70e+07 4.3s
[1741/3000] seed 101740 s=5.000201641 pen=0.0e+00 moves=1.70e+07 4.3s
[1742/3000] seed 101741 s=5.000155424 pen=0.0e+00 moves=1.70e+07 4.0s
[1743/3000] seed 101742 s=4.828450151 pen=0.0e+00 moves=1.70e+07 3.9s
[1744/3000] seed 101743 s=4.767770177 pen=0.0e+00 moves=1.70e+07 4.1s
[1745/3000] seed 101744 s=4.822894400 pen=0.0e+00 moves=1.70e+07 3.9s
[1746/3000] seed 101746 s=4.795480883 pen=0.0e+00 moves=1.70e+07 3.9s
[1747/3000] seed 101745 s=4.707120289 pen=0.0e+00 moves=1.70e+07 4.0s
[1748/3000] seed 101747 s=4.822885985 pen=0.0e+00 moves=1.70e+07 3.9s
[1749/3000] seed 101748 s=5.000171136 pen=0.0e+00 moves=1.70e+07 4.4s
[1750/3000] seed 101749 s=4.707109493 pen=0.0e+00 moves=1.70e+07 4.3s
[1751/3000] seed 101751 s=4.889101026 pen=0.0e+00 moves=1.70e+07 4.1s
[1752/3000] seed 101750 s=5.000146693 pen=0.0e+00 moves=1.70e+07 4.4s
[1753/3000] seed 101752 s=5.000016988 pen=0.0e+00 moves=1.70e+07 4.1s
[1754/3000] seed 101753 s=5.000201628 pen=0.0e+00 moves=1.70e+07 4.2s
[1755/3000] seed 101754 s=5.000158143 pen=0.0e+00 moves=1.70e+07 4.4s
[1756/3000] seed 101755 s=5.000001185 pen=0.0e+00 moves=1.70e+07 4.3s
[1757/3000] seed 101756 s=5.000150139 pen=0.0e+00 moves=1.70e+07 4.3s
[1758/3000] seed 101757 s=4.767784487 pen=0.0e+00 moves=1.70e+07 4.2s
[1759/3000] seed 101759 s=5.000059673 pen=0.0e+00 moves=1.70e+07 4.1s
[1760/3000] seed 101758 s=4.707109418 pen=0.0e+00 moves=1.70e+07 4.2s
[1761/3000] seed 101760 s=4.707115152 pen=0.0e+00 moves=1.70e+07 4.1s
[1762/3000] seed 101761 s=5.000145938 pen=0.0e+00 moves=1.70e+07 4.4s
[1763/3000] seed 101762 s=5.000107739 pen=0.0e+00 moves=1.70e+07 4.4s
[1764/3000] seed 101765 s=4.728586267 pen=0.0e+00 moves=1.70e+07 4.1s
[1765/3000] seed 101764 s=4.707107276 pen=0.0e+00 moves=1.70e+07 4.3s
[1766/3000] seed 101763 s=5.000083366 pen=0.0e+00 moves=1.70e+07 4.6s
[1767/3000] seed 101766 s=4.707113482 pen=0.0e+00 moves=1.70e+07 4.4s
[1768/3000] seed 101767 s=5.000066578 pen=0.0e+00 moves=1.70e+07 4.2s
[1769/3000] seed 101769 s=4.728619331 pen=0.0e+00 moves=1.70e+07 4.0s
[1770/3000] seed 101768 s=5.000131817 pen=0.0e+00 moves=1.70e+07 4.5s
[1771/3000] seed 101771 s=4.767775445 pen=0.0e+00 moves=1.70e+07 4.1s
[1772/3000] seed 101770 s=4.707110241 pen=0.0e+00 moves=1.70e+07 4.4s
[1773/3000] seed 101772 s=4.682221050 pen=0.0e+00 moves=1.70e+07 4.3s saved n17_s4.682221050_seed101772.json
[1774/3000] seed 101773 s=5.000000422 pen=0.0e+00 moves=1.70e+07 4.3s
[1775/3000] seed 101776 s=5.000057002 pen=0.0e+00 moves=1.70e+07 3.9s
[1776/3000] seed 101774 s=5.000065106 pen=0.0e+00 moves=1.70e+07 4.4s
[1777/3000] seed 101777 s=4.707113625 pen=0.0e+00 moves=1.70e+07 4.3s
[1778/3000] seed 101775 s=4.707107870 pen=0.0e+00 moves=1.70e+07 4.6s
[1779/3000] seed 101778 s=4.767767899 pen=0.0e+00 moves=1.70e+07 4.2s
[1780/3000] seed 101779 s=4.707107187 pen=0.0e+00 moves=1.70e+07 4.6s
[1781/3000] seed 101782 s=5.000047725 pen=0.0e+00 moves=1.70e+07 4.1s
[1782/3000] seed 101780 s=5.000240537 pen=0.0e+00 moves=1.70e+07 4.3s
[1783/3000] seed 101781 s=5.000201727 pen=0.0e+00 moves=1.70e+07 4.4s
[1784/3000] seed 101783 s=5.000133343 pen=0.0e+00 moves=1.70e+07 4.4s
[1785/3000] seed 101785 s=4.864584891 pen=0.0e+00 moves=1.70e+07 4.0s
[1786/3000] seed 101784 s=4.739906849 pen=0.0e+00 moves=1.70e+07 4.5s
[1787/3000] seed 101786 s=5.000088327 pen=0.0e+00 moves=1.70e+07 4.5s
[1788/3000] seed 101790 s=4.822879245 pen=0.0e+00 moves=1.70e+07 4.0s
[1789/3000] seed 101789 s=4.795494211 pen=0.0e+00 moves=1.70e+07 4.1s
[1790/3000] seed 101788 s=5.000213073 pen=0.0e+00 moves=1.70e+07 4.3s
[1791/3000] seed 101787 s=5.000181834 pen=0.0e+00 moves=1.70e+07 4.6s
[1792/3000] seed 101791 s=4.767768927 pen=0.0e+00 moves=1.70e+07 4.3s
[1793/3000] seed 101794 s=4.828446086 pen=0.0e+00 moves=1.70e+07 4.0s
[1794/3000] seed 101793 s=4.691790281 pen=0.0e+00 moves=1.70e+07 4.2s
[1795/3000] seed 101792 s=5.000126477 pen=0.0e+00 moves=1.70e+07 4.5s
[1796/3000] seed 101795 s=5.000005632 pen=0.0e+00 moves=1.70e+07 4.1s
[1797/3000] seed 101796 s=4.767787413 pen=0.0e+00 moves=1.70e+07 4.4s
[1798/3000] seed 101797 s=5.000192469 pen=0.0e+00 moves=1.70e+07 4.3s
[1799/3000] seed 101798 s=4.767773868 pen=0.0e+00 moves=1.70e+07 4.0s
[1800/3000] seed 101799 s=4.707130621 pen=0.0e+00 moves=1.70e+07 4.4s
[1801/3000] seed 101800 s=4.707115136 pen=0.0e+00 moves=1.70e+07 4.3s
[1802/3000] seed 101801 s=5.000128598 pen=0.0e+00 moves=1.70e+07 4.4s
[1803/3000] seed 101802 s=5.000126865 pen=0.0e+00 moves=1.70e+07 4.4s
[1804/3000] seed 101803 s=4.767845065 pen=0.0e+00 moves=1.70e+07 4.3s
[1805/3000] seed 101805 s=4.707121383 pen=7.4e-11 moves=1.70e+07 4.4s
[1806/3000] seed 101804 s=5.000112741 pen=0.0e+00 moves=1.70e+07 4.5s
[1807/3000] seed 101806 s=4.707213577 pen=0.0e+00 moves=1.70e+07 4.3s
[1808/3000] seed 101807 s=4.709164980 pen=0.0e+00 moves=1.70e+07 4.3s
[1809/3000] seed 101808 s=4.707122936 pen=0.0e+00 moves=1.70e+07 4.3s
[1810/3000] seed 101809 s=5.000136404 pen=0.0e+00 moves=1.70e+07 4.4s
[1811/3000] seed 101810 s=4.707112443 pen=0.0e+00 moves=1.70e+07 4.1s
[1812/3000] seed 101811 s=4.767768088 pen=0.0e+00 moves=1.70e+07 4.2s
[1813/3000] seed 101812 s=4.719215869 pen=0.0e+00 moves=1.70e+07 4.2s
[1814/3000] seed 101814 s=4.731191801 pen=0.0e+00 moves=1.70e+07 4.4s
[1815/3000] seed 101813 s=4.707110417 pen=0.0e+00 moves=1.70e+07 4.5s
[1816/3000] seed 101816 s=4.771189415 pen=0.0e+00 moves=1.70e+07 4.2s
[1817/3000] seed 101815 s=4.707118742 pen=0.0e+00 moves=1.70e+07 4.5s
[1818/3000] seed 101818 s=4.901915647 pen=0.0e+00 moves=1.70e+07 4.1s
[1819/3000] seed 101819 s=4.828440026 pen=0.0e+00 moves=1.70e+07 4.1s
[1820/3000] seed 101817 s=5.000163095 pen=0.0e+00 moves=1.70e+07 4.5s
[1821/3000] seed 101820 s=4.822878808 pen=0.0e+00 moves=1.70e+07 4.3s
[1822/3000] seed 101821 s=5.000158170 pen=0.0e+00 moves=1.70e+07 4.8s
[1823/3000] seed 101822 s=4.707110176 pen=1.4e-11 moves=1.70e+07 4.5s
[1824/3000] seed 101824 s=5.000249695 pen=0.0e+00 moves=1.70e+07 4.4s
[1825/3000] seed 101823 s=5.000193235 pen=0.0e+00 moves=1.70e+07 4.6s
[1826/3000] seed 101825 s=5.000000422 pen=0.0e+00 moves=1.70e+07 4.3s
[1827/3000] seed 101826 s=4.707108860 pen=0.0e+00 moves=1.70e+07 4.4s
[1828/3000] seed 101827 s=4.822885551 pen=0.0e+00 moves=1.70e+07 4.1s
[1829/3000] seed 101829 s=5.000058787 pen=0.0e+00 moves=1.70e+07 4.3s
[1830/3000] seed 101828 s=5.000009077 pen=0.0e+00 moves=1.70e+07 4.4s
[1831/3000] seed 101830 s=5.000002759 pen=0.0e+00 moves=1.70e+07 4.3s
[1832/3000] seed 101831 s=5.000091976 pen=0.0e+00 moves=1.70e+07 4.5s
[1833/3000] seed 101832 s=4.707172711 pen=0.0e+00 moves=1.70e+07 4.5s
[1834/3000] seed 101833 s=5.000149399 pen=0.0e+00 moves=1.70e+07 4.6s
[1835/3000] seed 101834 s=5.000081880 pen=0.0e+00 moves=1.70e+07 4.4s
[1836/3000] seed 101836 s=5.000123084 pen=0.0e+00 moves=1.70e+07 4.4s
[1837/3000] seed 101837 s=4.858220094 pen=0.0e+00 moves=1.70e+07 4.3s
[1838/3000] seed 101835 s=5.000097861 pen=0.0e+00 moves=1.70e+07 4.7s
[1839/3000] seed 101838 s=4.707107106 pen=0.0e+00 moves=1.70e+07 4.5s
[1840/3000] seed 101839 s=4.707114819 pen=0.0e+00 moves=1.70e+07 4.6s
[1841/3000] seed 101840 s=5.000011485 pen=0.0e+00 moves=1.70e+07 4.4s
[1842/3000] seed 101841 s=4.707122561 pen=0.0e+00 moves=1.70e+07 4.4s
[1843/3000] seed 101842 s=4.728584483 pen=0.0e+00 moves=1.70e+07 4.3s
[1844/3000] seed 101843 s=5.000087564 pen=0.0e+00 moves=1.70e+07 4.5s
[1845/3000] seed 101844 s=4.792384875 pen=0.0e+00 moves=1.70e+07 4.3s
[1846/3000] seed 101846 s=5.000015079 pen=0.0e+00 moves=1.70e+07 4.1s
[1847/3000] seed 101847 s=4.954948476 pen=0.0e+00 moves=1.70e+07 3.9s
[1848/3000] seed 101845 s=4.707110240 pen=0.0e+00 moves=1.70e+07 5.0s
[1849/3000] seed 101849 s=4.822885621 pen=0.0e+00 moves=1.70e+07 4.2s
[1850/3000] seed 101848 s=5.000075954 pen=0.0e+00 moves=1.70e+07 4.3s
[1851/3000] seed 101850 s=5.000127648 pen=0.0e+00 moves=1.70e+07 4.8s
[1852/3000] seed 101851 s=5.000104184 pen=0.0e+00 moves=1.70e+07 4.4s
[1853/3000] seed 101852 s=4.767774967 pen=0.0e+00 moves=1.70e+07 4.4s
[1854/3000] seed 101853 s=5.000101688 pen=0.0e+00 moves=1.70e+07 4.5s
[1855/3000] seed 101854 s=4.707107110 pen=0.0e+00 moves=1.70e+07 4.4s
[1856/3000] seed 101855 s=4.795538752 pen=0.0e+00 moves=1.70e+07 4.3s
[1857/3000] seed 101856 s=4.707110252 pen=0.0e+00 moves=1.70e+07 4.4s
[1858/3000] seed 101857 s=4.828516328 pen=0.0e+00 moves=1.70e+07 4.6s
[1859/3000] seed 101858 s=5.000045207 pen=0.0e+00 moves=1.70e+07 4.2s
[1860/3000] seed 101859 s=4.680214477 pen=0.0e+00 moves=1.70e+07 4.4s saved n17_s4.680214477_seed101859.json
[1861/3000] seed 101860 s=5.000180264 pen=0.0e+00 moves=1.70e+07 4.4s
[1862/3000] seed 101861 s=4.822881571 pen=0.0e+00 moves=1.70e+07 4.4s
[1863/3000] seed 101862 s=5.000070003 pen=0.0e+00 moves=1.70e+07 4.6s
[1864/3000] seed 101863 s=5.000162387 pen=0.0e+00 moves=1.70e+07 4.6s
[1865/3000] seed 101864 s=5.000136009 pen=0.0e+00 moves=1.70e+07 4.8s
[1866/3000] seed 101866 s=5.000133710 pen=0.0e+00 moves=1.70e+07 4.8s
[1867/3000] seed 101865 s=4.707110637 pen=0.0e+00 moves=1.70e+07 4.9s
[1868/3000] seed 101867 s=4.688108202 pen=0.0e+00 moves=1.70e+07 4.6s saved n17_s4.688108202_seed101867.json
[1869/3000] seed 101868 s=4.707108101 pen=0.0e+00 moves=1.70e+07 4.7s
[1870/3000] seed 101870 s=5.000001025 pen=0.0e+00 moves=1.70e+07 4.3s
[1871/3000] seed 101869 s=4.707435664 pen=0.0e+00 moves=1.70e+07 4.7s
[1872/3000] seed 101873 s=5.000001948 pen=8.0e-11 moves=1.70e+07 4.2s
[1873/3000] seed 101871 s=5.000176839 pen=0.0e+00 moves=1.70e+07 4.6s
[1874/3000] seed 101872 s=4.707107485 pen=0.0e+00 moves=1.70e+07 4.6s
[1875/3000] seed 101874 s=5.000060095 pen=0.0e+00 moves=1.70e+07 4.3s
[1876/3000] seed 101875 s=5.000146692 pen=0.0e+00 moves=1.70e+07 4.6s
[1877/3000] seed 101876 s=4.767771948 pen=0.0e+00 moves=1.70e+07 4.3s
[1878/3000] seed 101878 s=4.822879459 pen=0.0e+00 moves=1.70e+07 4.1s
[1879/3000] seed 101877 s=4.707107338 pen=0.0e+00 moves=1.70e+07 4.4s
[1880/3000] seed 101879 s=4.707111706 pen=0.0e+00 moves=1.70e+07 4.6s
[1881/3000] seed 101880 s=5.000093673 pen=0.0e+00 moves=1.70e+07 4.7s
[1882/3000] seed 101881 s=5.000148232 pen=0.0e+00 moves=1.70e+07 4.4s
[1883/3000] seed 101882 s=5.000020259 pen=0.0e+00 moves=1.70e+07 4.3s
[1884/3000] seed 101883 s=4.767789945 pen=0.0e+00 moves=1.70e+07 4.8s
[1885/3000] seed 101884 s=5.000076890 pen=0.0e+00 moves=1.70e+07 4.7s
[1886/3000] seed 101885 s=4.942809812 pen=8.1e-11 moves=1.70e+07 4.6s
[1887/3000] seed 101886 s=5.000127619 pen=0.0e+00 moves=1.70e+07 4.6s
[1888/3000] seed 101887 s=4.707123196 pen=0.0e+00 moves=1.70e+07 4.4s
[1889/3000] seed 101889 s=4.728592004 pen=0.0e+00 moves=1.70e+07 4.5s
[1890/3000] seed 101888 s=5.000113897 pen=0.0e+00 moves=1.70e+07 4.6s
[1891/3000] seed 101890 s=5.000000422 pen=0.0e+00 moves=1.70e+07 4.4s
[1892/3000] seed 101891 s=5.000217266 pen=0.0e+00 moves=1.70e+07 4.6s
[1893/3000] seed 101892 s=5.000061840 pen=0.0e+00 moves=1.70e+07 4.5s
[1894/3000] seed 101894 s=5.000117276 pen=0.0e+00 moves=1.70e+07 4.5s
[1895/3000] seed 101893 s=5.000089471 pen=0.0e+00 moves=1.70e+07 4.7s
[1896/3000] seed 101896 s=5.000154323 pen=0.0e+00 moves=1.70e+07 4.5s
[1897/3000] seed 101897 s=4.728581613 pen=0.0e+00 moves=1.70e+07 4.4s
[1898/3000] seed 101895 s=4.707111645 pen=0.0e+00 moves=1.70e+07 4.8s
[1899/3000] seed 101898 s=4.772263314 pen=0.0e+00 moves=1.70e+07 4.6s
[1900/3000] seed 101900 s=4.822876964 pen=0.0e+00 moves=1.70e+07 4.1s
[1901/3000] seed 101899 s=4.746178580 pen=0.0e+00 moves=1.70e+07 4.5s
[1902/3000] seed 101902 s=5.000049755 pen=0.0e+00 moves=1.70e+07 4.3s
[1903/3000] seed 101901 s=5.000104730 pen=0.0e+00 moves=1.70e+07 4.4s
[1904/3000] seed 101903 s=5.000146909 pen=0.0e+00 moves=1.70e+07 4.5s
[1905/3000] seed 101904 s=4.707117530 pen=0.0e+00 moves=1.70e+07 4.5s
[1906/3000] seed 101905 s=4.682837798 pen=0.0e+00 moves=1.70e+07 4.6s saved n17_s4.682837798_seed101905.json
[1907/3000] seed 101906 s=5.000180698 pen=0.0e+00 moves=1.70e+07 4.8s
[1908/3000] seed 101908 s=4.707107042 pen=0.0e+00 moves=1.70e+07 4.5s
[1909/3000] seed 101907 s=5.000151303 pen=0.0e+00 moves=1.70e+07 4.7s
[1910/3000] seed 101909 s=5.000144403 pen=0.0e+00 moves=1.70e+07 4.5s
[1911/3000] seed 101910 s=4.707107691 pen=0.0e+00 moves=1.70e+07 4.8s
[1912/3000] seed 101911 s=5.000075344 pen=0.0e+00 moves=1.70e+07 4.5s
[1913/3000] seed 101913 s=4.731905692 pen=0.0e+00 moves=1.70e+07 4.7s
[1914/3000] seed 101912 s=5.000176069 pen=0.0e+00 moves=1.70e+07 4.9s
[1915/3000] seed 101914 s=4.707117042 pen=0.0e+00 moves=1.70e+07 4.8s
[1916/3000] seed 101915 s=5.000177982 pen=0.0e+00 moves=1.70e+07 5.0s
[1917/3000] seed 101916 s=4.707107506 pen=0.0e+00 moves=1.70e+07 5.2s
[1918/3000] seed 101917 s=4.707107063 pen=0.0e+00 moves=1.70e+07 4.8s
[1919/3000] seed 101918 s=4.768123312 pen=0.0e+00 moves=1.70e+07 4.6s
[1920/3000] seed 101919 s=5.000389062 pen=0.0e+00 moves=1.70e+07 4.4s
[1921/3000] seed 101920 s=4.728615307 pen=0.0e+00 moves=1.70e+07 4.7s
[1922/3000] seed 101921 s=5.000144409 pen=0.0e+00 moves=1.70e+07 4.8s
[1923/3000] seed 101922 s=5.000097213 pen=0.0e+00 moves=1.70e+07 4.6s
[1924/3000] seed 101923 s=5.000146310 pen=0.0e+00 moves=1.70e+07 4.8s
[1925/3000] seed 101924 s=4.691731852 pen=0.0e+00 moves=1.70e+07 4.4s
[1926/3000] seed 101925 s=4.942837643 pen=0.0e+00 moves=1.70e+07 4.6s
[1927/3000] seed 101926 s=4.767872769 pen=0.0e+00 moves=1.70e+07 4.6s
[1928/3000] seed 101927 s=4.707107529 pen=0.0e+00 moves=1.70e+07 4.6s
[1929/3000] seed 101928 s=5.000118472 pen=0.0e+00 moves=1.70e+07 4.6s
[1930/3000] seed 101929 s=5.000018854 pen=0.0e+00 moves=1.70e+07 4.6s
[1931/3000] seed 101930 s=5.000108883 pen=0.0e+00 moves=1.70e+07 4.6s
[1932/3000] seed 101931 s=5.000055126 pen=0.0e+00 moves=1.70e+07 4.5s
[1933/3000] seed 101932 s=4.707107545 pen=0.0e+00 moves=1.70e+07 4.6s
[1934/3000] seed 101933 s=4.677661131 pen=0.0e+00 moves=1.70e+07 4.7s saved n17_s4.677661131_seed101933.json
[1935/3000] seed 101934 s=4.822883758 pen=0.0e+00 moves=1.70e+07 4.2s
[1936/3000] seed 101936 s=5.000237291 pen=0.0e+00 moves=1.70e+07 4.5s
[1937/3000] seed 101937 s=4.919730763 pen=0.0e+00 moves=1.70e+07 4.3s
[1938/3000] seed 101935 s=5.000102810 pen=0.0e+00 moves=1.70e+07 4.8s
[1939/3000] seed 101938 s=5.000094871 pen=0.0e+00 moves=1.70e+07 4.9s
[1940/3000] seed 101939 s=4.707110590 pen=0.0e+00 moves=1.70e+07 4.3s
[1941/3000] seed 101940 s=4.864694358 pen=0.0e+00 moves=1.70e+07 4.4s
[1942/3000] seed 101942 s=5.000113339 pen=0.0e+00 moves=1.70e+07 4.5s
[1943/3000] seed 101943 s=5.000014331 pen=0.0e+00 moves=1.70e+07 4.3s
[1944/3000] seed 101941 s=5.000190231 pen=0.0e+00 moves=1.70e+07 4.7s
[1945/3000] seed 101944 s=5.000156610 pen=0.0e+00 moves=1.70e+07 4.7s
[1946/3000] seed 101946 s=5.000012891 pen=0.0e+00 moves=1.70e+07 4.5s
[1947/3000] seed 101945 s=4.707107610 pen=0.0e+00 moves=1.70e+07 4.8s
[1948/3000] seed 101947 s=5.000142880 pen=0.0e+00 moves=1.70e+07 4.5s
[1949/3000] seed 101948 s=5.000088543 pen=0.0e+00 moves=1.70e+07 4.5s
[1950/3000] seed 101949 s=5.000142121 pen=0.0e+00 moves=1.70e+07 4.6s
[1951/3000] seed 101950 s=4.707112713 pen=0.0e+00 moves=1.70e+07 4.5s
[1952/3000] seed 101951 s=5.000117698 pen=0.0e+00 moves=1.70e+07 4.5s
[1953/3000] seed 101952 s=5.000000040 pen=0.0e+00 moves=1.70e+07 4.5s
[1954/3000] seed 101953 s=5.000208120 pen=0.0e+00 moves=1.70e+07 4.4s
[1955/3000] seed 101954 s=5.000103421 pen=0.0e+00 moves=1.70e+07 4.5s
[1956/3000] seed 101955 s=5.000172680 pen=0.0e+00 moves=1.70e+07 4.7s
[1957/3000] seed 101956 s=4.803594806 pen=0.0e+00 moves=1.70e+07 4.2s
[1958/3000] seed 101958 s=4.755345286 pen=0.0e+00 moves=1.70e+07 4.4s
[1959/3000] seed 101957 s=4.707112158 pen=0.0e+00 moves=1.70e+07 4.7s
[1960/3000] seed 101959 s=4.728582081 pen=0.0e+00 moves=1.70e+07 4.4s
[1961/3000] seed 101961 s=4.707139158 pen=0.0e+00 moves=1.70e+07 4.5s
[1962/3000] seed 101960 s=5.000100929 pen=0.0e+00 moves=1.70e+07 4.6s
[1963/3000] seed 101962 s=5.000042939 pen=0.0e+00 moves=1.70e+07 4.1s
[1964/3000] seed 101963 s=5.000004869 pen=0.0e+00 moves=1.70e+07 4.4s
[1965/3000] seed 101964 s=4.767769654 pen=0.0e+00 moves=1.70e+07 4.5s
[1966/3000] seed 101966 s=4.767771236 pen=0.0e+00 moves=1.70e+07 4.3s
[1967/3000] seed 101965 s=5.000141340 pen=0.0e+00 moves=1.70e+07 4.6s
[1968/3000] seed 101967 s=4.767769963 pen=0.0e+00 moves=1.70e+07 4.4s
[1969/3000] seed 101968 s=5.000087565 pen=0.0e+00 moves=1.70e+07 4.3s
[1970/3000] seed 101969 s=5.000001185 pen=0.0e+00 moves=1.70e+07 4.3s
[1971/3000] seed 101970 s=5.000000803 pen=0.0e+00 moves=1.70e+07 4.8s
[1972/3000] seed 101971 s=4.771191443 pen=0.0e+00 moves=1.70e+07 4.4s
[1973/3000] seed 101973 s=4.776577335 pen=0.0e+00 moves=1.70e+07 4.4s
[1974/3000] seed 101972 s=5.000071930 pen=0.0e+00 moves=1.70e+07 4.5s
[1975/3000] seed 101974 s=4.707108376 pen=0.0e+00 moves=1.70e+07 4.6s
[1976/3000] seed 101975 s=4.707107994 pen=0.0e+00 moves=1.70e+07 4.8s
[1977/3000] seed 101977 s=4.822895037 pen=0.0e+00 moves=1.70e+07 4.3s
[1978/3000] seed 101978 s=4.806783544 pen=0.0e+00 moves=1.70e+07 4.4s
[1979/3000] seed 101976 s=5.000136425 pen=0.0e+00 moves=1.70e+07 4.7s
[1980/3000] seed 101979 s=4.767770396 pen=4.0e-12 moves=1.70e+07 4.5s
[1981/3000] seed 101980 s=5.000177981 pen=0.0e+00 moves=1.70e+07 4.8s
[1982/3000] seed 101981 s=5.000030719 pen=0.0e+00 moves=1.70e+07 4.8s
[1983/3000] seed 101982 s=5.000177981 pen=0.0e+00 moves=1.70e+07 4.7s
[1984/3000] seed 101984 s=4.822881953 pen=0.0e+00 moves=1.70e+07 4.4s
[1985/3000] seed 101983 s=5.000000291 pen=0.0e+00 moves=1.70e+07 4.8s
[1986/3000] seed 101985 s=4.707106906 pen=0.0e+00 moves=1.70e+07 4.6s
[1987/3000] seed 101986 s=4.707117813 pen=0.0e+00 moves=1.70e+07 4.8s
[1988/3000] seed 101987 s=5.000250848 pen=0.0e+00 moves=1.70e+07 4.8s
[1989/3000] seed 101988 s=4.707112825 pen=0.0e+00 moves=1.70e+07 4.4s
[1990/3000] seed 101990 s=5.000031322 pen=0.0e+00 moves=1.70e+07 4.4s
[1991/3000] seed 101989 s=5.000142884 pen=0.0e+00 moves=1.70e+07 4.6s
[1992/3000] seed 101991 s=4.894053572 pen=0.0e+00 moves=1.70e+07 4.5s
[1993/3000] seed 101992 s=5.000094769 pen=0.0e+00 moves=1.70e+07 4.8s
[1994/3000] seed 101993 s=5.000071758 pen=0.0e+00 moves=1.70e+07 4.7s
[1995/3000] seed 101994 s=4.822880467 pen=0.0e+00 moves=1.70e+07 4.2s
[1996/3000] seed 101995 s=4.707111768 pen=0.0e+00 moves=1.70e+07 4.6s
[1997/3000] seed 101996 s=5.000173779 pen=0.0e+00 moves=1.70e+07 4.5s
[1998/3000] seed 101998 s=4.772057260 pen=0.0e+00 moves=1.70e+07 4.2s
[1999/3000] seed 101997 s=4.707108165 pen=0.0e+00 moves=1.70e+07 4.6s
[2000/3000] seed 101999 s=5.000117658 pen=0.0e+00 moves=1.70e+07 4.5s
[2001/3000] seed 102000 s=5.000146313 pen=0.0e+00 moves=1.70e+07 4.7s
[2002/3000] seed 102002 s=4.822876196 pen=0.0e+00 moves=1.70e+07 4.4s
[2003/3000] seed 102001 s=4.711325466 pen=8.6e-11 moves=1.70e+07 4.6s
[2004/3000] seed 102003 s=4.707116511 pen=0.0e+00 moves=1.70e+07 4.5s
[2005/3000] seed 102004 s=4.801342210 pen=0.0e+00 moves=1.70e+07 4.4s
[2006/3000] seed 102006 s=4.767771226 pen=0.0e+00 moves=1.70e+07 4.2s
[2007/3000] seed 102005 s=5.000096554 pen=0.0e+00 moves=1.70e+07 4.4s
[2008/3000] seed 102007 s=4.822881262 pen=0.0e+00 moves=1.70e+07 4.2s
[2009/3000] seed 102008 s=4.728584609 pen=0.0e+00 moves=1.70e+07 4.3s
[2010/3000] seed 102010 s=4.767772658 pen=0.0e+00 moves=1.70e+07 4.1s
[2011/3000] seed 102009 s=4.728583132 pen=0.0e+00 moves=1.70e+07 4.4s
[2012/3000] seed 102011 s=4.707109147 pen=9.9e-11 moves=1.70e+07 4.6s
[2013/3000] seed 102012 s=5.000013188 pen=0.0e+00 moves=1.70e+07 4.3s
[2014/3000] seed 102013 s=5.000236735 pen=0.0e+00 moves=1.70e+07 4.5s
[2015/3000] seed 102015 s=4.707110037 pen=0.0e+00 moves=1.70e+07 4.3s
[2016/3000] seed 102014 s=5.000071148 pen=0.0e+00 moves=1.70e+07 4.8s
[2017/3000] seed 102016 s=5.000176451 pen=0.0e+00 moves=1.70e+07 4.8s
[2018/3000] seed 102018 s=4.728581639 pen=0.0e+00 moves=1.70e+07 4.2s
[2019/3000] seed 102017 s=4.941309464 pen=0.0e+00 moves=1.70e+07 4.4s
[2020/3000] seed 102019 s=4.707111208 pen=0.0e+00 moves=1.70e+07 4.4s
[2021/3000] seed 102022 s=4.791518875 pen=0.0e+00 moves=1.70e+07 4.3s
[2022/3000] seed 102020 s=4.707107032 pen=0.0e+00 moves=1.70e+07 4.5s
[2023/3000] seed 102021 s=5.000102276 pen=0.0e+00 moves=1.70e+07 4.7s
[2024/3000] seed 102023 s=4.767324405 pen=0.0e+00 moves=1.70e+07 4.5s
[2025/3000] seed 102024 s=4.828460152 pen=0.0e+00 moves=1.70e+07 4.2s
[2026/3000] seed 102025 s=4.767769138 pen=0.0e+00 moves=1.70e+07 4.2s
[2027/3000] seed 102026 s=5.000218826 pen=0.0e+00 moves=1.70e+07 4.5s
[2028/3000] seed 102027 s=5.000127238 pen=0.0e+00 moves=1.70e+07 4.5s
[2029/3000] seed 102030 s=4.858232586 pen=0.0e+00 moves=1.70e+07 4.2s
[2030/3000] seed 102028 s=4.707182180 pen=0.0e+00 moves=1.70e+07 4.5s
[2031/3000] seed 102029 s=5.000160425 pen=0.0e+00 moves=1.70e+07 4.5s
[2032/3000] seed 102032 s=4.771200501 pen=0.0e+00 moves=1.70e+07 4.3s
[2033/3000] seed 102031 s=4.707107418 pen=0.0e+00 moves=1.70e+07 4.5s
[2034/3000] seed 102033 s=5.000203916 pen=0.0e+00 moves=1.70e+07 4.6s
[2035/3000] seed 102034 s=4.707118758 pen=0.0e+00 moves=1.70e+07 4.5s
[2036/3000] seed 102035 s=5.000122658 pen=0.0e+00 moves=1.70e+07 4.5s
[2037/3000] seed 102036 s=4.707111095 pen=0.0e+00 moves=1.70e+07 4.5s
[2038/3000] seed 102037 s=5.000051158 pen=0.0e+00 moves=1.70e+07 4.3s
[2039/3000] seed 102038 s=4.708708175 pen=0.0e+00 moves=1.70e+07 4.5s
[2040/3000] seed 102039 s=4.714519131 pen=0.0e+00 moves=1.70e+07 4.3s
[2041/3000] seed 102040 s=4.858234248 pen=0.0e+00 moves=1.70e+07 4.2s
[2042/3000] seed 102042 s=4.822880529 pen=0.0e+00 moves=1.70e+07 4.1s
[2043/3000] seed 102041 s=4.767776743 pen=0.0e+00 moves=1.70e+07 4.3s
[2044/3000] seed 102044 s=5.000000422 pen=0.0e+00 moves=1.70e+07 4.0s
[2045/3000] seed 102043 s=4.707108878 pen=0.0e+00 moves=1.70e+07 4.6s
[2046/3000] seed 102046 s=4.771190982 pen=0.0e+00 moves=1.70e+07 4.3s
[2047/3000] seed 102045 s=5.000096718 pen=0.0e+00 moves=1.70e+07 4.7s
[2048/3000] seed 102048 s=4.894444178 pen=0.0e+00 moves=1.70e+07 4.2s
[2049/3000] seed 102047 s=5.000102061 pen=0.0e+00 moves=1.70e+07 4.5s
[2050/3000] seed 102049 s=5.000269929 pen=0.0e+00 moves=1.70e+07 4.6s
[2051/3000] seed 102050 s=5.000128339 pen=0.0e+00 moves=1.70e+07 4.5s
[2052/3000] seed 102051 s=5.000232158 pen=0.0e+00 moves=1.70e+07 4.6s
[2053/3000] seed 102053 s=4.767775985 pen=0.0e+00 moves=1.70e+07 4.3s
[2054/3000] seed 102052 s=5.000258852 pen=0.0e+00 moves=1.70e+07 4.5s
[2055/3000] seed 102054 s=4.707109234 pen=0.0e+00 moves=1.70e+07 4.4s
[2056/3000] seed 102055 s=5.000100149 pen=0.0e+00 moves=1.70e+07 4.7s
[2057/3000] seed 102056 s=5.000080744 pen=0.0e+00 moves=1.70e+07 4.6s
[2058/3000] seed 102058 s=4.835089294 pen=0.0e+00 moves=1.70e+07 4.4s
[2059/3000] seed 102059 s=5.000061839 pen=0.0e+00 moves=1.70e+07 4.3s
[2060/3000] seed 102060 s=5.000103968 pen=0.0e+00 moves=1.70e+07 4.6s
[2061/3000] seed 102061 s=4.707107152 pen=0.0e+00 moves=1.70e+07 4.6s
[2062/3000] seed 102057 s=4.677749127 pen=0.0e+00 moves=1.70e+07 6.4s saved n17_s4.677749127_seed102057.json
[2063/3000] seed 102062 s=5.000165384 pen=0.0e+00 moves=1.70e+07 4.6s
[2064/3000] seed 102063 s=5.000147075 pen=0.0e+00 moves=1.70e+07 4.7s
[2065/3000] seed 102064 s=4.767769990 pen=0.0e+00 moves=1.70e+07 4.3s
[2066/3000] seed 102066 s=4.717764046 pen=0.0e+00 moves=1.70e+07 4.4s
[2067/3000] seed 102065 s=5.000193626 pen=0.0e+00 moves=1.70e+07 4.7s
[2068/3000] seed 102067 s=4.767770607 pen=0.0e+00 moves=1.70e+07 4.3s
[2069/3000] seed 102068 s=4.707107505 pen=0.0e+00 moves=1.70e+07 4.5s
[2070/3000] seed 102069 s=4.767768171 pen=0.0e+00 moves=1.70e+07 4.5s
[2071/3000] seed 102070 s=5.000114330 pen=0.0e+00 moves=1.70e+07 4.5s
[2072/3000] seed 102071 s=4.771189970 pen=0.0e+00 moves=1.70e+07 4.4s
[2073/3000] seed 102072 s=5.000025217 pen=0.0e+00 moves=1.70e+07 4.4s
[2074/3000] seed 102073 s=4.707108743 pen=0.0e+00 moves=1.70e+07 4.5s
[2075/3000] seed 102074 s=5.000015966 pen=3.4e-12 moves=1.70e+07 4.3s
[2076/3000] seed 102075 s=4.800543093 pen=0.0e+00 moves=1.70e+07 4.2s
[2077/3000] seed 102076 s=4.707107405 pen=0.0e+00 moves=1.70e+07 4.5s
[2078/3000] seed 102077 s=4.767773184 pen=0.0e+00 moves=1.70e+07 4.7s
[2079/3000] seed 102078 s=5.000114650 pen=0.0e+00 moves=1.70e+07 4.6s
[2080/3000] seed 102079 s=4.767767851 pen=0.0e+00 moves=1.70e+07 4.4s
[2081/3000] seed 102081 s=5.000009349 pen=0.0e+00 moves=1.70e+07 4.2s
[2082/3000] seed 102080 s=5.000110454 pen=0.0e+00 moves=1.70e+07 4.7s
[2083/3000] seed 102082 s=4.707107204 pen=0.0e+00 moves=1.70e+07 4.4s
[2084/3000] seed 102083 s=4.778350774 pen=0.0e+00 moves=1.70e+07 4.5s
[2085/3000] seed 102084 s=4.707107265 pen=0.0e+00 moves=1.70e+07 4.6s
[2086/3000] seed 102086 s=5.000108928 pen=0.0e+00 moves=1.70e+07 4.2s
[2087/3000] seed 102085 s=5.000137539 pen=0.0e+00 moves=1.70e+07 4.7s
[2088/3000] seed 102087 s=4.707107960 pen=0.0e+00 moves=1.70e+07 4.5s
[2089/3000] seed 102088 s=4.707108028 pen=0.0e+00 moves=1.70e+07 4.7s
[2090/3000] seed 102089 s=4.850790038 pen=0.0e+00 moves=1.70e+07 4.2s
[2091/3000] seed 102091 s=4.828458255 pen=0.0e+00 moves=1.70e+07 4.3s
[2092/3000] seed 102090 s=5.000115414 pen=0.0e+00 moves=1.70e+07 4.7s
[2093/3000] seed 102092 s=5.000084129 pen=0.0e+00 moves=1.70e+07 4.7s
[2094/3000] seed 102093 s=5.000152795 pen=0.0e+00 moves=1.70e+07 4.6s
[2095/3000] seed 102094 s=4.894506481 pen=0.0e+00 moves=1.70e+07 4.0s
[2096/3000] seed 102096 s=5.000013636 pen=0.0e+00 moves=1.70e+07 4.2s
[2097/3000] seed 102095 s=5.000145943 pen=0.0e+00 moves=1.70e+07 4.6s
[2098/3000] seed 102098 s=5.000018733 pen=0.0e+00 moves=1.70e+07 4.2s
[2099/3000] seed 102097 s=4.707107599 pen=0.0e+00 moves=1.70e+07 5.0s
[2100/3000] seed 102099 s=5.000169933 pen=0.0e+00 moves=1.70e+07 4.5s
[2101/3000] seed 102101 s=4.692008391 pen=0.0e+00 moves=1.70e+07 4.2s
[2102/3000] seed 102100 s=4.828451086 pen=0.0e+00 moves=1.70e+07 4.3s
[2103/3000] seed 102102 s=5.000119988 pen=0.0e+00 moves=1.70e+07 4.7s
[2104/3000] seed 102103 s=5.000181409 pen=0.0e+00 moves=1.70e+07 4.6s
[2105/3000] seed 102104 s=4.707139405 pen=0.0e+00 moves=1.70e+07 4.4s
[2106/3000] seed 102105 s=5.000140595 pen=0.0e+00 moves=1.70e+07 4.5s
[2107/3000] seed 102106 s=4.707108884 pen=3.0e-11 moves=1.70e+07 4.6s
[2108/3000] seed 102109 s=4.822881494 pen=0.0e+00 moves=1.70e+07 4.1s
[2109/3000] seed 102107 s=4.852881315 pen=0.0e+00 moves=1.70e+07 4.4s
[2110/3000] seed 102108 s=5.000106213 pen=0.0e+00 moves=1.70e+07 4.5s
[2111/3000] seed 102110 s=5.000160438 pen=0.0e+00 moves=1.70e+07 4.5s
[2112/3000] seed 102113 s=4.767771380 pen=0.0e+00 moves=1.70e+07 4.5s
[2113/3000] seed 102111 s=4.707109060 pen=0.0e+00 moves=1.70e+07 4.9s
[2114/3000] seed 102112 s=5.000107791 pen=0.0e+00 moves=1.70e+07 4.7s
[2115/3000] seed 102114 s=4.822883290 pen=0.0e+00 moves=1.70e+07 4.2s
[2116/3000] seed 102115 s=5.000153177 pen=0.0e+00 moves=1.70e+07 4.5s
[2117/3000] seed 102116 s=5.000003214 pen=0.0e+00 moves=1.70e+07 4.6s
[2118/3000] seed 102117 s=4.707109050 pen=0.0e+00 moves=1.70e+07 4.6s
[2119/3000] seed 102118 s=4.767769191 pen=0.0e+00 moves=1.70e+07 4.2s
[2120/3000] seed 102120 s=4.772204576 pen=0.0e+00 moves=1.70e+07 4.2s
[2121/3000] seed 102119 s=5.000110465 pen=0.0e+00 moves=1.70e+07 4.5s
[2122/3000] seed 102121 s=4.707110340 pen=0.0e+00 moves=1.70e+07 4.4s
[2123/3000] seed 102122 s=4.707114737 pen=0.0e+00 moves=1.70e+07 4.4s
[2124/3000] seed 102123 s=4.730335401 pen=0.0e+00 moves=1.70e+07 4.3s
[2125/3000] seed 102125 s=4.828472231 pen=0.0e+00 moves=1.70e+07 4.1s
[2126/3000] seed 102124 s=5.000059711 pen=0.0e+00 moves=1.70e+07 4.5s
[2127/3000] seed 102126 s=4.806751725 pen=0.0e+00 moves=1.70e+07 4.2s
[2128/3000] seed 102127 s=5.000084507 pen=0.0e+00 moves=1.70e+07 4.3s
[2129/3000] seed 102128 s=4.707111250 pen=0.0e+00 moves=1.70e+07 4.4s
[2130/3000] seed 102129 s=4.728584137 pen=0.0e+00 moves=1.70e+07 4.2s
[2131/3000] seed 102130 s=5.000160261 pen=0.0e+00 moves=1.70e+07 4.5s
[2132/3000] seed 102131 s=4.728581487 pen=0.0e+00 moves=1.70e+07 4.3s
[2133/3000] seed 102133 s=4.822883499 pen=0.0e+00 moves=1.70e+07 4.3s
[2134/3000] seed 102132 s=5.000150125 pen=0.0e+00 moves=1.70e+07 4.6s
[2135/3000] seed 102136 s=4.822881609 pen=0.0e+00 moves=1.70e+07 4.1s
[2136/3000] seed 102134 s=5.000006013 pen=0.0e+00 moves=1.70e+07 4.4s
[2137/3000] seed 102135 s=4.707108128 pen=0.0e+00 moves=1.70e+07 4.5s
[2138/3000] seed 102138 s=4.768120001 pen=2.1e-11 moves=1.70e+07 4.5s
[2139/3000] seed 102137 s=5.000103420 pen=0.0e+00 moves=1.70e+07 4.8s
[2140/3000] seed 102139 s=4.785560083 pen=0.0e+00 moves=1.70e+07 4.6s
[2141/3000] seed 102140 s=5.000079388 pen=0.0e+00 moves=1.70e+07 4.3s
[2142/3000] seed 102141 s=4.707110741 pen=0.0e+00 moves=1.70e+07 4.4s
[2143/3000] seed 102142 s=4.707108078 pen=0.0e+00 moves=1.70e+07 4.4s
[2144/3000] seed 102143 s=5.000096333 pen=0.0e+00 moves=1.70e+07 4.3s
[2145/3000] seed 102145 s=5.000049632 pen=0.0e+00 moves=1.70e+07 4.6s
[2146/3000] seed 102144 s=4.707107656 pen=0.0e+00 moves=1.70e+07 4.9s
[2147/3000] seed 102147 s=5.000105450 pen=0.0e+00 moves=1.70e+07 4.4s
[2148/3000] seed 102146 s=4.917408952 pen=0.0e+00 moves=1.70e+07 4.4s
[2149/3000] seed 102148 s=4.707107405 pen=0.0e+00 moves=1.70e+07 4.4s
[2150/3000] seed 102149 s=4.707107509 pen=0.0e+00 moves=1.70e+07 4.5s
[2151/3000] seed 102150 s=5.000003473 pen=0.0e+00 moves=1.70e+07 4.7s
[2152/3000] seed 102151 s=4.886113357 pen=0.0e+00 moves=1.70e+07 4.2s
[2153/3000] seed 102152 s=4.895705945 pen=0.0e+00 moves=1.70e+07 4.2s
[2154/3000] seed 102154 s=5.000008978 pen=0.0e+00 moves=1.70e+07 4.2s
[2155/3000] seed 102153 s=5.000086085 pen=0.0e+00 moves=1.70e+07 4.6s
[2156/3000] seed 102155 s=5.000008645 pen=0.0e+00 moves=1.70e+07 4.1s
[2157/3000] seed 102157 s=4.707130770 pen=0.0e+00 moves=1.70e+07 4.5s
[2158/3000] seed 102156 s=5.000174969 pen=0.0e+00 moves=1.70e+07 4.5s
[2159/3000] seed 102158 s=5.000000422 pen=0.0e+00 moves=1.70e+07 4.5s
[2160/3000] seed 102159 s=5.000221476 pen=0.0e+00 moves=1.70e+07 4.5s
[2161/3000] seed 102160 s=4.822879589 pen=0.0e+00 moves=1.70e+07 4.2s
[2162/3000] seed 102161 s=4.707112100 pen=0.0e+00 moves=1.70e+07 4.4s
[2163/3000] seed 102162 s=5.000126813 pen=0.0e+00 moves=1.70e+07 4.4s
[2164/3000] seed 102163 s=4.707108056 pen=0.0e+00 moves=1.70e+07 4.3s
[2165/3000] seed 102164 s=4.872990014 pen=0.0e+00 moves=1.70e+07 4.3s
[2166/3000] seed 102165 s=5.000081036 pen=0.0e+00 moves=1.70e+07 4.4s
[2167/3000] seed 102166 s=4.707127214 pen=0.0e+00 moves=1.70e+07 4.4s
[2168/3000] seed 102167 s=5.000214610 pen=0.0e+00 moves=1.70e+07 4.5s
[2169/3000] seed 102168 s=4.767771297 pen=0.0e+00 moves=1.70e+07 4.4s
[2170/3000] seed 102169 s=4.767771171 pen=0.0e+00 moves=1.70e+07 4.5s
[2171/3000] seed 102170 s=4.728589049 pen=0.0e+00 moves=1.70e+07 4.5s
[2172/3000] seed 102171 s=4.707113456 pen=0.0e+00 moves=1.70e+07 4.8s
[2173/3000] seed 102172 s=5.000059714 pen=0.0e+00 moves=1.70e+07 4.7s
[2174/3000] seed 102173 s=4.707108202 pen=0.0e+00 moves=1.70e+07 4.5s
[2175/3000] seed 102174 s=5.000137539 pen=0.0e+00 moves=1.70e+07 4.6s
[2176/3000] seed 102175 s=4.707131264 pen=0.0e+00 moves=1.70e+07 4.8s
[2177/3000] seed 102176 s=5.000182171 pen=0.0e+00 moves=1.70e+07 4.5s
[2178/3000] seed 102178 s=5.000019114 pen=0.0e+00 moves=1.70e+07 4.3s
[2179/3000] seed 102177 s=5.000235199 pen=0.0e+00 moves=1.70e+07 4.6s
[2180/3000] seed 102179 s=4.730018856 pen=0.0e+00 moves=1.70e+07 4.3s
[2181/3000] seed 102180 s=5.000132535 pen=0.0e+00 moves=1.70e+07 4.5s
[2182/3000] seed 102181 s=5.000161187 pen=0.0e+00 moves=1.70e+07 4.5s
[2183/3000] seed 102183 s=5.000033242 pen=0.0e+00 moves=1.70e+07 4.2s
[2184/3000] seed 102184 s=5.000008051 pen=0.0e+00 moves=1.70e+07 4.2s
[2185/3000] seed 102182 s=5.000013392 pen=0.0e+00 moves=1.70e+07 4.7s
[2186/3000] seed 102185 s=4.795484204 pen=0.0e+00 moves=1.70e+07 4.3s
[2187/3000] seed 102186 s=4.707107805 pen=0.0e+00 moves=1.70e+07 4.5s
[2188/3000] seed 102187 s=4.832459211 pen=0.0e+00 moves=1.70e+07 4.6s
[2189/3000] seed 102188 s=5.000083755 pen=0.0e+00 moves=1.70e+07 4.4s
[2190/3000] seed 102189 s=5.000153951 pen=0.0e+00 moves=1.70e+07 4.5s
[2191/3000] seed 102190 s=4.897108293 pen=0.0e+00 moves=1.70e+07 4.5s
[2192/3000] seed 102191 s=5.000102810 pen=0.0e+00 moves=1.70e+07 4.4s
[2193/3000] seed 102192 s=5.000001185 pen=0.0e+00 moves=1.70e+07 4.4s
[2194/3000] seed 102193 s=4.707107570 pen=0.0e+00 moves=1.70e+07 4.5s
[2195/3000] seed 102194 s=4.707133615 pen=0.0e+00 moves=1.70e+07 4.6s
[2196/3000] seed 102196 s=5.000067180 pen=0.0e+00 moves=1.70e+07 4.4s
[2197/3000] seed 102195 s=4.707111259 pen=0.0e+00 moves=1.70e+07 4.6s
[2198/3000] seed 102197 s=5.000024836 pen=0.0e+00 moves=1.70e+07 4.3s
[2199/3000] seed 102198 s=4.707108444 pen=0.0e+00 moves=1.70e+07 4.4s
[2200/3000] seed 102199 s=4.728582259 pen=0.0e+00 moves=1.70e+07 4.5s
[2201/3000] seed 102200 s=4.707108037 pen=0.0e+00 moves=1.70e+07 4.7s
[2202/3000] seed 102202 s=4.707112094 pen=0.0e+00 moves=1.70e+07 4.3s
[2203/3000] seed 102201 s=4.767936199 pen=0.0e+00 moves=1.70e+07 4.4s
[2204/3000] seed 102203 s=5.000021022 pen=0.0e+00 moves=1.70e+07 4.2s
[2205/3000] seed 102204 s=5.000151666 pen=0.0e+00 moves=1.70e+07 4.6s
[2206/3000] seed 102205 s=5.000123051 pen=0.0e+00 moves=1.70e+07 4.6s
[2207/3000] seed 102206 s=4.771386368 pen=0.0e+00 moves=1.70e+07 4.3s
[2208/3000] seed 102207 s=4.860744640 pen=0.0e+00 moves=1.70e+07 4.5s
[2209/3000] seed 102208 s=5.000205829 pen=0.0e+00 moves=1.70e+07 4.5s
[2210/3000] seed 102209 s=4.707107275 pen=0.0e+00 moves=1.70e+07 4.5s
[2211/3000] seed 102210 s=4.829586214 pen=0.0e+00 moves=1.70e+07 4.1s
[2212/3000] seed 102211 s=4.707107067 pen=0.0e+00 moves=1.70e+07 4.4s
[2213/3000] seed 102212 s=5.000092480 pen=0.0e+00 moves=1.70e+07 4.2s
[2214/3000] seed 102213 s=4.800564790 pen=0.0e+00 moves=1.70e+07 4.1s
[2215/3000] seed 102214 s=5.000257353 pen=0.0e+00 moves=1.70e+07 4.3s
[2216/3000] seed 102215 s=5.000169973 pen=0.0e+00 moves=1.70e+07 4.5s
[2217/3000] seed 102216 s=4.707112229 pen=0.0e+00 moves=1.70e+07 4.3s
[2218/3000] seed 102218 s=4.707110264 pen=0.0e+00 moves=1.70e+07 4.3s
[2219/3000] seed 102217 s=4.707121210 pen=0.0e+00 moves=1.70e+07 4.5s
[2220/3000] seed 102220 s=5.000031062 pen=0.0e+00 moves=1.70e+07 4.2s
[2221/3000] seed 102219 s=5.000061229 pen=0.0e+00 moves=1.70e+07 4.3s
[2222/3000] seed 102221 s=5.000000592 pen=0.0e+00 moves=1.70e+07 4.4s
[2223/3000] seed 102222 s=5.000146311 pen=0.0e+00 moves=1.70e+07 4.7s
[2224/3000] seed 102223 s=5.000079922 pen=0.0e+00 moves=1.70e+07 4.3s
[2225/3000] seed 102224 s=4.707110691 pen=0.0e+00 moves=1.70e+07 4.3s
[2226/3000] seed 102225 s=4.845034063 pen=0.0e+00 moves=1.70e+07 4.4s
[2227/3000] seed 102226 s=4.707107358 pen=0.0e+00 moves=1.70e+07 4.4s
[2228/3000] seed 102227 s=4.707107565 pen=0.0e+00 moves=1.70e+07 4.5s
[2229/3000] seed 102230 s=5.000084129 pen=0.0e+00 moves=1.70e+07 4.2s
[2230/3000] seed 102228 s=4.746688442 pen=0.0e+00 moves=1.70e+07 4.6s
[2231/3000] seed 102231 s=4.707107706 pen=0.0e+00 moves=1.70e+07 4.4s
[2232/3000] seed 102229 s=4.745600434 pen=0.0e+00 moves=1.70e+07 4.6s
[2233/3000] seed 102232 s=4.707107786 pen=0.0e+00 moves=1.70e+07 4.6s
[2234/3000] seed 102233 s=4.728582269 pen=0.0e+00 moves=1.70e+07 4.2s
[2235/3000] seed 102234 s=5.000139827 pen=0.0e+00 moves=1.70e+07 4.4s
[2236/3000] seed 102236 s=4.707107049 pen=0.0e+00 moves=1.70e+07 4.5s
[2237/3000] seed 102237 s=4.707123843 pen=0.0e+00 moves=1.70e+07 4.5s
[2238/3000] seed 102235 s=4.707107204 pen=0.0e+00 moves=1.70e+07 4.9s
[2239/3000] seed 102238 s=5.000007070 pen=0.0e+00 moves=1.70e+07 4.3s
[2240/3000] seed 102239 s=5.000147844 pen=0.0e+00 moves=1.70e+07 4.5s
[2241/3000] seed 102240 s=4.767771456 pen=0.0e+00 moves=1.70e+07 4.2s
[2242/3000] seed 102242 s=4.828438530 pen=0.0e+00 moves=1.70e+07 4.2s
[2243/3000] seed 102243 s=4.889051575 pen=0.0e+00 moves=1.70e+07 4.2s
[2244/3000] seed 102241 s=4.708973380 pen=0.0e+00 moves=1.70e+07 4.4s
[2245/3000] seed 102245 s=4.767768867 pen=0.0e+00 moves=1.70e+07 4.3s
[2246/3000] seed 102244 s=4.707111869 pen=7.1e-11 moves=1.70e+07 4.5s
[2247/3000] seed 102246 s=4.707158501 pen=0.0e+00 moves=1.70e+07 4.2s
[2248/3000] seed 102249 s=4.771192229 pen=0.0e+00 moves=1.70e+07 4.2s
[2249/3000] seed 102248 s=5.000062766 pen=0.0e+00 moves=1.70e+07 4.2s
[2250/3000] seed 102247 s=5.000106637 pen=0.0e+00 moves=1.70e+07 4.6s
[2251/3000] seed 102250 s=4.707121139 pen=0.0e+00 moves=1.70e+07 4.6s
[2252/3000] seed 102251 s=4.707108399 pen=0.0e+00 moves=1.70e+07 4.5s
[2253/3000] seed 102252 s=5.000171871 pen=0.0e+00 moves=1.70e+07 4.4s
[2254/3000] seed 102254 s=5.000004999 pen=0.0e+00 moves=1.70e+07 4.3s
[2255/3000] seed 102253 s=4.828436018 pen=0.0e+00 moves=1.70e+07 4.4s
[2256/3000] seed 102255 s=5.000109321 pen=0.0e+00 moves=1.70e+07 4.5s
[2257/3000] seed 102257 s=4.767802318 pen=0.0e+00 moves=1.70e+07 4.3s
[2258/3000] seed 102256 s=5.000096336 pen=0.0e+00 moves=1.70e+07 4.6s
[2259/3000] seed 102258 s=4.728665051 pen=0.0e+00 moves=1.70e+07 4.3s
[2260/3000] seed 102259 s=4.806740519 pen=0.0e+00 moves=1.70e+07 4.2s
[2261/3000] seed 102260 s=4.707202435 pen=0.0e+00 moves=1.70e+07 4.3s
[2262/3000] seed 102261 s=4.755543417 pen=0.0e+00 moves=1.70e+07 4.2s
[2263/3000] seed 102262 s=4.767767659 pen=0.0e+00 moves=1.70e+07 4.1s
[2264/3000] seed 102263 s=4.767771501 pen=0.0e+00 moves=1.70e+07 4.3s
[2265/3000] seed 102265 s=4.767771186 pen=0.0e+00 moves=1.70e+07 4.1s
[2266/3000] seed 102264 s=5.000185224 pen=0.0e+00 moves=1.70e+07 4.4s
[2267/3000] seed 102267 s=4.822880949 pen=0.0e+00 moves=1.70e+07 4.2s
[2268/3000] seed 102266 s=5.000040096 pen=0.0e+00 moves=1.70e+07 4.5s
[2269/3000] seed 102268 s=4.834142240 pen=0.0e+00 moves=1.70e+07 4.3s
[2270/3000] seed 102269 s=4.707109474 pen=0.0e+00 moves=1.70e+07 4.4s
[2271/3000] seed 102270 s=5.000254656 pen=0.0e+00 moves=1.70e+07 4.6s
[2272/3000] seed 102271 s=4.707108881 pen=0.0e+00 moves=1.70e+07 4.3s
[2273/3000] seed 102274 s=4.734024182 pen=0.0e+00 moves=1.70e+07 4.3s
[2274/3000] seed 102273 s=4.707107257 pen=0.0e+00 moves=1.70e+07 4.5s
[2275/3000] seed 102272 s=4.707107185 pen=0.0e+00 moves=1.70e+07 4.7s
[2276/3000] seed 102275 s=4.726308674 pen=0.0e+00 moves=1.70e+07 4.6s
[2277/3000] seed 102277 s=4.926071438 pen=0.0e+00 moves=1.70e+07 4.1s
[2278/3000] seed 102276 s=4.864659466 pen=0.0e+00 moves=1.70e+07 4.3s
[2279/3000] seed 102278 s=4.707107580 pen=0.0e+00 moves=1.70e+07 4.5s
[2280/3000] seed 102279 s=5.000033389 pen=0.0e+00 moves=1.70e+07 4.3s
[2281/3000] seed 102280 s=4.707113975 pen=0.0e+00 moves=1.70e+07 4.2s
[2282/3000] seed 102281 s=4.707108520 pen=0.0e+00 moves=1.70e+07 4.4s
[2283/3000] seed 102282 s=5.000147880 pen=0.0e+00 moves=1.70e+07 4.4s
[2284/3000] seed 102283 s=5.000093314 pen=0.0e+00 moves=1.70e+07 4.7s
[2285/3000] seed 102285 s=5.000239029 pen=0.0e+00 moves=1.70e+07 4.4s
[2286/3000] seed 102286 s=4.767780643 pen=0.0e+00 moves=1.70e+07 4.3s
[2287/3000] seed 102284 s=4.707111563 pen=5.8e-11 moves=1.70e+07 4.5s
[2288/3000] seed 102287 s=4.707110064 pen=8.9e-11 moves=1.70e+07 4.6s
[2289/3000] seed 102288 s=4.828448020 pen=0.0e+00 moves=1.70e+07 3.9s
[2290/3000] seed 102289 s=4.707113379 pen=0.0e+00 moves=1.70e+07 4.4s
[2291/3000] seed 102290 s=5.000024454 pen=0.0e+00 moves=1.70e+07 4.3s
[2292/3000] seed 102292 s=5.000153558 pen=0.0e+00 moves=1.70e+07 4.5s
[2293/3000] seed 102291 s=5.000147074 pen=0.0e+00 moves=1.70e+07 4.6s
[2294/3000] seed 102293 s=5.000160043 pen=0.0e+00 moves=1.70e+07 4.5s
[2295/3000] seed 102294 s=5.000184851 pen=0.0e+00 moves=1.70e+07 4.5s
[2296/3000] seed 102298 s=4.858225001 pen=0.0e+00 moves=1.70e+07 4.1s
[2297/3000] seed 102297 s=4.788776578 pen=0.0e+00 moves=1.70e+07 4.1s
[2298/3000] seed 102296 s=4.767768213 pen=0.0e+00 moves=1.70e+07 4.2s
[2299/3000] seed 102295 s=4.710757948 pen=0.0e+00 moves=1.70e+07 4.4s
[2300/3000] seed 102300 s=5.000073121 pen=0.0e+00 moves=1.70e+07 4.6s
[2301/3000] seed 102299 s=4.707108872 pen=0.0e+00 moves=1.70e+07 4.8s
[2302/3000] seed 102301 s=5.000132989 pen=0.0e+00 moves=1.70e+07 4.6s
[2303/3000] seed 102304 s=5.000045054 pen=0.0e+00 moves=1.70e+07 4.3s
[2304/3000] seed 102302 s=5.000145939 pen=0.0e+00 moves=1.70e+07 4.7s
[2305/3000] seed 102303 s=4.707108486 pen=0.0e+00 moves=1.70e+07 4.6s
[2306/3000] seed 102305 s=5.000000925 pen=0.0e+00 moves=1.70e+07 4.3s
[2307/3000] seed 102306 s=4.767767827 pen=0.0e+00 moves=1.70e+07 4.4s
[2308/3000] seed 102308 s=5.000039455 pen=0.0e+00 moves=1.70e+07 4.3s
[2309/3000] seed 102310 s=4.777272563 pen=0.0e+00 moves=1.70e+07 4.3s
[2310/3000] seed 102307 s=5.000107030 pen=0.0e+00 moves=1.70e+07 4.7s
[2311/3000] seed 102309 s=4.707107343 pen=0.0e+00 moves=1.70e+07 4.6s
[2312/3000] seed 102311 s=5.000127238 pen=0.0e+00 moves=1.70e+07 4.4s
[2313/3000] seed 102312 s=4.874636291 pen=0.0e+00 moves=1.70e+07 4.5s
[2314/3000] seed 102313 s=5.000143095 pen=0.0e+00 moves=1.70e+07 4.4s
[2315/3000] seed 102314 s=4.707107834 pen=0.0e+00 moves=1.70e+07 4.4s
[2316/3000] seed 102317 s=4.767770236 pen=0.0e+00 moves=1.70e+07 4.3s
[2317/3000] seed 102315 s=5.000169584 pen=0.0e+00 moves=1.70e+07 4.7s
[2318/3000] seed 102316 s=5.000300053 pen=0.0e+00 moves=1.70e+07 4.6s
[2319/3000] seed 102318 s=5.000237789 pen=0.0e+00 moves=1.70e+07 4.4s
[2320/3000] seed 102319 s=4.870839388 pen=0.0e+00 moves=1.70e+07 4.2s
[2321/3000] seed 102320 s=5.000083736 pen=0.0e+00 moves=1.70e+07 4.1s
[2322/3000] seed 102322 s=4.870830625 pen=0.0e+00 moves=1.70e+07 4.3s
[2323/3000] seed 102321 s=4.707109247 pen=0.0e+00 moves=1.70e+07 4.5s
[2324/3000] seed 102324 s=5.000035399 pen=0.0e+00 moves=1.70e+07 4.2s
[2325/3000] seed 102323 s=5.000133329 pen=0.0e+00 moves=1.70e+07 4.6s
[2326/3000] seed 102325 s=4.707276975 pen=0.0e+00 moves=1.70e+07 4.3s
[2327/3000] seed 102326 s=4.767962103 pen=0.0e+00 moves=1.70e+07 4.4s
[2328/3000] seed 102327 s=5.000139453 pen=0.0e+00 moves=1.70e+07 4.5s
[2329/3000] seed 102328 s=4.707109700 pen=0.0e+00 moves=1.70e+07 4.6s
[2330/3000] seed 102329 s=4.914488409 pen=0.0e+00 moves=1.70e+07 4.5s
[2331/3000] seed 102330 s=5.000081839 pen=0.0e+00 moves=1.70e+07 4.3s
[2332/3000] seed 102332 s=5.000268767 pen=0.0e+00 moves=1.70e+07 4.3s
[2333/3000] seed 102333 s=5.000034236 pen=0.0e+00 moves=1.70e+07 4.1s
[2334/3000] seed 102331 s=5.000127454 pen=0.0e+00 moves=1.70e+07 4.7s
[2335/3000] seed 102334 s=5.000118470 pen=0.0e+00 moves=1.70e+07 4.6s
[2336/3000] seed 102335 s=4.707108565 pen=0.0e+00 moves=1.70e+07 4.6s
[2337/3000] seed 102336 s=4.707111682 pen=3.0e-11 moves=1.70e+07 4.5s
[2338/3000] seed 102337 s=4.990043882 pen=0.0e+00 moves=1.70e+07 4.3s
[2339/3000] seed 102338 s=5.000112576 pen=0.0e+00 moves=1.70e+07 4.5s
[2340/3000] seed 102339 s=5.000081474 pen=0.0e+00 moves=1.70e+07 4.3s
[2341/3000] seed 102341 s=4.950338818 pen=0.0e+00 moves=1.70e+07 4.3s
[2342/3000] seed 102340 s=4.728596103 pen=0.0e+00 moves=1.70e+07 4.3s
[2343/3000] seed 102342 s=5.000178410 pen=0.0e+00 moves=1.70e+07 4.7s
[2344/3000] seed 102343 s=5.000134395 pen=0.0e+00 moves=1.70e+07 4.4s
[2345/3000] seed 102344 s=4.787297174 pen=0.0e+00 moves=1.70e+07 4.3s
[2346/3000] seed 102345 s=4.728587732 pen=0.0e+00 moves=1.70e+07 4.6s
[2347/3000] seed 102346 s=5.000037807 pen=0.0e+00 moves=1.70e+07 4.3s
[2348/3000] seed 102347 s=5.000129525 pen=0.0e+00 moves=1.70e+07 4.5s
[2349/3000] seed 102349 s=4.728584266 pen=0.0e+00 moves=1.70e+07 4.4s
[2350/3000] seed 102348 s=5.000059673 pen=0.0e+00 moves=1.70e+07 4.5s
[2351/3000] seed 102351 s=5.000057939 pen=0.0e+00 moves=1.70e+07 4.2s
[2352/3000] seed 102350 s=5.000001402 pen=0.0e+00 moves=1.70e+07 4.5s
[2353/3000] seed 102352 s=5.000036281 pen=0.0e+00 moves=1.70e+07 4.5s
[2354/3000] seed 102353 s=5.000151665 pen=0.0e+00 moves=1.70e+07 4.7s
[2355/3000] seed 102354 s=4.677705612 pen=0.0e+00 moves=1.70e+07 4.5s saved n17_s4.677705612_seed102354.json
[2356/3000] seed 102356 s=4.707111569 pen=0.0e+00 moves=1.70e+07 4.4s
[2357/3000] seed 102355 s=5.000109677 pen=0.0e+00 moves=1.70e+07 4.5s
[2358/3000] seed 102357 s=4.707125066 pen=0.0e+00 moves=1.70e+07 4.3s
[2359/3000] seed 102358 s=4.993804546 pen=0.0e+00 moves=1.70e+07 4.2s
[2360/3000] seed 102361 s=4.714509212 pen=0.0e+00 moves=1.70e+07 4.2s
[2361/3000] seed 102359 s=5.000050899 pen=0.0e+00 moves=1.70e+07 4.4s
[2362/3000] seed 102360 s=4.707123600 pen=0.0e+00 moves=1.70e+07 4.6s
[2363/3000] seed 102363 s=5.000068107 pen=0.0e+00 moves=1.70e+07 4.5s
[2364/3000] seed 102362 s=4.728659195 pen=0.0e+00 moves=1.70e+07 4.5s
[2365/3000] seed 102364 s=5.000173777 pen=0.0e+00 moves=1.70e+07 4.7s
[2366/3000] seed 102365 s=5.000093676 pen=0.0e+00 moves=1.70e+07 4.7s
[2367/3000] seed 102367 s=5.000239024 pen=0.0e+00 moves=1.70e+07 4.4s
[2368/3000] seed 102368 s=5.000186785 pen=0.0e+00 moves=1.70e+07 4.4s
[2369/3000] seed 102369 s=5.000083749 pen=0.0e+00 moves=1.70e+07 4.5s
[2370/3000] seed 102366 s=4.707216897 pen=0.0e+00 moves=1.70e+07 4.8s
[2371/3000] seed 102370 s=5.000195536 pen=0.0e+00 moves=1.70e+07 4.7s
[2372/3000] seed 102372 s=4.707108346 pen=0.0e+00 moves=1.70e+07 4.3s
[2373/3000] seed 102371 s=5.000155480 pen=0.0e+00 moves=1.70e+07 4.5s
[2374/3000] seed 102373 s=5.000145546 pen=0.0e+00 moves=1.70e+07 4.6s
[2375/3000] seed 102374 s=5.000015299 pen=0.0e+00 moves=1.70e+07 4.3s
[2376/3000] seed 102375 s=4.707108650 pen=0.0e+00 moves=1.70e+07 4.4s
[2377/3000] seed 102376 s=4.751509911 pen=0.0e+00 moves=1.70e+07 4.2s
[2378/3000] seed 102377 s=5.000028051 pen=0.0e+00 moves=1.70e+07 4.3s
[2379/3000] seed 102378 s=5.000127998 pen=0.0e+00 moves=1.70e+07 4.6s
[2380/3000] seed 102379 s=5.000138684 pen=0.0e+00 moves=1.70e+07 4.5s
[2381/3000] seed 102380 s=5.000079171 pen=0.0e+00 moves=1.70e+07 4.4s
[2382/3000] seed 102382 s=4.780131454 pen=0.0e+00 moves=1.70e+07 4.1s
[2383/3000] seed 102381 s=5.000079510 pen=0.0e+00 moves=1.70e+07 4.6s
[2384/3000] seed 102383 s=4.728584738 pen=0.0e+00 moves=1.70e+07 4.2s
[2385/3000] seed 102384 s=5.000153176 pen=0.0e+00 moves=1.70e+07 4.5s
[2386/3000] seed 102385 s=5.000109340 pen=0.0e+00 moves=1.70e+07 4.5s
[2387/3000] seed 102387 s=4.840003152 pen=0.0e+00 moves=1.70e+07 4.1s
[2388/3000] seed 102386 s=4.767773338 pen=0.0e+00 moves=1.70e+07 4.4s
[2389/3000] seed 102389 s=4.728586170 pen=0.0e+00 moves=1.70e+07 4.2s
[2390/3000] seed 102388 s=4.734193905 pen=0.0e+00 moves=1.70e+07 4.5s
[2391/3000] seed 102390 s=5.000163095 pen=0.0e+00 moves=1.70e+07 4.4s
[2392/3000] seed 102391 s=5.000108924 pen=0.0e+00 moves=1.70e+07 4.4s
[2393/3000] seed 102392 s=4.730012256 pen=0.0e+00 moves=1.70e+07 4.5s
[2394/3000] seed 102393 s=4.707107454 pen=0.0e+00 moves=1.70e+07 4.5s
[2395/3000] seed 102394 s=5.000150929 pen=0.0e+00 moves=1.70e+07 4.6s
[2396/3000] seed 102395 s=5.000030177 pen=0.0e+00 moves=1.70e+07 3.9s
[2397/3000] seed 102396 s=5.000064306 pen=0.0e+00 moves=1.70e+07 4.5s
[2398/3000] seed 102397 s=5.000176450 pen=0.0e+00 moves=1.70e+07 4.2s
[2399/3000] seed 102398 s=5.000125546 pen=0.0e+00 moves=1.70e+07 4.5s
[2400/3000] seed 102399 s=4.707107046 pen=0.0e+00 moves=1.70e+07 4.5s
[2401/3000] seed 102400 s=5.000201260 pen=0.0e+00 moves=1.70e+07 4.5s
[2402/3000] seed 102401 s=5.000135662 pen=0.0e+00 moves=1.70e+07 4.5s
[2403/3000] seed 102402 s=5.000001688 pen=0.0e+00 moves=1.70e+07 4.2s
[2404/3000] seed 102403 s=4.728588919 pen=0.0e+00 moves=1.70e+07 4.3s
[2405/3000] seed 102404 s=5.000101686 pen=0.0e+00 moves=1.70e+07 4.3s
[2406/3000] seed 102405 s=4.788010283 pen=0.0e+00 moves=1.70e+07 4.2s
[2407/3000] seed 102406 s=5.000149961 pen=0.0e+00 moves=1.70e+07 4.5s
[2408/3000] seed 102407 s=5.000148601 pen=0.0e+00 moves=1.70e+07 4.6s
[2409/3000] seed 102409 s=5.000007670 pen=0.0e+00 moves=1.70e+07 4.0s
[2410/3000] seed 102408 s=5.000076880 pen=0.0e+00 moves=1.70e+07 4.4s
[2411/3000] seed 102411 s=5.000046199 pen=0.0e+00 moves=1.70e+07 4.3s
[2412/3000] seed 102410 s=5.000000040 pen=0.0e+00 moves=1.70e+07 4.7s
[2413/3000] seed 102412 s=4.912872939 pen=7.2e-11 moves=1.70e+07 4.3s
[2414/3000] seed 102413 s=4.751616302 pen=0.0e+00 moves=1.70e+07 4.3s
[2415/3000] seed 102414 s=4.771224282 pen=0.0e+00 moves=1.70e+07 4.3s
[2416/3000] seed 102415 s=5.000207731 pen=0.0e+00 moves=1.70e+07 4.4s
[2417/3000] seed 102417 s=5.000001695 pen=0.0e+00 moves=1.70e+07 4.3s
[2418/3000] seed 102416 s=5.000201247 pen=0.0e+00 moves=1.70e+07 4.7s
[2419/3000] seed 102418 s=5.000026866 pen=0.0e+00 moves=1.70e+07 4.6s
[2420/3000] seed 102419 s=5.000206260 pen=0.0e+00 moves=1.70e+07 4.5s
[2421/3000] seed 102421 s=4.714470841 pen=0.0e+00 moves=1.70e+07 4.2s
[2422/3000] seed 102420 s=5.000155092 pen=0.0e+00 moves=1.70e+07 4.6s
[2423/3000] seed 102422 s=5.000011988 pen=0.0e+00 moves=1.70e+07 4.3s
[2424/3000] seed 102423 s=5.000067346 pen=0.0e+00 moves=1.70e+07 4.3s
[2425/3000] seed 102424 s=4.755349776 pen=0.0e+00 moves=1.70e+07 4.3s
[2426/3000] seed 102425 s=4.750343138 pen=0.0e+00 moves=1.70e+07 4.4s
[2427/3000] seed 102426 s=4.858217381 pen=0.0e+00 moves=1.70e+07 4.2s
[2428/3000] seed 102427 s=5.000296668 pen=0.0e+00 moves=1.70e+07 4.4s
[2429/3000] seed 102428 s=5.000121131 pen=0.0e+00 moves=1.70e+07 4.4s
[2430/3000] seed 102429 s=4.751765048 pen=0.0e+00 moves=1.70e+07 4.3s
[2431/3000] seed 102430 s=4.707108449 pen=0.0e+00 moves=1.70e+07 4.5s
[2432/3000] seed 102431 s=5.000249345 pen=0.0e+00 moves=1.70e+07 4.4s
[2433/3000] seed 102433 s=5.000119946 pen=0.0e+00 moves=1.70e+07 4.4s
[2434/3000] seed 102432 s=5.000122998 pen=0.0e+00 moves=1.70e+07 4.6s
[2435/3000] seed 102434 s=5.000178354 pen=0.0e+00 moves=1.70e+07 4.5s
[2436/3000] seed 102435 s=5.000145165 pen=0.0e+00 moves=1.70e+07 4.6s
[2437/3000] seed 102436 s=5.000220717 pen=0.0e+00 moves=1.70e+07 4.6s
[2438/3000] seed 102437 s=4.707106933 pen=0.0e+00 moves=1.70e+07 4.6s
[2439/3000] seed 102438 s=4.677654270 pen=0.0e+00 moves=1.70e+07 4.7s *best saved n17_s4.677654270_seed102438.json
[2440/3000] seed 102439 s=5.000181799 pen=0.0e+00 moves=1.70e+07 4.7s
[2441/3000] seed 102441 s=4.707108666 pen=0.0e+00 moves=1.70e+07 4.4s
[2442/3000] seed 102440 s=5.000215020 pen=0.0e+00 moves=1.70e+07 4.7s
[2443/3000] seed 102442 s=4.822883023 pen=0.0e+00 moves=1.70e+07 4.2s
[2444/3000] seed 102443 s=4.822877569 pen=0.0e+00 moves=1.70e+07 4.3s
[2445/3000] seed 102444 s=4.728583148 pen=0.0e+00 moves=1.70e+07 4.5s
[2446/3000] seed 102445 s=5.000111172 pen=0.0e+00 moves=1.70e+07 4.6s
[2447/3000] seed 102447 s=4.858228649 pen=0.0e+00 moves=1.70e+07 4.1s
[2448/3000] seed 102446 s=5.000016825 pen=0.0e+00 moves=1.70e+07 4.5s
[2449/3000] seed 102448 s=4.707106852 pen=0.0e+00 moves=1.70e+07 4.5s
[2450/3000] seed 102449 s=4.707110613 pen=0.0e+00 moves=1.70e+07 4.6s
[2451/3000] seed 102450 s=4.707109572 pen=0.0e+00 moves=1.70e+07 4.5s
[2452/3000] seed 102453 s=4.828674052 pen=0.0e+00 moves=1.70e+07 4.1s
[2453/3000] seed 102452 s=5.000099005 pen=0.0e+00 moves=1.70e+07 4.5s
[2454/3000] seed 102451 s=5.000136395 pen=0.0e+00 moves=1.70e+07 4.7s
[2455/3000] seed 102454 s=5.000174162 pen=0.0e+00 moves=1.70e+07 4.4s
[2456/3000] seed 102455 s=5.000001947 pen=0.0e+00 moves=1.70e+07 4.3s
[2457/3000] seed 102456 s=4.707131395 pen=0.0e+00 moves=1.70e+07 4.2s
[2458/3000] seed 102457 s=5.000138683 pen=0.0e+00 moves=1.70e+07 4.6s
[2459/3000] seed 102458 s=4.806792186 pen=0.0e+00 moves=1.70e+07 4.2s
[2460/3000] seed 102459 s=5.000107998 pen=0.0e+00 moves=1.70e+07 4.6s
[2461/3000] seed 102460 s=5.000081677 pen=0.0e+00 moves=1.70e+07 4.3s
[2462/3000] seed 102462 s=4.864702640 pen=0.0e+00 moves=1.70e+07 4.1s
[2463/3000] seed 102461 s=5.000232528 pen=0.0e+00 moves=1.70e+07 4.5s
[2464/3000] seed 102463 s=4.870831269 pen=0.0e+00 moves=1.70e+07 4.1s
[2465/3000] seed 102465 s=4.767768386 pen=0.0e+00 moves=1.70e+07 4.0s
[2466/3000] seed 102464 s=4.885621955 pen=0.0e+00 moves=1.70e+07 4.3s
[2467/3000] seed 102466 s=4.707107383 pen=0.0e+00 moves=1.70e+07 4.6s
[2468/3000] seed 102467 s=4.768110911 pen=0.0e+00 moves=1.70e+07 4.4s
[2469/3000] seed 102468 s=4.707115530 pen=0.0e+00 moves=1.70e+07 4.5s
[2470/3000] seed 102469 s=4.707107672 pen=0.0e+00 moves=1.70e+07 4.4s
[2471/3000] seed 102470 s=4.707110511 pen=0.0e+00 moves=1.70e+07 4.4s
[2472/3000] seed 102471 s=4.767770503 pen=0.0e+00 moves=1.70e+07 4.2s
[2473/3000] seed 102473 s=5.000000544 pen=0.0e+00 moves=1.70e+07 4.2s
[2474/3000] seed 102472 s=5.000122279 pen=0.0e+00 moves=1.70e+07 4.6s
[2475/3000] seed 102474 s=4.707107989 pen=0.0e+00 moves=1.70e+07 4.5s
[2476/3000] seed 102475 s=4.728583006 pen=0.0e+00 moves=1.70e+07 4.4s
[2477/3000] seed 102476 s=4.707119766 pen=0.0e+00 moves=1.70e+07 4.6s
[2478/3000] seed 102477 s=4.707111523 pen=0.0e+00 moves=1.70e+07 4.4s
[2479/3000] seed 102479 s=5.000079388 pen=0.0e+00 moves=1.70e+07 4.1s
[2480/3000] seed 102478 s=5.000153949 pen=0.0e+00 moves=1.70e+07 4.7s
[2481/3000] seed 102480 s=5.000249313 pen=0.0e+00 moves=1.70e+07 4.4s
[2482/3000] seed 102481 s=5.000096173 pen=0.0e+00 moves=1.70e+07 4.4s
[2483/3000] seed 102482 s=4.707107863 pen=0.0e+00 moves=1.70e+07 4.4s
[2484/3000] seed 102483 s=5.000155424 pen=0.0e+00 moves=1.70e+07 4.5s
[2485/3000] seed 102484 s=4.858231451 pen=0.0e+00 moves=1.70e+07 4.1s
[2486/3000] seed 102486 s=5.000057803 pen=0.0e+00 moves=1.70e+07 4.3s
[2487/3000] seed 102485 s=5.000171926 pen=0.0e+00 moves=1.70e+07 4.7s
[2488/3000] seed 102487 s=4.707107975 pen=0.0e+00 moves=1.70e+07 4.6s
[2489/3000] seed 102488 s=4.828435960 pen=0.0e+00 moves=1.70e+07 4.2s
[2490/3000] seed 102489 s=4.707109228 pen=0.0e+00 moves=1.70e+07 4.2s
[2491/3000] seed 102490 s=4.822877975 pen=0.0e+00 moves=1.70e+07 4.1s
[2492/3000] seed 102491 s=5.000240539 pen=0.0e+00 moves=1.70e+07 4.5s
[2493/3000] seed 102492 s=4.769381882 pen=0.0e+00 moves=1.70e+07 4.2s
[2494/3000] seed 102494 s=4.870839347 pen=0.0e+00 moves=1.70e+07 4.2s
[2495/3000] seed 102493 s=4.707110582 pen=0.0e+00 moves=1.70e+07 4.4s
[2496/3000] seed 102496 s=4.792617472 pen=0.0e+00 moves=1.70e+07 4.2s
[2497/3000] seed 102495 s=4.707107587 pen=0.0e+00 moves=1.70e+07 4.6s
[2498/3000] seed 102497 s=4.822881420 pen=0.0e+00 moves=1.70e+07 4.2s
[2499/3000] seed 102498 s=5.000218806 pen=0.0e+00 moves=1.70e+07 4.5s
[2500/3000] seed 102499 s=4.750344900 pen=0.0e+00 moves=1.70e+07 4.4s
[2501/3000] seed 102501 s=4.907804518 pen=0.0e+00 moves=1.70e+07 4.4s
[2502/3000] seed 102500 s=5.000008051 pen=0.0e+00 moves=1.70e+07 4.8s
[2503/3000] seed 102502 s=4.877950553 pen=0.0e+00 moves=1.70e+07 4.3s
[2504/3000] seed 102503 s=4.707107698 pen=2.8e-11 moves=1.70e+07 4.4s
[2505/3000] seed 102504 s=4.731061666 pen=0.0e+00 moves=1.70e+07 4.3s
[2506/3000] seed 102506 s=5.000095028 pen=0.0e+00 moves=1.70e+07 4.4s
[2507/3000] seed 102505 s=4.707109937 pen=0.0e+00 moves=1.70e+07 4.5s
[2508/3000] seed 102507 s=5.000162713 pen=0.0e+00 moves=1.70e+07 4.4s
[2509/3000] seed 102508 s=5.000060476 pen=0.0e+00 moves=1.70e+07 4.6s
[2510/3000] seed 102509 s=5.000087944 pen=0.0e+00 moves=1.70e+07 4.5s
[2511/3000] seed 102510 s=5.000100913 pen=0.0e+00 moves=1.70e+07 4.2s
[2512/3000] seed 102511 s=5.000165387 pen=0.0e+00 moves=1.70e+07 4.3s
[2513/3000] seed 102512 s=5.000263532 pen=0.0e+00 moves=1.70e+07 4.6s
[2514/3000] seed 102513 s=5.000008433 pen=0.0e+00 moves=1.70e+07 4.5s
[2515/3000] seed 102514 s=5.000027673 pen=0.0e+00 moves=1.70e+07 4.6s
[2516/3000] seed 102515 s=4.771189859 pen=0.0e+00 moves=1.70e+07 4.4s
[2517/3000] seed 102516 s=4.728636096 pen=0.0e+00 moves=1.70e+07 4.3s
[2518/3000] seed 102517 s=5.000078365 pen=0.0e+00 moves=1.70e+07 4.2s
[2519/3000] seed 102518 s=5.000136796 pen=0.0e+00 moves=1.70e+07 4.5s
[2520/3000] seed 102519 s=4.840048728 pen=0.0e+00 moves=1.70e+07 4.2s
[2521/3000] seed 102520 s=5.000075683 pen=0.0e+00 moves=1.70e+07 4.3s
[2522/3000] seed 102522 s=5.000001400 pen=0.0e+00 moves=1.70e+07 4.2s
[2523/3000] seed 102521 s=4.707108413 pen=0.0e+00 moves=1.70e+07 4.6s
[2524/3000] seed 102523 s=4.728587626 pen=0.0e+00 moves=1.70e+07 4.7s
[2525/3000] seed 102524 s=5.000130246 pen=0.0e+00 moves=1.70e+07 4.8s
[2526/3000] seed 102525 s=5.000097480 pen=0.0e+00 moves=1.70e+07 4.7s
[2527/3000] seed 102526 s=4.767770242 pen=0.0e+00 moves=1.70e+07 4.3s
[2528/3000] seed 102527 s=5.000001386 pen=0.0e+00 moves=1.70e+07 4.1s
[2529/3000] seed 102528 s=4.707108268 pen=0.0e+00 moves=1.70e+07 4.4s
[2530/3000] seed 102529 s=5.000188276 pen=0.0e+00 moves=1.70e+07 4.4s
[2531/3000] seed 102531 s=5.000003247 pen=0.0e+00 moves=1.70e+07 4.1s
[2532/3000] seed 102530 s=5.000115025 pen=0.0e+00 moves=1.70e+07 4.6s
[2533/3000] seed 102532 s=5.000011103 pen=2.3e-11 moves=1.70e+07 4.4s
[2534/3000] seed 102533 s=4.707107004 pen=0.0e+00 moves=1.70e+07 4.4s
[2535/3000] seed 102534 s=5.000227580 pen=0.0e+00 moves=1.70e+07 4.6s
[2536/3000] seed 102535 s=4.707114989 pen=0.0e+00 moves=1.70e+07 4.4s
[2537/3000] seed 102536 s=4.767770142 pen=0.0e+00 moves=1.70e+07 4.2s
[2538/3000] seed 102537 s=5.000171529 pen=0.0e+00 moves=1.70e+07 4.5s
[2539/3000] seed 102538 s=4.707107194 pen=0.0e+00 moves=1.70e+07 4.8s
[2540/3000] seed 102539 s=4.806733335 pen=0.0e+00 moves=1.70e+07 4.6s
[2541/3000] seed 102540 s=4.767768229 pen=0.0e+00 moves=1.70e+07 4.1s
[2542/3000] seed 102542 s=4.822884166 pen=0.0e+00 moves=1.70e+07 4.1s
[2543/3000] seed 102541 s=4.707109479 pen=0.0e+00 moves=1.70e+07 4.4s
[2544/3000] seed 102543 s=4.707110137 pen=0.0e+00 moves=1.70e+07 4.5s
[2545/3000] seed 102544 s=5.000140958 pen=0.0e+00 moves=1.70e+07 4.6s
[2546/3000] seed 102545 s=4.828442492 pen=0.0e+00 moves=1.70e+07 4.1s
[2547/3000] seed 102546 s=5.000068828 pen=0.0e+00 moves=1.70e+07 4.3s
[2548/3000] seed 102547 s=5.000144402 pen=0.0e+00 moves=1.70e+07 4.4s
[2549/3000] seed 102548 s=5.000186365 pen=0.0e+00 moves=1.70e+07 4.7s
[2550/3000] seed 102549 s=5.000003049 pen=0.0e+00 moves=1.70e+07 4.3s
[2551/3000] seed 102550 s=5.000015299 pen=0.0e+00 moves=1.70e+07 4.1s
[2552/3000] seed 102552 s=4.809108412 pen=0.0e+00 moves=1.70e+07 4.1s
[2553/3000] seed 102551 s=5.000224895 pen=0.0e+00 moves=1.70e+07 4.5s
[2554/3000] seed 102553 s=5.000182581 pen=0.0e+00 moves=1.70e+07 4.6s
[2555/3000] seed 102554 s=4.707108267 pen=0.0e+00 moves=1.70e+07 4.5s
[2556/3000] seed 102555 s=5.000062343 pen=0.0e+00 moves=1.70e+07 4.3s
[2557/3000] seed 102557 s=4.707107244 pen=0.0e+00 moves=1.70e+07 4.3s
[2558/3000] seed 102556 s=5.000124959 pen=0.0e+00 moves=1.70e+07 4.5s
[2559/3000] seed 102559 s=4.691638118 pen=0.0e+00 moves=1.70e+07 4.4s
[2560/3000] seed 102558 s=5.000058216 pen=0.0e+00 moves=1.70e+07 4.7s
[2561/3000] seed 102560 s=4.771289037 pen=0.0e+00 moves=1.70e+07 4.1s
[2562/3000] seed 102561 s=4.771192803 pen=0.0e+00 moves=1.70e+07 4.6s
[2563/3000] seed 102562 s=5.000143270 pen=0.0e+00 moves=1.70e+07 4.6s
[2564/3000] seed 102563 s=4.767788651 pen=0.0e+00 moves=1.70e+07 4.4s
[2565/3000] seed 102564 s=4.707112571 pen=0.0e+00 moves=1.70e+07 4.4s
[2566/3000] seed 102565 s=5.000109728 pen=0.0e+00 moves=1.70e+07 4.5s
[2567/3000] seed 102566 s=5.000126813 pen=0.0e+00 moves=1.70e+07 4.4s
[2568/3000] seed 102567 s=4.771194701 pen=0.0e+00 moves=1.70e+07 4.3s
[2569/3000] seed 102568 s=5.000149365 pen=0.0e+00 moves=1.70e+07 4.5s
[2570/3000] seed 102569 s=4.707107498 pen=0.0e+00 moves=1.70e+07 4.7s
[2571/3000] seed 102570 s=4.707107172 pen=0.0e+00 moves=1.70e+07 4.5s
[2572/3000] seed 102571 s=4.707108952 pen=0.0e+00 moves=1.70e+07 4.5s
[2573/3000] seed 102572 s=4.767772105 pen=0.0e+00 moves=1.70e+07 4.3s
[2574/3000] seed 102573 s=4.728594618 pen=0.0e+00 moves=1.70e+07 4.6s
[2575/3000] seed 102575 s=5.000113843 pen=0.0e+00 moves=1.70e+07 4.5s
[2576/3000] seed 102574 s=5.000159662 pen=0.0e+00 moves=1.70e+07 4.6s
[2577/3000] seed 102576 s=5.000124963 pen=0.0e+00 moves=1.70e+07 4.8s
[2578/3000] seed 102578 s=5.000133344 pen=0.0e+00 moves=1.70e+07 4.4s
[2579/3000] seed 102577 s=5.000108581 pen=0.0e+00 moves=1.70e+07 4.5s
[2580/3000] seed 102579 s=4.731064721 pen=0.0e+00 moves=1.70e+07 4.4s
[2581/3000] seed 102580 s=4.722265219 pen=0.0e+00 moves=1.70e+07 4.6s
[2582/3000] seed 102581 s=5.000093294 pen=0.0e+00 moves=1.70e+07 4.4s
[2583/3000] seed 102582 s=5.000226807 pen=0.0e+00 moves=1.70e+07 4.5s
[2584/3000] seed 102583 s=5.000131435 pen=0.0e+00 moves=1.70e+07 4.7s
[2585/3000] seed 102584 s=4.707108621 pen=0.0e+00 moves=1.70e+07 4.7s
[2586/3000] seed 102586 s=4.767781031 pen=0.0e+00 moves=1.70e+07 4.4s
[2587/3000] seed 102585 s=4.707107828 pen=0.0e+00 moves=1.70e+07 4.6s
[2588/3000] seed 102587 s=5.000116009 pen=0.0e+00 moves=1.70e+07 4.6s
[2589/3000] seed 102588 s=4.767767418 pen=0.0e+00 moves=1.70e+07 4.2s
[2590/3000] seed 102589 s=5.000165766 pen=0.0e+00 moves=1.70e+07 4.2s
[2591/3000] seed 102590 s=4.767768510 pen=0.0e+00 moves=1.70e+07 4.3s
[2592/3000] seed 102591 s=5.000009076 pen=0.0e+00 moves=1.70e+07 4.3s
[2593/3000] seed 102592 s=5.000081458 pen=0.0e+00 moves=1.70e+07 4.6s
[2594/3000] seed 102593 s=5.000122658 pen=0.0e+00 moves=1.70e+07 4.5s
[2595/3000] seed 102594 s=5.000105481 pen=0.0e+00 moves=1.70e+07 4.2s
[2596/3000] seed 102595 s=4.707109570 pen=0.0e+00 moves=1.70e+07 4.7s
[2597/3000] seed 102596 s=5.000102453 pen=0.0e+00 moves=1.70e+07 4.7s
[2598/3000] seed 102598 s=4.771195239 pen=0.0e+00 moves=1.70e+07 4.3s
[2599/3000] seed 102597 s=5.000080692 pen=0.0e+00 moves=1.70e+07 4.6s
[2600/3000] seed 102600 s=5.000028270 pen=0.0e+00 moves=1.70e+07 4.3s
[2601/3000] seed 102599 s=5.000136013 pen=0.0e+00 moves=1.70e+07 4.5s
[2602/3000] seed 102603 s=4.822918992 pen=0.0e+00 moves=1.70e+07 4.4s
[2603/3000] seed 102601 s=4.707108488 pen=0.0e+00 moves=1.70e+07 4.6s
[2604/3000] seed 102602 s=5.000091758 pen=0.0e+00 moves=1.70e+07 4.6s
[2605/3000] seed 102604 s=5.000040272 pen=0.0e+00 moves=1.70e+07 4.5s
[2606/3000] seed 102605 s=4.720448864 pen=0.0e+00 moves=1.70e+07 4.4s
[2607/3000] seed 102606 s=5.000031279 pen=0.0e+00 moves=1.70e+07 4.4s
[2608/3000] seed 102607 s=5.000186015 pen=0.0e+00 moves=1.70e+07 4.8s
[2609/3000] seed 102610 s=4.838325182 pen=0.0e+00 moves=1.70e+07 4.4s
[2610/3000] seed 102608 s=4.677654957 pen=0.0e+00 moves=1.70e+07 4.9s saved n17_s4.677654957_seed102608.json
[2611/3000] seed 102609 s=4.707107141 pen=0.0e+00 moves=1.70e+07 4.8s
[2612/3000] seed 102612 s=4.795492291 pen=0.0e+00 moves=1.70e+07 4.5s
[2613/3000] seed 102611 s=5.000219186 pen=0.0e+00 moves=1.70e+07 4.6s
[2614/3000] seed 102614 s=4.822878920 pen=0.0e+00 moves=1.70e+07 4.4s
[2615/3000] seed 102613 s=4.707114574 pen=0.0e+00 moves=1.70e+07 4.8s
[2616/3000] seed 102615 s=5.000163480 pen=0.0e+00 moves=1.70e+07 4.9s
[2617/3000] seed 102616 s=5.000044234 pen=0.0e+00 moves=1.70e+07 4.5s
[2618/3000] seed 102617 s=4.908712638 pen=0.0e+00 moves=1.70e+07 4.5s
[2619/3000] seed 102618 s=4.934635603 pen=0.0e+00 moves=1.70e+07 4.7s
[2620/3000] seed 102619 s=4.731900471 pen=0.0e+00 moves=1.70e+07 4.6s
[2621/3000] seed 102621 s=5.000002531 pen=0.0e+00 moves=1.70e+07 4.3s
[2622/3000] seed 102623 s=5.000003306 pen=0.0e+00 moves=1.70e+07 4.1s
[2623/3000] seed 102620 s=5.000178357 pen=0.0e+00 moves=1.70e+07 4.5s
[2624/3000] seed 102624 s=4.728581787 pen=0.0e+00 moves=1.70e+07 4.4s
[2625/3000] seed 102622 s=5.000172643 pen=0.0e+00 moves=1.70e+07 4.6s
[2626/3000] seed 102625 s=4.768118614 pen=0.0e+00 moves=1.70e+07 4.5s
[2627/3000] seed 102627 s=4.750794830 pen=0.0e+00 moves=1.70e+07 4.2s
[2628/3000] seed 102626 s=4.707107162 pen=0.0e+00 moves=1.70e+07 4.6s
[2629/3000] seed 102628 s=4.817980827 pen=0.0e+00 moves=1.70e+07 4.4s
[2630/3000] seed 102629 s=5.000120206 pen=0.0e+00 moves=1.70e+07 4.7s
[2631/3000] seed 102630 s=4.707112212 pen=0.0e+00 moves=1.70e+07 4.6s
[2632/3000] seed 102631 s=4.802172400 pen=0.0e+00 moves=1.70e+07 4.4s
[2633/3000] seed 102633 s=4.771199440 pen=0.0e+00 moves=1.70e+07 4.4s
[2634/3000] seed 102636 s=5.000110077 pen=0.0e+00 moves=1.70e+07 4.3s
[2635/3000] seed 102632 s=5.000118846 pen=0.0e+00 moves=1.70e+07 4.7s
[2636/3000] seed 102634 s=5.000127596 pen=0.0e+00 moves=1.70e+07 4.7s
[2637/3000] seed 102635 s=4.728612057 pen=0.0e+00 moves=1.70e+07 4.6s
[2638/3000] seed 102637 s=5.000197095 pen=0.0e+00 moves=1.70e+07 4.7s
[2639/3000] seed 102638 s=4.767772965 pen=0.0e+00 moves=1.70e+07 4.5s
[2640/3000] seed 102639 s=4.728582422 pen=0.0e+00 moves=1.70e+07 4.4s
[2641/3000] seed 102640 s=4.707120081 pen=0.0e+00 moves=1.70e+07 4.4s
[2642/3000] seed 102641 s=4.767771093 pen=0.0e+00 moves=1.70e+07 4.3s
[2643/3000] seed 102642 s=4.974835912 pen=0.0e+00 moves=1.70e+07 4.3s
[2644/3000] seed 102643 s=4.731042761 pen=0.0e+00 moves=1.70e+07 4.4s
[2645/3000] seed 102644 s=4.677660538 pen=0.0e+00 moves=1.70e+07 4.6s saved n17_s4.677660538_seed102644.json
[2646/3000] seed 102646 s=4.707111606 pen=0.0e+00 moves=1.70e+07 4.5s
[2647/3000] seed 102648 s=4.707107607 pen=0.0e+00 moves=1.70e+07 4.4s
[2648/3000] seed 102647 s=5.000156259 pen=0.0e+00 moves=1.70e+07 4.6s
[2649/3000] seed 102645 s=4.746271464 pen=0.0e+00 moves=1.70e+07 5.6s
[2650/3000] seed 102649 s=4.902766160 pen=0.0e+00 moves=1.70e+07 4.5s
[2651/3000] seed 102650 s=4.767772854 pen=0.0e+00 moves=1.70e+07 4.6s
[2652/3000] seed 102651 s=4.707106895 pen=0.0e+00 moves=1.70e+07 4.9s
[2653/3000] seed 102652 s=4.767769158 pen=0.0e+00 moves=1.70e+07 4.6s
[2654/3000] seed 102653 s=4.728519425 pen=0.0e+00 moves=1.70e+07 4.7s
[2655/3000] seed 102654 s=4.725361600 pen=0.0e+00 moves=1.70e+07 4.6s
[2656/3000] seed 102655 s=4.709034736 pen=0.0e+00 moves=1.70e+07 4.6s
[2657/3000] seed 102657 s=4.822879461 pen=0.0e+00 moves=1.70e+07 4.6s
[2658/3000] seed 102656 s=5.000254274 pen=0.0e+00 moves=1.70e+07 4.9s
[2659/3000] seed 102659 s=4.822887641 pen=8.3e-11 moves=1.70e+07 4.8s
[2660/3000] seed 102658 s=5.000144024 pen=0.0e+00 moves=1.70e+07 5.1s
[2661/3000] seed 102660 s=4.858219764 pen=0.0e+00 moves=1.70e+07 4.4s
[2662/3000] seed 102661 s=4.707106965 pen=0.0e+00 moves=1.70e+07 4.7s
[2663/3000] seed 102662 s=5.000011696 pen=0.0e+00 moves=1.70e+07 4.8s
[2664/3000] seed 102663 s=4.707111737 pen=0.0e+00 moves=1.70e+07 4.8s
[2665/3000] seed 102665 s=5.000068325 pen=0.0e+00 moves=1.70e+07 4.3s
[2666/3000] seed 102664 s=5.000115443 pen=0.0e+00 moves=1.70e+07 4.9s
[2667/3000] seed 102666 s=4.707107235 pen=0.0e+00 moves=1.70e+07 4.5s
[2668/3000] seed 102667 s=4.952710094 pen=0.0e+00 moves=1.70e+07 4.7s
[2669/3000] seed 102668 s=4.767802570 pen=0.0e+00 moves=1.70e+07 4.3s
[2670/3000] seed 102670 s=4.858219990 pen=0.0e+00 moves=1.70e+07 4.3s
[2671/3000] seed 102669 s=5.000152410 pen=0.0e+00 moves=1.70e+07 4.7s
[2672/3000] seed 102671 s=4.707107744 pen=0.0e+00 moves=1.70e+07 4.5s
[2673/3000] seed 102672 s=5.000102829 pen=0.0e+00 moves=1.70e+07 4.5s
[2674/3000] seed 102673 s=4.771189528 pen=0.0e+00 moves=1.70e+07 4.3s
[2675/3000] seed 102674 s=4.707107865 pen=0.0e+00 moves=1.70e+07 4.6s
[2676/3000] seed 102675 s=4.771190590 pen=0.0e+00 moves=1.70e+07 4.4s
[2677/3000] seed 102676 s=5.000114274 pen=0.0e+00 moves=1.70e+07 4.6s
[2678/3000] seed 102677 s=5.000020795 pen=0.0e+00 moves=1.70e+07 4.4s
[2679/3000] seed 102678 s=4.767772411 pen=0.0e+00 moves=1.70e+07 4.3s
[2680/3000] seed 102680 s=4.767769739 pen=0.0e+00 moves=1.70e+07 4.3s
[2681/3000] seed 102679 s=5.000150509 pen=0.0e+00 moves=1.70e+07 4.6s
[2682/3000] seed 102682 s=5.000121892 pen=0.0e+00 moves=1.70e+07 4.6s
[2683/3000] seed 102681 s=4.707119374 pen=0.0e+00 moves=1.70e+07 4.8s
[2684/3000] seed 102683 s=5.000105862 pen=0.0e+00 moves=1.70e+07 4.6s
[2685/3000] seed 102684 s=4.857057871 pen=0.0e+00 moves=1.70e+07 4.6s
[2686/3000] seed 102685 s=5.000119227 pen=0.0e+00 moves=1.70e+07 4.6s
[2687/3000] seed 102686 s=5.000182169 pen=0.0e+00 moves=1.70e+07 4.5s
[2688/3000] seed 102687 s=5.000095181 pen=0.0e+00 moves=1.70e+07 4.7s
[2689/3000] seed 102688 s=5.000202007 pen=0.0e+00 moves=1.70e+07 4.6s
[2690/3000] seed 102690 s=4.730102841 pen=0.0e+00 moves=1.70e+07 4.5s
[2691/3000] seed 102689 s=5.000174158 pen=0.0e+00 moves=1.70e+07 4.7s
[2692/3000] seed 102691 s=5.000129910 pen=0.0e+00 moves=1.70e+07 4.7s
[2693/3000] seed 102692 s=4.707107176 pen=0.0e+00 moves=1.70e+07 4.6s
[2694/3000] seed 102693 s=5.000130671 pen=0.0e+00 moves=1.70e+07 4.7s
[2695/3000] seed 102694 s=4.707117876 pen=6.0e-11 moves=1.70e+07 4.6s
[2696/3000] seed 102696 s=4.767770969 pen=0.0e+00 moves=1.70e+07 4.4s
[2697/3000] seed 102695 s=4.707109413 pen=0.0e+00 moves=1.70e+07 4.9s
[2698/3000] seed 102697 s=4.728592885 pen=0.0e+00 moves=1.70e+07 4.6s
[2699/3000] seed 102698 s=5.000193233 pen=0.0e+00 moves=1.70e+07 4.4s
[2700/3000] seed 102699 s=5.000092904 pen=0.0e+00 moves=1.70e+07 4.6s
[2701/3000] seed 102702 s=4.731209111 pen=0.0e+00 moves=1.70e+07 4.4s
[2702/3000] seed 102701 s=4.767801896 pen=0.0e+00 moves=1.70e+07 4.4s
[2703/3000] seed 102700 s=4.806737098 pen=0.0e+00 moves=1.70e+07 4.5s
[2704/3000] seed 102703 s=4.677659970 pen=0.0e+00 moves=1.70e+07 4.8s saved n17_s4.677659970_seed102703.json
[2705/3000] seed 102704 s=5.000069259 pen=0.0e+00 moves=1.70e+07 4.7s
[2706/3000] seed 102705 s=4.830065335 pen=0.0e+00 moves=1.70e+07 4.3s
[2707/3000] seed 102706 s=4.728592434 pen=0.0e+00 moves=1.70e+07 4.6s
[2708/3000] seed 102707 s=4.707109751 pen=0.0e+00 moves=1.70e+07 4.4s
[2709/3000] seed 102708 s=4.707108469 pen=0.0e+00 moves=1.70e+07 4.7s
[2710/3000] seed 102709 s=5.000123437 pen=0.0e+00 moves=1.70e+07 4.8s
[2711/3000] seed 102710 s=4.707107143 pen=0.0e+00 moves=1.70e+07 4.7s
[2712/3000] seed 102711 s=4.822882937 pen=0.0e+00 moves=1.70e+07 4.5s
[2713/3000] seed 102713 s=4.822928708 pen=0.0e+00 moves=1.70e+07 4.3s
[2714/3000] seed 102714 s=4.858308234 pen=0.0e+00 moves=1.70e+07 4.4s
[2715/3000] seed 102712 s=5.000189080 pen=0.0e+00 moves=1.70e+07 4.6s
[2716/3000] seed 102715 s=5.000081497 pen=0.0e+00 moves=1.70e+07 4.6s
[2717/3000] seed 102716 s=5.000074810 pen=0.0e+00 moves=1.70e+07 4.4s
[2718/3000] seed 102717 s=4.707113173 pen=1.6e-13 moves=1.70e+07 4.7s
[2719/3000] seed 102718 s=4.707107273 pen=0.0e+00 moves=1.70e+07 4.6s
[2720/3000] seed 102719 s=5.000124555 pen=0.0e+00 moves=1.70e+07 4.6s
[2721/3000] seed 102720 s=5.000152416 pen=0.0e+00 moves=1.70e+07 4.8s
[2722/3000] seed 102722 s=4.769239209 pen=0.0e+00 moves=1.70e+07 4.5s
[2723/3000] seed 102721 s=4.707113374 pen=0.0e+00 moves=1.70e+07 4.6s
[2724/3000] seed 102723 s=5.000006647 pen=0.0e+00 moves=1.70e+07 4.3s
[2725/3000] seed 102724 s=4.728581462 pen=3.7e-11 moves=1.70e+07 4.3s
[2726/3000] seed 102726 s=4.858220813 pen=0.0e+00 moves=1.70e+07 4.2s
[2727/3000] seed 102725 s=4.767775427 pen=0.0e+00 moves=1.70e+07 4.3s
[2728/3000] seed 102727 s=5.000092551 pen=0.0e+00 moves=1.70e+07 4.7s
[2729/3000] seed 102730 s=5.000033610 pen=0.0e+00 moves=1.70e+07 4.2s
[2730/3000] seed 102728 s=5.000104184 pen=0.0e+00 moves=1.70e+07 4.9s
[2731/3000] seed 102729 s=4.746297132 pen=0.0e+00 moves=1.70e+07 4.6s
[2732/3000] seed 102731 s=4.707107359 pen=5.3e-12 moves=1.70e+07 4.7s
[2733/3000] seed 102732 s=4.775041516 pen=0.0e+00 moves=1.70e+07 4.4s
[2734/3000] seed 102734 s=4.728583302 pen=0.0e+00 moves=1.70e+07 4.4s
[2735/3000] seed 102733 s=5.000170354 pen=0.0e+00 moves=1.70e+07 4.7s
[2736/3000] seed 102735 s=5.000001566 pen=0.0e+00 moves=1.70e+07 4.5s
[2737/3000] seed 102738 s=4.707107787 pen=0.0e+00 moves=1.70e+07 4.7s
[2738/3000] seed 102736 s=5.000126091 pen=0.0e+00 moves=1.70e+07 4.9s
[2739/3000] seed 102737 s=4.707107575 pen=0.0e+00 moves=1.70e+07 4.8s
[2740/3000] seed 102741 s=5.000128005 pen=0.0e+00 moves=1.70e+07 4.3s
[2741/3000] seed 102740 s=5.000160308 pen=0.0e+00 moves=1.70e+07 4.6s
[2742/3000] seed 102739 s=5.000114651 pen=0.0e+00 moves=1.70e+07 4.8s
[2743/3000] seed 102742 s=4.707107122 pen=0.0e+00 moves=1.70e+07 4.8s
[2744/3000] seed 102743 s=5.000192480 pen=0.0e+00 moves=1.70e+07 4.5s
[2745/3000] seed 102745 s=4.767796471 pen=7.6e-12 moves=1.70e+07 4.5s
[2746/3000] seed 102744 s=5.000145002 pen=0.0e+00 moves=1.70e+07 4.9s
[2747/3000] seed 102746 s=4.710655249 pen=0.0e+00 moves=1.70e+07 4.3s
[2748/3000] seed 102747 s=4.707107157 pen=0.0e+00 moves=1.70e+07 4.5s
[2749/3000] seed 102750 s=5.000027125 pen=0.0e+00 moves=1.70e+07 4.2s
[2750/3000] seed 102749 s=5.000140206 pen=0.0e+00 moves=1.70e+07 4.6s
[2751/3000] seed 102748 s=5.000070016 pen=0.0e+00 moves=1.70e+07 4.6s
[2752/3000] seed 102752 s=4.707108802 pen=0.0e+00 moves=1.70e+07 4.5s
[2753/3000] seed 102751 s=5.000176076 pen=0.0e+00 moves=1.70e+07 4.8s
[2754/3000] seed 102753 s=5.000157756 pen=0.0e+00 moves=1.70e+07 4.8s
[2755/3000] seed 102754 s=5.000003092 pen=0.0e+00 moves=1.70e+07 4.6s
[2756/3000] seed 102755 s=4.707107817 pen=0.0e+00 moves=1.70e+07 4.7s
[2757/3000] seed 102758 s=5.000119617 pen=0.0e+00 moves=1.70e+07 4.3s
[2758/3000] seed 102756 s=5.000136791 pen=0.0e+00 moves=1.70e+07 4.7s
[2759/3000] seed 102757 s=5.000102091 pen=0.0e+00 moves=1.70e+07 4.8s
[2760/3000] seed 102759 s=5.000176096 pen=0.0e+00 moves=1.70e+07 4.8s
[2761/3000] seed 102760 s=5.000235199 pen=0.0e+00 moves=1.70e+07 4.7s
[2762/3000] seed 102762 s=4.822893987 pen=0.0e+00 moves=1.70e+07 4.5s
[2763/3000] seed 102761 s=5.000129895 pen=0.0e+00 moves=1.70e+07 4.7s
[2764/3000] seed 102763 s=4.728584621 pen=0.0e+00 moves=1.70e+07 4.4s
[2765/3000] seed 102764 s=4.707110953 pen=0.0e+00 moves=1.70e+07 4.6s
[2766/3000] seed 102765 s=4.767776909 pen=0.0e+00 moves=1.70e+07 4.6s
[2767/3000] seed 102766 s=5.000115407 pen=0.0e+00 moves=1.70e+07 4.7s
[2768/3000] seed 102767 s=4.707108519 pen=0.0e+00 moves=1.70e+07 4.6s
[2769/3000] seed 102768 s=4.822882218 pen=0.0e+00 moves=1.70e+07 4.5s
[2770/3000] seed 102771 s=4.822886416 pen=0.0e+00 moves=1.70e+07 4.4s
[2771/3000] seed 102770 s=5.000015515 pen=0.0e+00 moves=1.70e+07 4.6s
[2772/3000] seed 102769 s=5.000129526 pen=0.0e+00 moves=1.70e+07 4.8s
[2773/3000] seed 102772 s=4.707108232 pen=0.0e+00 moves=1.70e+07 4.7s
[2774/3000] seed 102774 s=4.747149035 pen=0.0e+00 moves=1.70e+07 4.4s
[2775/3000] seed 102773 s=5.000145938 pen=0.0e+00 moves=1.70e+07 4.6s
[2776/3000] seed 102775 s=4.707107009 pen=0.0e+00 moves=1.70e+07 4.8s
[2777/3000] seed 102777 s=4.728583572 pen=0.0e+00 moves=1.70e+07 4.4s
[2778/3000] seed 102776 s=5.000117703 pen=0.0e+00 moves=1.70e+07 4.8s
[2779/3000] seed 102779 s=5.000000040 pen=0.0e+00 moves=1.70e+07 4.4s
[2780/3000] seed 102778 s=5.000109704 pen=0.0e+00 moves=1.70e+07 4.8s
[2781/3000] seed 102780 s=4.707108256 pen=0.0e+00 moves=1.70e+07 4.7s
[2782/3000] seed 102781 s=4.822882663 pen=0.0e+00 moves=1.70e+07 4.3s
[2783/3000] seed 102782 s=4.800791804 pen=0.0e+00 moves=1.70e+07 4.3s
[2784/3000] seed 102783 s=4.822878667 pen=0.0e+00 moves=1.70e+07 4.4s
[2785/3000] seed 102785 s=4.728530626 pen=0.0e+00 moves=1.70e+07 4.5s
[2786/3000] seed 102786 s=5.000171488 pen=0.0e+00 moves=1.70e+07 4.5s
[2787/3000] seed 102784 s=5.000123822 pen=0.0e+00 moves=1.70e+07 4.8s
[2788/3000] seed 102787 s=4.822882365 pen=0.0e+00 moves=1.70e+07 4.3s
[2789/3000] seed 102788 s=4.707126566 pen=0.0e+00 moves=1.70e+07 4.6s
[2790/3000] seed 102789 s=5.000217650 pen=0.0e+00 moves=1.70e+07 4.7s
[2791/3000] seed 102791 s=4.828434688 pen=0.0e+00 moves=1.70e+07 4.3s
[2792/3000] seed 102790 s=4.707109835 pen=0.0e+00 moves=1.70e+07 4.7s
[2793/3000] seed 102792 s=5.000136430 pen=0.0e+00 moves=1.70e+07 4.8s
[2794/3000] seed 102794 s=4.707122966 pen=0.0e+00 moves=1.70e+07 4.7s
[2795/3000] seed 102793 s=5.000137494 pen=0.0e+00 moves=1.70e+07 4.7s
[2796/3000] seed 102795 s=5.000002329 pen=0.0e+00 moves=1.70e+07 4.8s
[2797/3000] seed 102797 s=4.822886825 pen=0.0e+00 moves=1.70e+07 4.3s
[2798/3000] seed 102798 s=4.995627060 pen=0.0e+00 moves=1.70e+07 4.2s
[2799/3000] seed 102796 s=5.000111215 pen=0.0e+00 moves=1.70e+07 4.7s
[2800/3000] seed 102799 s=4.728593746 pen=0.0e+00 moves=1.70e+07 4.4s
[2801/3000] seed 102800 s=4.811252802 pen=0.0e+00 moves=1.70e+07 4.4s
[2802/3000] seed 102801 s=4.767771697 pen=0.0e+00 moves=1.70e+07 4.4s
[2803/3000] seed 102802 s=4.822878229 pen=0.0e+00 moves=1.70e+07 4.4s
[2804/3000] seed 102803 s=4.813594234 pen=0.0e+00 moves=1.70e+07 4.3s
[2805/3000] seed 102805 s=5.000045818 pen=0.0e+00 moves=1.70e+07 4.4s
[2806/3000] seed 102806 s=5.000132032 pen=0.0e+00 moves=1.70e+07 4.6s
[2807/3000] seed 102804 s=5.000125725 pen=0.0e+00 moves=1.70e+07 4.8s
[2808/3000] seed 102807 s=5.000000040 pen=0.0e+00 moves=1.70e+07 5.0s
[2809/3000] seed 102810 s=4.714401992 pen=0.0e+00 moves=1.70e+07 4.3s
[2810/3000] seed 102809 s=5.000000987 pen=0.0e+00 moves=1.70e+07 4.7s
[2811/3000] seed 102808 s=5.000140999 pen=0.0e+00 moves=1.70e+07 4.8s
[2812/3000] seed 102811 s=4.767775384 pen=0.0e+00 moves=1.70e+07 4.7s
[2813/3000] seed 102812 s=4.997353508 pen=0.0e+00 moves=1.70e+07 4.4s
[2814/3000] seed 102813 s=5.000019496 pen=0.0e+00 moves=1.70e+07 4.5s
[2815/3000] seed 102815 s=5.000033992 pen=0.0e+00 moves=1.70e+07 4.6s
[2816/3000] seed 102814 s=5.000108761 pen=0.0e+00 moves=1.70e+07 5.0s
[2817/3000] seed 102816 s=5.000067943 pen=0.0e+00 moves=1.70e+07 4.4s
[2818/3000] seed 102817 s=4.767773738 pen=0.0e+00 moves=1.70e+07 4.5s
[2819/3000] seed 102818 s=5.000045940 pen=0.0e+00 moves=1.70e+07 4.5s
[2820/3000] seed 102821 s=4.802559284 pen=0.0e+00 moves=1.70e+07 4.5s
[2821/3000] seed 102820 s=4.707107458 pen=0.0e+00 moves=1.70e+07 4.7s
[2822/3000] seed 102819 s=5.000114646 pen=0.0e+00 moves=1.70e+07 4.9s
[2823/3000] seed 102822 s=4.707107213 pen=0.0e+00 moves=1.70e+07 4.7s
[2824/3000] seed 102824 s=4.707119399 pen=0.0e+00 moves=1.70e+07 4.4s
[2825/3000] seed 102823 s=4.733785029 pen=0.0e+00 moves=1.70e+07 4.5s
[2826/3000] seed 102825 s=4.755354463 pen=0.0e+00 moves=1.70e+07 4.4s
[2827/3000] seed 102826 s=4.728585951 pen=0.0e+00 moves=1.70e+07 4.6s
[2828/3000] seed 102827 s=4.767793625 pen=0.0e+00 moves=1.70e+07 4.5s
[2829/3000] seed 102829 s=4.767810784 pen=0.0e+00 moves=1.70e+07 4.4s
[2830/3000] seed 102830 s=4.707110891 pen=0.0e+00 moves=1.70e+07 4.5s
[2831/3000] seed 102828 s=5.000113884 pen=0.0e+00 moves=1.70e+07 5.0s
[2832/3000] seed 102832 s=5.000014918 pen=0.0e+00 moves=1.70e+07 4.4s
[2833/3000] seed 102833 s=4.767770136 pen=0.0e+00 moves=1.70e+07 4.4s
[2834/3000] seed 102831 s=5.000064510 pen=0.0e+00 moves=1.70e+07 4.8s
[2835/3000] seed 102834 s=4.707108925 pen=0.0e+00 moves=1.70e+07 4.8s
[2836/3000] seed 102836 s=4.820004719 pen=0.0e+00 moves=1.70e+07 4.4s
[2837/3000] seed 102835 s=4.707108510 pen=0.0e+00 moves=1.70e+07 4.7s
[2838/3000] seed 102837 s=4.822879212 pen=0.0e+00 moves=1.70e+07 4.5s
[2839/3000] seed 102839 s=5.000019114 pen=0.0e+00 moves=1.70e+07 4.3s
[2840/3000] seed 102838 s=4.767788600 pen=0.0e+00 moves=1.70e+07 4.5s
[2841/3000] seed 102840 s=5.000115410 pen=0.0e+00 moves=1.70e+07 4.9s
[2842/3000] seed 102842 s=4.707107749 pen=0.0e+00 moves=1.70e+07 4.6s
[2843/3000] seed 102841 s=4.707107258 pen=0.0e+00 moves=1.70e+07 4.9s
[2844/3000] seed 102845 s=4.870841168 pen=0.0e+00 moves=1.70e+07 4.4s
[2845/3000] seed 102843 s=4.707109796 pen=0.0e+00 moves=1.70e+07 4.8s
[2846/3000] seed 102844 s=5.000119061 pen=0.0e+00 moves=1.70e+07 4.9s
[2847/3000] seed 102846 s=5.000181790 pen=0.0e+00 moves=1.70e+07 5.0s
[2848/3000] seed 102848 s=4.746320137 pen=0.0e+00 moves=1.70e+07 4.6s
[2849/3000] seed 102849 s=5.000153013 pen=0.0e+00 moves=1.70e+07 4.6s
[2850/3000] seed 102847 s=5.000113904 pen=0.0e+00 moves=1.70e+07 5.0s
[2851/3000] seed 102851 s=5.000085873 pen=0.0e+00 moves=1.70e+07 4.4s
[2852/3000] seed 102850 s=5.000086028 pen=0.0e+00 moves=1.70e+07 4.6s
[2853/3000] seed 102854 s=4.767773917 pen=0.0e+00 moves=1.70e+07 4.4s
[2854/3000] seed 102852 s=5.000000045 pen=0.0e+00 moves=1.70e+07 4.9s
[2855/3000] seed 102853 s=4.707110370 pen=0.0e+00 moves=1.70e+07 5.0s
[2856/3000] seed 102855 s=4.707118516 pen=0.0e+00 moves=1.70e+07 4.5s
[2857/3000] seed 102857 s=5.000122678 pen=0.0e+00 moves=1.70e+07 4.6s
[2858/3000] seed 102856 s=4.707110419 pen=0.0e+00 moves=1.70e+07 5.0s
[2859/3000] seed 102858 s=5.000156161 pen=0.0e+00 moves=1.70e+07 4.9s
[2860/3000] seed 102859 s=5.000140424 pen=0.0e+00 moves=1.70e+07 4.9s
[2861/3000] seed 102860 s=5.000136786 pen=0.0e+00 moves=1.70e+07 4.9s
[2862/3000] seed 102863 s=4.767770207 pen=0.0e+00 moves=1.70e+07 4.4s
[2863/3000] seed 102861 s=4.731079596 pen=0.0e+00 moves=1.70e+07 4.8s
[2864/3000] seed 102862 s=5.000115412 pen=0.0e+00 moves=1.70e+07 4.8s
[2865/3000] seed 102866 s=4.707116933 pen=0.0e+00 moves=1.70e+07 4.7s
[2866/3000] seed 102867 s=4.822880517 pen=0.0e+00 moves=1.70e+07 4.4s
[2867/3000] seed 102865 s=5.000179928 pen=0.0e+00 moves=1.70e+07 4.9s
[2868/3000] seed 102864 s=4.707109109 pen=0.0e+00 moves=1.70e+07 5.3s
[2869/3000] seed 102868 s=5.000172254 pen=0.0e+00 moves=1.70e+07 4.7s
[2870/3000] seed 102869 s=5.000074221 pen=0.0e+00 moves=1.70e+07 4.7s
[2871/3000] seed 102870 s=5.000074595 pen=0.0e+00 moves=1.70e+07 4.7s
[2872/3000] seed 102872 s=4.873376207 pen=0.0e+00 moves=1.70e+07 4.4s
[2873/3000] seed 102871 s=4.707106998 pen=0.0e+00 moves=1.70e+07 4.5s
[2874/3000] seed 102874 s=5.000004236 pen=0.0e+00 moves=1.70e+07 4.5s
[2875/3000] seed 102873 s=4.767769688 pen=0.0e+00 moves=1.70e+07 4.7s
[2876/3000] seed 102875 s=4.728588322 pen=0.0e+00 moves=1.70e+07 4.9s
[2877/3000] seed 102876 s=4.708412358 pen=0.0e+00 moves=1.70e+07 4.6s
[2878/3000] seed 102878 s=5.000140972 pen=0.0e+00 moves=1.70e+07 4.5s
[2879/3000] seed 102877 s=4.886756230 pen=0.0e+00 moves=1.70e+07 4.7s
[2880/3000] seed 102879 s=5.000030177 pen=0.0e+00 moves=1.70e+07 4.6s
[2881/3000] seed 102880 s=5.000000422 pen=0.0e+00 moves=1.70e+07 4.7s
[2882/3000] seed 102881 s=4.707106970 pen=9.6e-11 moves=1.70e+07 4.6s
[2883/3000] seed 102882 s=4.767769739 pen=0.0e+00 moves=1.70e+07 4.5s
[2884/3000] seed 102884 s=5.000082984 pen=0.0e+00 moves=1.70e+07 4.5s
[2885/3000] seed 102886 s=4.902869421 pen=0.0e+00 moves=1.70e+07 4.4s
[2886/3000] seed 102883 s=5.000151991 pen=0.0e+00 moves=1.70e+07 4.9s
[2887/3000] seed 102885 s=5.000149858 pen=0.0e+00 moves=1.70e+07 4.9s
[2888/3000] seed 102887 s=4.822883212 pen=0.0e+00 moves=1.70e+07 4.6s
[2889/3000] seed 102889 s=5.000027659 pen=0.0e+00 moves=1.70e+07 4.4s
[2890/3000] seed 102888 s=5.000122998 pen=0.0e+00 moves=1.70e+07 4.7s
[2891/3000] seed 102890 s=5.000178354 pen=0.0e+00 moves=1.70e+07 4.8s
[2892/3000] seed 102891 s=5.000173014 pen=0.0e+00 moves=1.70e+07 5.0s
[2893/3000] seed 102893 s=5.000060695 pen=0.0e+00 moves=1.70e+07 4.6s
[2894/3000] seed 102892 s=5.000148981 pen=0.0e+00 moves=1.70e+07 4.8s
[2895/3000] seed 102894 s=5.000007792 pen=0.0e+00 moves=1.70e+07 4.6s
[2896/3000] seed 102895 s=5.000139661 pen=0.0e+00 moves=1.70e+07 4.7s
[2897/3000] seed 102898 s=4.771174836 pen=0.0e+00 moves=1.70e+07 4.5s
[2898/3000] seed 102896 s=5.000072359 pen=0.0e+00 moves=1.70e+07 4.9s
[2899/3000] seed 102897 s=5.000110833 pen=0.0e+00 moves=1.70e+07 4.9s
[2900/3000] seed 102899 s=5.000144455 pen=0.0e+00 moves=1.70e+07 4.8s
[2901/3000] seed 102900 s=4.822885936 pen=0.0e+00 moves=1.70e+07 4.4s
[2902/3000] seed 102902 s=5.000231033 pen=0.0e+00 moves=1.70e+07 4.6s
[2903/3000] seed 102901 s=5.000005429 pen=0.0e+00 moves=1.70e+07 4.9s
[2904/3000] seed 102903 s=4.707107382 pen=0.0e+00 moves=1.70e+07 4.6s
[2905/3000] seed 102904 s=4.812060560 pen=0.0e+00 moves=1.70e+07 4.5s
[2906/3000] seed 102905 s=5.000076076 pen=0.0e+00 moves=1.70e+07 4.6s
[2907/3000] seed 102906 s=5.000158517 pen=0.0e+00 moves=1.70e+07 4.9s
[2908/3000] seed 102907 s=4.707190020 pen=0.0e+00 moves=1.70e+07 4.6s
[2909/3000] seed 102909 s=4.731089412 pen=0.0e+00 moves=1.70e+07 4.6s
[2910/3000] seed 102908 s=5.000079978 pen=0.0e+00 moves=1.70e+07 4.9s
[2911/3000] seed 102910 s=5.000129525 pen=0.0e+00 moves=1.70e+07 4.7s
[2912/3000] seed 102911 s=4.712095981 pen=0.0e+00 moves=1.70e+07 4.8s
[2913/3000] seed 102912 s=4.797081041 pen=0.0e+00 moves=1.70e+07 4.6s
[2914/3000] seed 102914 s=4.767772638 pen=0.0e+00 moves=1.70e+07 4.5s
[2915/3000] seed 102913 s=5.000253126 pen=0.0e+00 moves=1.70e+07 4.8s
[2916/3000] seed 102915 s=5.000072140 pen=0.0e+00 moves=1.70e+07 4.7s
[2917/3000] seed 102916 s=5.000013774 pen=0.0e+00 moves=1.70e+07 4.6s
[2918/3000] seed 102917 s=5.000144404 pen=0.0e+00 moves=1.70e+07 5.0s
[2919/3000] seed 102918 s=5.000048488 pen=0.0e+00 moves=1.70e+07 4.5s
[2920/3000] seed 102919 s=4.707110907 pen=0.0e+00 moves=1.70e+07 4.7s
[2921/3000] seed 102921 s=5.000005503 pen=0.0e+00 moves=1.70e+07 4.4s
[2922/3000] seed 102920 s=5.000139402 pen=0.0e+00 moves=1.70e+07 4.7s
[2923/3000] seed 102922 s=4.707107863 pen=0.0e+00 moves=1.70e+07 4.7s
[2924/3000] seed 102923 s=5.000110532 pen=0.0e+00 moves=1.70e+07 4.9s
[2925/3000] seed 102924 s=5.000244744 pen=0.0e+00 moves=1.70e+07 4.5s
[2926/3000] seed 102925 s=4.771282835 pen=0.0e+00 moves=1.70e+07 4.3s
[2927/3000] seed 102927 s=4.828447865 pen=0.0e+00 moves=1.70e+07 4.2s
[2928/3000] seed 102926 s=5.000059673 pen=0.0e+00 moves=1.70e+07 4.4s
[2929/3000] seed 102928 s=4.707109936 pen=0.0e+00 moves=1.70e+07 4.8s
[2930/3000] seed 102929 s=5.000218411 pen=0.0e+00 moves=1.70e+07 4.6s
[2931/3000] seed 102930 s=5.000249327 pen=0.0e+00 moves=1.70e+07 4.7s
[2932/3000] seed 102931 s=4.707107181 pen=0.0e+00 moves=1.70e+07 4.8s
[2933/3000] seed 102932 s=4.707113991 pen=0.0e+00 moves=1.70e+07 4.7s
[2934/3000] seed 102933 s=4.707106980 pen=0.0e+00 moves=1.70e+07 4.8s
[2935/3000] seed 102934 s=5.000287526 pen=0.0e+00 moves=1.70e+07 4.7s
[2936/3000] seed 102936 s=4.712396774 pen=0.0e+00 moves=1.70e+07 4.6s
[2937/3000] seed 102937 s=4.767774539 pen=0.0e+00 moves=1.70e+07 4.5s
[2938/3000] seed 102939 s=5.000028269 pen=0.0e+00 moves=1.70e+07 4.5s
[2939/3000] seed 102938 s=4.707107001 pen=0.0e+00 moves=1.70e+07 4.6s
[2940/3000] seed 102935 s=4.707109668 pen=0.0e+00 moves=1.70e+07 5.7s
[2941/3000] seed 102940 s=4.707107048 pen=0.0e+00 moves=1.70e+07 4.8s
[2942/3000] seed 102941 s=5.000001307 pen=0.0e+00 moves=1.70e+07 4.5s
[2943/3000] seed 102942 s=5.000194812 pen=0.0e+00 moves=1.70e+07 4.7s
[2944/3000] seed 102943 s=4.707107719 pen=0.0e+00 moves=1.70e+07 4.5s
[2945/3000] seed 102944 s=4.914266461 pen=0.0e+00 moves=1.70e+07 4.7s
[2946/3000] seed 102945 s=5.000143272 pen=0.0e+00 moves=1.70e+07 4.7s
[2947/3000] seed 102946 s=4.707108823 pen=0.0e+00 moves=1.70e+07 4.7s
[2948/3000] seed 102947 s=5.000229868 pen=0.0e+00 moves=1.70e+07 4.7s
[2949/3000] seed 102948 s=5.000001345 pen=2.6e-11 moves=1.70e+07 4.7s
[2950/3000] seed 102949 s=4.976630953 pen=0.0e+00 moves=1.70e+07 4.5s
[2951/3000] seed 102950 s=5.000049793 pen=0.0e+00 moves=1.70e+07 4.6s
[2952/3000] seed 102951 s=4.707123559 pen=0.0e+00 moves=1.70e+07 4.6s
[2953/3000] seed 102952 s=4.707108493 pen=0.0e+00 moves=1.70e+07 4.6s
[2954/3000] seed 102953 s=5.000102484 pen=0.0e+00 moves=1.70e+07 4.9s
[2955/3000] seed 102954 s=5.000022929 pen=0.0e+00 moves=1.70e+07 4.7s
[2956/3000] seed 102956 s=4.767927882 pen=0.0e+00 moves=1.70e+07 4.4s
[2957/3000] seed 102955 s=4.688110838 pen=0.0e+00 moves=1.70e+07 4.8s saved n17_s4.688110838_seed102955.json
[2958/3000] seed 102957 s=4.707109362 pen=0.0e+00 moves=1.70e+07 4.6s
[2959/3000] seed 102958 s=5.000131445 pen=0.0e+00 moves=1.70e+07 4.8s
[2960/3000] seed 102959 s=4.769759253 pen=0.0e+00 moves=1.70e+07 4.4s
[2961/3000] seed 102960 s=5.000099987 pen=0.0e+00 moves=1.70e+07 4.5s
[2962/3000] seed 102961 s=4.707114932 pen=0.0e+00 moves=1.70e+07 4.5s
[2963/3000] seed 102962 s=4.707108795 pen=0.0e+00 moves=1.70e+07 4.6s
[2964/3000] seed 102963 s=5.000089840 pen=0.0e+00 moves=1.70e+07 4.5s
[2965/3000] seed 102964 s=5.000101295 pen=0.0e+00 moves=1.70e+07 4.9s
[2966/3000] seed 102965 s=4.728584141 pen=0.0e+00 moves=1.70e+07 4.6s
[2967/3000] seed 102966 s=5.000004618 pen=0.0e+00 moves=1.70e+07 4.5s
[2968/3000] seed 102967 s=5.000023692 pen=0.0e+00 moves=1.70e+07 4.5s
[2969/3000] seed 102968 s=5.000082439 pen=0.0e+00 moves=1.70e+07 4.6s
[2970/3000] seed 102969 s=5.000148990 pen=0.0e+00 moves=1.70e+07 4.9s
[2971/3000] seed 102970 s=5.000000040 pen=0.0e+00 moves=1.70e+07 4.8s
[2972/3000] seed 102971 s=4.707108402 pen=0.0e+00 moves=1.70e+07 4.8s
[2973/3000] seed 102973 s=4.822879676 pen=0.0e+00 moves=1.70e+07 4.4s
[2974/3000] seed 102972 s=4.707110814 pen=0.0e+00 moves=1.70e+07 4.7s
[2975/3000] seed 102974 s=4.707482254 pen=0.0e+00 moves=1.70e+07 4.8s
[2976/3000] seed 102975 s=5.000121907 pen=0.0e+00 moves=1.70e+07 4.8s
[2977/3000] seed 102977 s=5.000010340 pen=0.0e+00 moves=1.70e+07 4.4s
[2978/3000] seed 102978 s=4.753123885 pen=0.0e+00 moves=1.70e+07 4.5s
[2979/3000] seed 102976 s=5.000155855 pen=0.0e+00 moves=1.70e+07 4.7s
[2980/3000] seed 102979 s=5.000091385 pen=0.0e+00 moves=1.70e+07 4.7s
[2981/3000] seed 102980 s=4.707109868 pen=0.0e+00 moves=1.70e+07 4.7s
[2982/3000] seed 102981 s=5.000003263 pen=0.0e+00 moves=1.70e+07 4.4s
[2983/3000] seed 102982 s=4.804407071 pen=0.0e+00 moves=1.70e+07 4.3s
[2984/3000] seed 102983 s=5.000168821 pen=0.0e+00 moves=1.70e+07 4.6s
[2985/3000] seed 102984 s=5.000119633 pen=0.0e+00 moves=1.70e+07 4.8s
[2986/3000] seed 102985 s=5.000205439 pen=0.0e+00 moves=1.70e+07 4.8s
[2987/3000] seed 102986 s=4.707108248 pen=0.0e+00 moves=1.70e+07 4.6s
[2988/3000] seed 102987 s=4.707106984 pen=0.0e+00 moves=1.70e+07 4.9s
[2989/3000] seed 102988 s=4.707111237 pen=0.0e+00 moves=1.70e+07 4.5s
[2990/3000] seed 102989 s=5.000000246 pen=0.0e+00 moves=1.70e+07 4.5s
[2991/3000] seed 102990 s=5.000078466 pen=0.0e+00 moves=1.70e+07 4.8s
[2992/3000] seed 102991 s=4.822373548 pen=0.0e+00 moves=1.70e+07 4.4s
[2993/3000] seed 102992 s=4.707107152 pen=0.0e+00 moves=1.70e+07 4.6s
[2994/3000] seed 102993 s=5.000141366 pen=0.0e+00 moves=1.70e+07 4.7s
[2995/3000] seed 102994 s=4.828733473 pen=0.0e+00 moves=1.70e+07 4.3s
[2996/3000] seed 102995 s=4.728583626 pen=0.0e+00 moves=1.70e+07 4.2s
[2997/3000] seed 102996 s=4.707107036 pen=0.0e+00 moves=1.70e+07 4.4s
[2998/3000] seed 102997 s=5.000125329 pen=0.0e+00 moves=1.70e+07 4.4s
[2999/3000] seed 102999 s=5.000000088 pen=0.0e+00 moves=1.70e+07 3.9s
[3000/3000] seed 102998 s=5.000061622 pen=0.0e+00 moves=1.70e+07 4.2s
------------------------------------------------------------
best s = 4.677654270 (seed 102438)
record = 4.675530094; gap = +2.124e-03
s percentiles 0/10/50/90: 4.677654 4.707108 4.872871 5.000163
within 1e-06 of record: 0/3000
within 1e-04 of record: 0/3000
within 1e-03 of record: 0/3000
saved 26 candidates; wall 1412.0s; 0.13 h per 1000 starts at 12 workers
