hop n=17 hours=12.0 workers=14 base_seed=7000000 record=4.6755300936045509516341112704831500000000000000000 s0=4.909307 hops=40 grow=0.015 t_hop=0.002 start_sweeps=200000
[1] seed 7000004 random     hops=40 best=4.707106781 basins=6 0.01h *best
[2] seed 7000009 structured hops=40 best=4.707106781 basins=4 0.01h
[3] seed 7000005 structured hops=40 best=4.707106781 basins=6 0.01h *best
[4] seed 7000007 random     hops=40 best=4.707106781 basins=3 0.01h
[5] seed 7000000 random     hops=40 best=4.707106781 basins=10 0.01h
[6] seed 7000013 structured hops=40 best=5.000000000 basins=1 0.01h
[7] seed 7000003 random     hops=40 best=4.707106781 basins=5 0.01h
[8] seed 7000012 random     hops=40 best=4.707106781 basins=4 0.01h
[9] seed 7000006 neighbour  hops=40 best=4.707106781 basins=4 0.01h
[10] seed 7000011 random     hops=40 best=4.707106781 basins=5 0.01h
[11] seed 7000001 structured hops=40 best=4.707106781 basins=7 0.01h *best
[12] seed 7000010 neighbour  hops=40 best=4.707106781 basins=9 0.01h
[13] seed 7000008 random     hops=40 best=4.707106781 basins=5 0.01h *best
[14] seed 7000002 neighbour  hops=40 best=4.707106781 basins=13 0.01h
[15] seed 7000015 random     hops=40 best=4.707106781 basins=6 0.01h
[16] seed 7000016 random     hops=40 best=4.707106781 basins=6 0.01h *best
[17] seed 7000017 structured hops=40 best=4.707106781 basins=3 0.01h
[18] seed 7000019 random     hops=40 best=4.707106781 basins=6 0.01h
[19] seed 7000014 neighbour  hops=40 best=4.707106781 basins=6 0.01h
[20] seed 7000020 random     hops=40 best=4.755342034 basins=3 0.01h
[21] seed 7000018 neighbour  hops=40 best=4.707106781 basins=8 0.01h
[22] seed 7000022 neighbour  hops=40 best=4.707106781 basins=6 0.01h
[23] seed 7000024 random     hops=40 best=4.707106781 basins=9 0.01h
[24] seed 7000027 random     hops=40 best=4.707106781 basins=5 0.01h
[25] seed 7000025 structured hops=40 best=4.707106781 basins=3 0.01h
[26] seed 7000023 random     hops=40 best=4.707106781 basins=6 0.01h
[27] seed 7000021 structured hops=40 best=4.707106781 basins=7 0.01h
[28] seed 7000026 neighbour  hops=40 best=4.707106781 basins=12 0.05h
[29] seed 7000029 structured hops=40 best=4.707106781 basins=3 0.06h
[30] seed 7000028 random     hops=40 best=4.707106781 basins=4 0.06h
[31] seed 7000031 random     hops=40 best=4.707106781 basins=4 0.06h
[32] seed 7000032 random     hops=40 best=4.728581300 basins=2 0.06h
[33] seed 7000033 structured hops=40 best=4.707106781 basins=5 0.06h
[34] seed 7000035 random     hops=40 best=4.707106781 basins=8 0.06h
[35] seed 7000036 random     hops=40 best=4.707106781 basins=3 0.06h
[36] seed 7000034 neighbour  hops=40 best=4.707106781 basins=5 0.06h
[37] seed 7000037 structured hops=40 best=5.000000000 basins=1 0.06h
[38] seed 7000030 neighbour  hops=40 best=4.707106781 basins=13 0.06h
[39] seed 7000038 neighbour  hops=40 best=4.707106781 basins=5 0.06h
[40] seed 7000039 random     hops=40 best=4.707106781 basins=4 0.06h
[41] seed 7000040 random     hops=40 best=4.707106781 basins=3 0.06h
[42] seed 7000041 structured hops=40 best=4.707106781 basins=3 0.06h
[43] seed 7000042 neighbour  hops=40 best=4.707106781 basins=7 0.08h
[44] seed 7000049 structured hops=40 best=4.707106781 basins=5 0.08h
[45] seed 7000045 structured hops=40 best=4.707106781 basins=3 0.08h
[46] seed 7000048 random     hops=40 best=4.707106781 basins=7 0.08h
[47] seed 7000044 random     hops=40 best=4.707106781 basins=5 0.08h
[48] seed 7000047 random     hops=40 best=4.707106781 basins=7 0.08h
[49] seed 7000052 random     hops=40 best=4.707106781 basins=4 0.08h
[50] seed 7000051 random     hops=40 best=4.707106781 basins=11 0.08h
[51] seed 7000053 structured hops=40 best=4.707106781 basins=5 0.08h
[52] seed 7000050 neighbour  hops=40 best=4.707106781 basins=5 0.08h
[53] seed 7000043 random     hops=40 best=4.707106781 basins=6 0.08h
[54] seed 7000054 neighbour  hops=40 best=4.691336456 basins=18 0.08h *best
[55] seed 7000055 random     hops=40 best=4.707106781 basins=3 0.09h
[56] seed 7000056 random     hops=40 best=4.707106781 basins=5 0.09h
[57] seed 7000057 structured hops=40 best=4.707106781 basins=5 0.09h
[58] seed 7000062 neighbour  hops=40 best=4.707106781 basins=5 0.09h
[59] seed 7000059 random     hops=40 best=4.707106781 basins=8 0.09h
[60] seed 7000058 neighbour  hops=40 best=4.707106781 basins=7 0.09h
[61] seed 7000060 random     hops=40 best=4.707106781 basins=4 0.09h
[62] seed 7000061 structured hops=40 best=4.707106781 basins=6 0.09h
[63] seed 7000064 random     hops=40 best=4.707106781 basins=2 0.09h
[64] seed 7000065 structured hops=40 best=4.707106781 basins=3 0.09h
[65] seed 7000067 random     hops=40 best=4.707106781 basins=2 0.10h
[66] seed 7000063 random     hops=40 best=4.707106781 basins=9 0.10h
[67] seed 7000066 neighbour  hops=40 best=4.707106781 basins=11 0.10h
[68] seed 7000068 random     hops=40 best=4.707106781 basins=4 0.18h
[69] seed 7000071 random     hops=40 best=4.707106781 basins=3 0.18h
[70] seed 7000069 structured hops=40 best=4.707106781 basins=8 0.18h
[71] seed 7000073 structured hops=40 best=4.707106781 basins=6 0.44h
[72] seed 7000075 random     hops=40 best=4.707106781 basins=6 0.44h
[73] seed 7000072 random     hops=40 best=4.707106781 basins=6 0.44h
[74] seed 7000070 neighbour  hops=40 best=4.707106781 basins=5 0.44h
[75] seed 7000077 structured hops=40 best=4.707106781 basins=4 0.44h
[76] seed 7000076 random     hops=40 best=4.707106781 basins=7 0.44h
[77] seed 7000074 neighbour  hops=40 best=4.677648295 basins=13 0.44h *best
[78] seed 7000046 neighbour  hops=40 best=4.707106781 basins=7 0.44h
[79] seed 7000078 neighbour  hops=40 best=4.707106781 basins=11 0.44h
[80] seed 7000079 random     hops=40 best=4.707106781 basins=3 0.44h
[81] seed 7000080 random     hops=40 best=4.707106781 basins=5 0.44h
[82] seed 7000083 random     hops=40 best=4.707106781 basins=3 0.45h
[83] seed 7000087 random     hops=40 best=4.707106781 basins=4 0.45h
[84] seed 7000084 random     hops=40 best=4.707106781 basins=6 0.45h
[85] seed 7000086 neighbour  hops=40 best=4.707106781 basins=6 0.45h
[86] seed 7000082 neighbour  hops=40 best=4.707106781 basins=12 0.45h
[87] seed 7000085 structured hops=40 best=4.707106781 basins=3 0.45h
[88] seed 7000088 random     hops=40 best=4.707106781 basins=5 0.45h
[89] seed 7000089 structured hops=40 best=4.707106781 basins=5 0.45h
[90] seed 7000091 random     hops=40 best=5.000000000 basins=1 0.70h
[91] seed 7000093 structured hops=40 best=4.707106781 basins=5 0.70h
[92] seed 7000092 random     hops=40 best=4.707106781 basins=3 0.70h
[93] seed 7000081 structured hops=40 best=4.767766953 basins=5 0.71h
[94] seed 7000094 neighbour  hops=40 best=4.707106781 basins=12 0.71h
[95] seed 7000099 random     hops=40 best=4.707106781 basins=5 0.71h
[96] seed 7000097 structured hops=40 best=4.707106781 basins=6 0.71h
[97] seed 7000101 structured hops=40 best=4.707106781 basins=4 0.71h
[98] seed 7000098 neighbour  hops=40 best=4.767766953 basins=10 0.71h
[99] seed 7000100 random     hops=40 best=4.707106781 basins=6 0.71h
[100] seed 7000095 random     hops=40 best=4.707106781 basins=6 0.71h
[101] seed 7000103 random     hops=40 best=4.707106781 basins=5 0.71h
[102] seed 7000102 neighbour  hops=40 best=4.707106781 basins=4 0.71h
[103] seed 7000104 random     hops=40 best=5.000000000 basins=1 0.71h
[104] seed 7000105 structured hops=40 best=4.707106781 basins=7 0.71h
[105] seed 7000090 neighbour  hops=40 best=4.677648295 basins=11 0.71h *best
[106] seed 7000107 random     hops=40 best=4.707106781 basins=5 0.71h
[107] seed 7000106 neighbour  hops=40 best=4.707106781 basins=7 0.71h
[108] seed 7000096 random     hops=40 best=4.707106781 basins=7 0.97h
[109] seed 7000108 random     hops=40 best=4.707106781 basins=8 0.97h
[110] seed 7000112 random     hops=40 best=4.728581300 basins=2 0.97h
[111] seed 7000109 structured hops=40 best=4.707106781 basins=4 0.97h
[112] seed 7000113 structured hops=40 best=4.707106781 basins=6 0.97h
[113] seed 7000110 neighbour  hops=40 best=4.707106781 basins=8 0.97h
[114] seed 7000115 random     hops=40 best=4.707106781 basins=7 0.97h
[115] seed 7000117 structured hops=40 best=4.707106781 basins=5 0.97h
[116] seed 7000116 random     hops=40 best=4.707106781 basins=3 0.97h
[117] seed 7000114 neighbour  hops=40 best=4.707106781 basins=9 0.97h
[118] seed 7000119 random     hops=40 best=4.707106781 basins=6 0.97h
[119] seed 7000118 neighbour  hops=40 best=4.707106781 basins=7 0.97h
[120] seed 7000120 random     hops=40 best=4.707106781 basins=12 0.97h
[121] seed 7000122 neighbour  hops=40 best=4.707106781 basins=8 0.97h
[122] seed 7000125 structured hops=40 best=4.707106781 basins=5 0.97h
[123] seed 7000124 random     hops=40 best=4.707106781 basins=6 0.97h
[124] seed 7000126 neighbour  hops=40 best=4.707106781 basins=5 0.97h
[125] seed 7000123 random     hops=40 best=4.707106781 basins=4 0.97h
[126] seed 7000111 random     hops=40 best=4.729941254 basins=22 0.97h
[127] seed 7000127 random     hops=40 best=4.707106781 basins=9 0.97h
[128] seed 7000128 random     hops=40 best=4.707106781 basins=6 0.97h
[129] seed 7000129 structured hops=40 best=4.707106781 basins=5 0.97h
[130] seed 7000130 neighbour  hops=40 best=4.707106781 basins=8 0.97h
[131] seed 7000131 random     hops=40 best=4.707106781 basins=7 0.97h
[132] seed 7000132 random     hops=40 best=4.707106781 basins=4 1.01h
[133] seed 7000134 neighbour  hops=40 best=4.707106781 basins=5 1.01h
[134] seed 7000133 structured hops=40 best=4.707106781 basins=5 1.01h
[135] seed 7000136 random     hops=40 best=4.707106781 basins=5 1.01h
[136] seed 7000135 random     hops=40 best=5.000000000 basins=1 1.01h
[137] seed 7000137 structured hops=40 best=4.767766953 basins=8 1.30h
[138] seed 7000138 neighbour  hops=40 best=4.707106781 basins=5 1.30h
[139] seed 7000139 random     hops=40 best=4.707106781 basins=8 1.30h
[140] seed 7000140 random     hops=40 best=4.707106781 basins=13 1.30h
[141] seed 7000143 random     hops=40 best=4.707106781 basins=5 1.30h
[142] seed 7000144 random     hops=40 best=4.707106781 basins=1 1.31h
[143] seed 7000145 structured hops=40 best=4.707106781 basins=7 1.31h
[144] seed 7000146 neighbour  hops=40 best=4.707106781 basins=9 1.31h
[145] seed 7000148 random     hops=40 best=4.707106781 basins=8 1.57h
[146] seed 7000149 structured hops=40 best=4.707106781 basins=6 1.57h
[147] seed 7000151 random     hops=40 best=4.707106781 basins=5 1.57h
[148] seed 7000152 random     hops=40 best=4.707106781 basins=5 1.82h
[149] seed 7000150 neighbour  hops=40 best=4.688103393 basins=23 1.82h
[150] seed 7000153 structured hops=40 best=4.707106781 basins=6 1.82h
[151] seed 7000154 neighbour  hops=40 best=4.707106781 basins=3 1.82h
[152] seed 7000142 neighbour  hops=40 best=4.707106781 basins=6 1.83h
[153] seed 7000147 random     hops=40 best=4.707106781 basins=8 1.83h
[154] seed 7000141 structured hops=40 best=4.689857275 basins=8 1.83h
[155] seed 7000155 random     hops=40 best=4.707106781 basins=4 1.83h
[156] seed 7000156 random     hops=40 best=4.707106781 basins=10 1.83h
[157] seed 7000121 structured hops=40 best=4.677648295 basins=15 2.12h
[158] seed 7000157 structured hops=40 best=4.707106781 basins=2 2.12h
[159] seed 7000158 neighbour  hops=40 best=4.707106781 basins=7 2.12h
[160] seed 7000159 random     hops=40 best=4.707106781 basins=7 2.12h
[161] seed 7000160 random     hops=40 best=4.707106781 basins=3 2.12h
[162] seed 7000162 neighbour  hops=40 best=4.707106781 basins=5 2.12h
[163] seed 7000161 structured hops=40 best=4.707106781 basins=3 2.12h
[164] seed 7000163 random     hops=40 best=4.707106781 basins=5 2.12h
[165] seed 7000164 random     hops=40 best=4.707106781 basins=3 2.12h
[166] seed 7000165 structured hops=40 best=4.707106781 basins=3 2.12h
[167] seed 7000167 random     hops=40 best=4.707106781 basins=6 2.12h
[168] seed 7000166 neighbour  hops=40 best=4.677648295 basins=17 2.12h
[169] seed 7000168 random     hops=40 best=4.707106781 basins=2 2.12h
[170] seed 7000169 structured hops=40 best=4.707106781 basins=4 2.12h
[171] seed 7000171 random     hops=40 best=4.707106781 basins=8 2.12h
[172] seed 7000170 neighbour  hops=40 best=4.707106781 basins=10 2.12h
[173] seed 7000172 random     hops=40 best=4.707106781 basins=7 2.12h
[174] seed 7000173 structured hops=40 best=4.707106781 basins=3 2.12h
[175] seed 7000175 random     hops=40 best=4.707106781 basins=4 2.12h
[176] seed 7000176 random     hops=40 best=4.707106781 basins=7 2.12h
[177] seed 7000177 structured hops=40 best=4.707106781 basins=7 2.12h
[178] seed 7000180 random     hops=40 best=4.707106781 basins=7 2.12h
[179] seed 7000181 structured hops=40 best=4.707106781 basins=5 2.12h
[180] seed 7000179 random     hops=40 best=4.707106781 basins=6 2.12h
[181] seed 7000182 neighbour  hops=40 best=4.707106781 basins=4 2.24h
[182] seed 7000183 random     hops=40 best=4.707106781 basins=4 2.24h
[183] seed 7000184 random     hops=40 best=4.707106781 basins=5 2.24h
[184] seed 7000185 structured hops=40 best=4.707106781 basins=9 2.24h
[185] seed 7000174 neighbour  hops=40 best=4.707106781 basins=9 2.24h
[186] seed 7000178 neighbour  hops=40 best=4.707106781 basins=9 2.24h
[187] seed 7000187 random     hops=40 best=4.707106781 basins=4 2.24h
[188] seed 7000189 structured hops=40 best=4.707106781 basins=6 2.24h
[189] seed 7000188 random     hops=40 best=4.707106781 basins=4 2.24h
[190] seed 7000190 neighbour  hops=40 best=4.707106781 basins=5 2.24h
[191] seed 7000192 random     hops=40 best=4.707106781 basins=10 2.24h
[192] seed 7000193 structured hops=40 best=4.707106781 basins=9 2.24h
[193] seed 7000194 neighbour  hops=40 best=4.707106781 basins=9 2.24h
[194] seed 7000195 random     hops=40 best=4.707106781 basins=4 2.24h
[195] seed 7000196 random     hops=40 best=4.822938003 basins=3 2.24h
[196] seed 7000197 structured hops=40 best=4.707106781 basins=5 2.24h
[197] seed 7000186 neighbour  hops=40 best=4.707106781 basins=8 2.24h
[198] seed 7000198 neighbour  hops=40 best=4.707106781 basins=11 2.24h
[199] seed 7000199 random     hops=40 best=4.707106781 basins=6 2.24h
[200] seed 7000201 structured hops=40 best=4.707106781 basins=7 2.24h
[201] seed 7000202 neighbour  hops=40 best=4.707106781 basins=6 2.24h
[202] seed 7000203 random     hops=40 best=4.707106781 basins=10 2.24h
[203] seed 7000204 random     hops=40 best=4.707106781 basins=4 2.25h
[204] seed 7000206 neighbour  hops=40 best=4.707106781 basins=9 2.25h
[205] seed 7000207 random     hops=40 best=4.707106781 basins=2 2.25h
[206] seed 7000209 structured hops=40 best=5.000000000 basins=1 2.25h
[207] seed 7000208 random     hops=40 best=4.707106781 basins=9 2.25h
[208] seed 7000210 neighbour  hops=40 best=4.707106781 basins=4 2.26h
[209] seed 7000212 random     hops=40 best=4.707106781 basins=3 2.26h
[210] seed 7000211 random     hops=40 best=4.707106781 basins=3 2.26h
[211] seed 7000214 neighbour  hops=40 best=4.707106781 basins=5 2.26h
[212] seed 7000213 structured hops=40 best=4.707106781 basins=10 2.26h
[213] seed 7000215 random     hops=40 best=4.707106781 basins=7 2.26h
[214] seed 7000200 random     hops=40 best=4.707106781 basins=6 2.26h
[215] seed 7000216 random     hops=40 best=4.707106781 basins=7 2.27h
[216] seed 7000191 random     hops=40 best=4.677648295 basins=16 2.27h
[217] seed 7000219 random     hops=40 best=4.707106781 basins=5 2.27h
[218] seed 7000220 random     hops=40 best=4.707106781 basins=3 2.27h
[219] seed 7000221 structured hops=40 best=5.000000000 basins=1 2.27h
[220] seed 7000222 neighbour  hops=40 best=4.707106781 basins=12 2.27h
[221] seed 7000223 random     hops=40 best=5.000000000 basins=1 2.27h
[222] seed 7000225 structured hops=40 best=4.707106781 basins=2 2.27h
[223] seed 7000224 random     hops=40 best=4.707106781 basins=6 2.27h
[224] seed 7000205 structured hops=40 best=4.677648295 basins=19 2.27h *best
[225] seed 7000227 random     hops=40 best=4.707106781 basins=5 2.27h
[226] seed 7000217 structured hops=40 best=4.707106781 basins=8 2.28h
[227] seed 7000226 neighbour  hops=40 best=4.677648295 basins=16 2.28h
[228] seed 7000228 random     hops=40 best=4.707106781 basins=6 2.28h
[229] seed 7000218 neighbour  hops=40 best=4.707106781 basins=9 2.28h
[230] seed 7000230 neighbour  hops=40 best=4.707106781 basins=6 2.28h
[231] seed 7000229 structured hops=40 best=4.707106781 basins=7 2.28h
[232] seed 7000231 random     hops=40 best=4.707106781 basins=4 2.28h
[233] seed 7000232 random     hops=40 best=4.707106781 basins=9 2.28h
[234] seed 7000234 neighbour  hops=40 best=4.707106781 basins=17 2.30h
[235] seed 7000233 structured hops=40 best=4.707106781 basins=11 2.30h
[236] seed 7000235 random     hops=40 best=4.707106781 basins=8 2.30h
[237] seed 7000236 random     hops=40 best=4.677648295 basins=15 2.30h *best
[238] seed 7000237 structured hops=40 best=4.707106781 basins=4 2.30h
[239] seed 7000239 random     hops=40 best=4.707106781 basins=4 2.30h
[240] seed 7000238 neighbour  hops=40 best=4.707106781 basins=12 2.31h
[241] seed 7000240 random     hops=40 best=4.707106781 basins=6 2.31h
[242] seed 7000241 structured hops=40 best=5.000000000 basins=1 2.31h
[243] seed 7000243 random     hops=40 best=4.707106781 basins=3 2.31h
[244] seed 7000244 random     hops=40 best=4.707106781 basins=4 2.31h
[245] seed 7000242 neighbour  hops=40 best=4.707106781 basins=9 2.31h
[246] seed 7000245 structured hops=40 best=4.707106781 basins=3 2.31h
[247] seed 7000246 neighbour  hops=40 best=4.707106781 basins=9 2.31h
[248] seed 7000247 random     hops=40 best=4.707106781 basins=4 2.32h
[249] seed 7000249 structured hops=40 best=4.707106781 basins=5 2.32h
[250] seed 7000250 neighbour  hops=40 best=4.707106781 basins=7 2.37h
[251] seed 7000251 random     hops=40 best=5.000000000 basins=1 2.37h
[252] seed 7000252 random     hops=40 best=4.707106781 basins=4 2.37h
[253] seed 7000253 structured hops=40 best=4.707106781 basins=5 2.37h
[254] seed 7000257 structured hops=40 best=4.707106781 basins=3 2.37h
[255] seed 7000255 random     hops=40 best=4.707106781 basins=7 2.37h
[256] seed 7000256 random     hops=40 best=4.707106781 basins=6 2.37h
[257] seed 7000258 neighbour  hops=40 best=4.707106781 basins=6 2.37h
[258] seed 7000254 neighbour  hops=40 best=4.707106781 basins=12 2.66h
[259] seed 7000260 random     hops=40 best=4.707106781 basins=5 2.66h
[260] seed 7000259 random     hops=40 best=4.707106781 basins=3 2.66h
[261] seed 7000261 structured hops=40 best=4.707106781 basins=7 2.66h
[262] seed 7000263 random     hops=40 best=4.707106781 basins=2 2.67h
[263] seed 7000262 neighbour  hops=40 best=4.707106781 basins=8 2.94h
[264] seed 7000264 random     hops=40 best=4.707106781 basins=8 2.94h
[265] seed 7000265 structured hops=40 best=4.707106781 basins=2 2.94h
[266] seed 7000269 structured hops=40 best=4.707106781 basins=2 2.98h
[267] seed 7000266 neighbour  hops=40 best=4.707106781 basins=5 2.98h
[268] seed 7000270 neighbour  hops=40 best=4.707106781 basins=8 2.98h
[269] seed 7000268 random     hops=40 best=4.707106781 basins=9 2.98h
[270] seed 7000267 random     hops=40 best=4.707106781 basins=7 2.98h
[271] seed 7000271 random     hops=40 best=4.707106781 basins=3 2.98h
[272] seed 7000272 random     hops=40 best=4.707106781 basins=3 2.98h
[273] seed 7000273 structured hops=40 best=4.707106781 basins=5 2.98h
[274] seed 7000274 neighbour  hops=40 best=4.707106781 basins=7 2.99h
[275] seed 7000248 random     hops=40 best=4.707106781 basins=8 2.99h
[276] seed 7000275 random     hops=40 best=4.707106781 basins=8 2.99h
[277] seed 7000276 random     hops=40 best=4.707106781 basins=12 2.99h
[278] seed 7000277 structured hops=40 best=5.000000000 basins=1 2.99h
[279] seed 7000278 neighbour  hops=40 best=4.707106781 basins=4 2.99h
[280] seed 7000279 random     hops=40 best=4.707106781 basins=11 2.99h
[281] seed 7000281 structured hops=40 best=4.707106781 basins=5 2.99h
[282] seed 7000282 neighbour  hops=40 best=4.707106781 basins=6 2.99h
[283] seed 7000283 random     hops=40 best=4.707106781 basins=2 2.99h
[284] seed 7000284 random     hops=40 best=4.707106781 basins=10 2.99h
[285] seed 7000285 structured hops=40 best=4.707106781 basins=6 2.99h
[286] seed 7000287 random     hops=40 best=4.707106781 basins=5 2.99h
[287] seed 7000288 random     hops=40 best=5.000000000 basins=1 2.99h
[288] seed 7000289 structured hops=40 best=4.707106781 basins=2 2.99h
[289] seed 7000291 random     hops=40 best=4.707106781 basins=4 2.99h
[290] seed 7000290 neighbour  hops=40 best=4.707106781 basins=7 3.00h
[291] seed 7000292 random     hops=40 best=4.707106781 basins=2 3.00h
[292] seed 7000293 structured hops=40 best=4.707106781 basins=5 3.00h
[293] seed 7000294 neighbour  hops=40 best=4.707106781 basins=6 3.00h
[294] seed 7000296 random     hops=40 best=4.707106781 basins=5 3.00h
[295] seed 7000295 random     hops=40 best=4.707106781 basins=5 3.00h
[296] seed 7000297 structured hops=40 best=4.707106781 basins=4 3.00h
[297] seed 7000286 neighbour  hops=40 best=4.707106781 basins=10 3.00h
[298] seed 7000280 random     hops=40 best=4.707106781 basins=11 3.00h
[299] seed 7000298 neighbour  hops=40 best=4.707106781 basins=7 3.00h
[300] seed 7000300 random     hops=40 best=4.707106781 basins=2 3.00h
[301] seed 7000299 random     hops=40 best=4.707106781 basins=6 3.00h
[302] seed 7000301 structured hops=40 best=4.707106781 basins=3 3.00h
[303] seed 7000302 neighbour  hops=40 best=4.707106781 basins=7 3.02h
[304] seed 7000303 random     hops=40 best=4.707106781 basins=2 3.02h
[305] seed 7000304 random     hops=40 best=4.707106781 basins=3 3.02h
[306] seed 7000305 structured hops=40 best=4.677648295 basins=9 3.02h
[307] seed 7000306 neighbour  hops=40 best=4.707106781 basins=12 3.03h
[308] seed 7000307 random     hops=40 best=4.707106781 basins=6 3.03h
[309] seed 7000310 neighbour  hops=40 best=4.707106781 basins=5 3.03h
[310] seed 7000308 random     hops=40 best=4.707106781 basins=5 3.03h
[311] seed 7000311 random     hops=40 best=4.707106781 basins=4 3.03h
[312] seed 7000312 random     hops=40 best=4.728581300 basins=4 3.03h
[313] seed 7000313 structured hops=40 best=4.707106781 basins=5 3.03h
[314] seed 7000309 structured hops=40 best=4.707106781 basins=17 3.03h
[315] seed 7000314 neighbour  hops=40 best=4.707106781 basins=14 3.03h
[316] seed 7000315 random     hops=40 best=4.707106781 basins=3 3.03h
[317] seed 7000317 structured hops=40 best=4.707106781 basins=6 3.04h
[318] seed 7000319 random     hops=40 best=4.707106781 basins=5 3.04h
[319] seed 7000316 random     hops=40 best=4.707106781 basins=9 3.04h
[320] seed 7000318 neighbour  hops=40 best=4.707106781 basins=7 3.04h
[321] seed 7000320 random     hops=40 best=4.707106781 basins=4 3.04h
[322] seed 7000321 structured hops=40 best=4.707106781 basins=8 3.04h
[323] seed 7000324 random     hops=40 best=4.707106781 basins=5 3.04h
[324] seed 7000322 neighbour  hops=40 best=4.707106781 basins=4 3.04h
[325] seed 7000323 random     hops=40 best=5.000000000 basins=1 3.04h
[326] seed 7000325 structured hops=40 best=4.707106781 basins=5 3.04h
[327] seed 7000329 structured hops=40 best=4.707106781 basins=6 3.05h
[328] seed 7000330 neighbour  hops=40 best=4.707106781 basins=5 3.05h
[329] seed 7000326 neighbour  hops=40 best=4.677648295 basins=17 3.06h
[330] seed 7000331 random     hops=40 best=4.707106781 basins=5 3.06h
[331] seed 7000332 random     hops=40 best=5.000000000 basins=1 3.06h
[332] seed 7000333 structured hops=40 best=5.000000000 basins=1 3.06h
[333] seed 7000334 neighbour  hops=40 best=4.707106781 basins=7 3.06h
[334] seed 7000335 random     hops=40 best=4.707106781 basins=4 3.06h
[335] seed 7000339 random     hops=40 best=4.707106781 basins=4 3.06h
[336] seed 7000337 structured hops=40 best=4.707106781 basins=3 3.06h
[337] seed 7000340 random     hops=40 best=4.707106781 basins=6 3.06h
[338] seed 7000328 random     hops=40 best=4.677648295 basins=21 3.06h
[339] seed 7000336 random     hops=40 best=4.707106781 basins=6 3.06h
[340] seed 7000338 neighbour  hops=40 best=4.707106781 basins=9 3.06h
[341] seed 7000341 structured hops=40 best=4.707106781 basins=6 3.06h
[342] seed 7000345 structured hops=40 best=4.707106781 basins=9 3.06h
[343] seed 7000346 neighbour  hops=40 best=4.707106781 basins=11 3.06h
[344] seed 7000343 random     hops=40 best=4.675530094 basins=15 3.06h *best
[345] seed 7000347 random     hops=40 best=4.707106781 basins=4 3.06h
[346] seed 7000349 structured hops=40 best=4.707106781 basins=5 3.06h
[347] seed 7000348 random     hops=40 best=4.707106781 basins=12 3.06h
[348] seed 7000344 random     hops=40 best=4.707106781 basins=8 3.16h
[349] seed 7000350 neighbour  hops=40 best=4.707106781 basins=4 3.16h
[350] seed 7000351 random     hops=40 best=4.707106781 basins=3 3.16h
[351] seed 7000352 random     hops=40 best=4.707106781 basins=7 3.16h
[352] seed 7000355 random     hops=40 best=4.707106781 basins=4 3.17h
[353] seed 7000353 structured hops=40 best=4.707106781 basins=6 3.17h
[354] seed 7000354 neighbour  hops=40 best=4.688103393 basins=16 3.17h
[355] seed 7000356 random     hops=40 best=4.707106781 basins=4 3.17h
[356] seed 7000357 structured hops=40 best=5.000000000 basins=1 3.17h
[357] seed 7000359 random     hops=40 best=4.707106781 basins=8 3.17h
[358] seed 7000342 neighbour  hops=40 best=4.677648295 basins=22 3.17h
[359] seed 7000360 random     hops=40 best=4.707106781 basins=8 3.17h
[360] seed 7000358 neighbour  hops=40 best=4.707106781 basins=4 3.17h
[361] seed 7000361 structured hops=40 best=4.707106781 basins=4 3.17h
[362] seed 7000362 neighbour  hops=40 best=4.707106781 basins=7 3.17h
[363] seed 7000363 random     hops=40 best=4.707106781 basins=7 3.17h
[364] seed 7000364 random     hops=40 best=4.707106781 basins=4 3.17h
[365] seed 7000366 neighbour  hops=40 best=4.707106781 basins=7 3.17h
[366] seed 7000367 random     hops=40 best=4.707106781 basins=4 3.17h
[367] seed 7000365 structured hops=40 best=4.707106781 basins=10 3.17h
[368] seed 7000368 random     hops=40 best=4.707106781 basins=8 3.17h
[369] seed 7000369 structured hops=40 best=4.707106781 basins=8 3.17h
[370] seed 7000372 random     hops=40 best=4.707106781 basins=4 3.17h
[371] seed 7000370 neighbour  hops=40 best=4.707106781 basins=10 3.17h
[372] seed 7000371 random     hops=40 best=4.707106781 basins=8 3.17h
[373] seed 7000374 neighbour  hops=40 best=4.707106781 basins=6 3.17h
[374] seed 7000375 random     hops=40 best=4.707106781 basins=7 3.18h
[375] seed 7000384 random     hops=0 best=none basins=0 3.18h
[376] seed 7000376 random     hops=40 best=4.707106781 basins=3 3.18h
[377] seed 7000377 structured hops=40 best=4.707106781 basins=3 3.18h
[378] seed 7000378 neighbour  hops=40 best=4.707106781 basins=7 3.18h
[379] seed 7000379 random     hops=40 best=4.707106781 basins=5 3.18h
[380] seed 7000380 random     hops=40 best=4.728581300 basins=3 3.18h
[381] seed 7000381 structured hops=40 best=4.707106781 basins=7 3.18h
[382] seed 7000382 neighbour  hops=40 best=4.707106781 basins=6 3.18h
[383] seed 7000385 structured hops=40 best=4.707106781 basins=4 3.18h
[384] seed 7000386 neighbour  hops=40 best=4.707106781 basins=7 3.18h
[385] seed 7000373 structured hops=40 best=4.767766953 basins=9 3.18h
[386] seed 7000388 random     hops=40 best=4.707106781 basins=3 3.18h
[387] seed 7000383 random     hops=40 best=4.728581300 basins=8 3.18h
[388] seed 7000387 random     hops=40 best=4.675530094 basins=20 3.18h
[389] seed 7000389 structured hops=40 best=4.707106781 basins=4 3.18h
[390] seed 7000390 neighbour  hops=40 best=4.707106781 basins=7 3.18h
[391] seed 7000392 random     hops=40 best=4.707106781 basins=10 3.18h
[392] seed 7000393 structured hops=40 best=4.707106781 basins=5 3.18h
[393] seed 7000391 random     hops=40 best=4.707106781 basins=6 3.18h
[394] seed 7000327 random     hops=40 best=4.707106781 basins=6 3.18h
[395] seed 7000394 neighbour  hops=40 best=4.707106781 basins=5 3.18h
[396] seed 7000395 random     hops=40 best=4.707106781 basins=5 3.18h
[397] seed 7000396 random     hops=40 best=4.707106781 basins=5 3.18h
[398] seed 7000397 structured hops=40 best=4.707106781 basins=5 3.19h
[399] seed 7000398 neighbour  hops=40 best=4.707106781 basins=9 3.19h
[400] seed 7000399 random     hops=40 best=4.707106781 basins=3 3.19h
[401] seed 7000400 random     hops=40 best=4.707106781 basins=5 3.19h
[402] seed 7000403 random     hops=40 best=4.707106781 basins=6 3.19h
[403] seed 7000401 structured hops=40 best=4.707106781 basins=4 3.19h
[404] seed 7000404 random     hops=40 best=4.707106781 basins=4 3.19h
[405] seed 7000405 structured hops=40 best=4.707106781 basins=5 3.19h
[406] seed 7000406 neighbour  hops=40 best=4.707106781 basins=12 3.19h
[407] seed 7000408 random     hops=40 best=4.707106781 basins=4 3.19h
[408] seed 7000407 random     hops=40 best=4.707106781 basins=9 3.19h
[409] seed 7000409 structured hops=40 best=4.707106781 basins=6 3.19h
[410] seed 7000412 random     hops=40 best=4.707106781 basins=6 3.19h
[411] seed 7000410 neighbour  hops=40 best=4.707106781 basins=10 3.19h
[412] seed 7000411 random     hops=40 best=4.707106781 basins=5 3.19h
[413] seed 7000413 structured hops=40 best=5.000000000 basins=1 3.19h
[414] seed 7000414 neighbour  hops=40 best=4.707106781 basins=7 3.19h
[415] seed 7000416 random     hops=40 best=4.707106781 basins=13 3.19h
[416] seed 7000417 structured hops=40 best=5.000000000 basins=1 3.19h
[417] seed 7000418 neighbour  hops=40 best=4.707106781 basins=3 3.19h
[418] seed 7000419 random     hops=40 best=5.000000000 basins=1 3.19h
[419] seed 7000420 random     hops=40 best=4.707106781 basins=6 3.19h
[420] seed 7000421 structured hops=40 best=4.707106781 basins=5 3.20h
[421] seed 7000424 random     hops=40 best=4.707106781 basins=4 3.20h
[422] seed 7000422 neighbour  hops=40 best=4.677648295 basins=22 3.20h
[423] seed 7000423 random     hops=40 best=4.707106781 basins=4 3.20h
[424] seed 7000425 structured hops=40 best=4.707106781 basins=5 3.20h
[425] seed 7000426 neighbour  hops=40 best=4.707106781 basins=13 3.20h
[426] seed 7000427 random     hops=40 best=4.707106781 basins=5 3.20h
[427] seed 7000428 random     hops=40 best=4.707106781 basins=6 3.20h
[428] seed 7000429 structured hops=40 best=5.000000000 basins=1 3.20h
[429] seed 7000430 neighbour  hops=40 best=4.707106781 basins=5 3.20h
[430] seed 7000431 random     hops=40 best=4.707106781 basins=3 3.20h
[431] seed 7000432 random     hops=40 best=4.707106781 basins=4 3.20h
[432] seed 7000433 structured hops=40 best=4.707106781 basins=3 3.20h
[433] seed 7000402 neighbour  hops=40 best=4.728581300 basins=11 3.20h
[434] seed 7000435 random     hops=40 best=4.707106781 basins=4 3.20h
[435] seed 7000436 random     hops=40 best=4.707106781 basins=9 3.20h
[436] seed 7000438 neighbour  hops=40 best=4.707106781 basins=5 3.20h
[437] seed 7000434 neighbour  hops=40 best=4.677648295 basins=22 3.20h
[438] seed 7000439 random     hops=40 best=4.707106781 basins=6 3.20h
[439] seed 7000440 random     hops=40 best=4.707106781 basins=8 3.20h
[440] seed 7000415 random     hops=40 best=4.707106781 basins=21 3.20h
[441] seed 7000441 structured hops=40 best=4.707106781 basins=4 3.21h
[442] seed 7000443 random     hops=40 best=4.707106781 basins=2 3.21h
[443] seed 7000442 neighbour  hops=40 best=4.707106781 basins=5 3.21h
[444] seed 7000444 random     hops=40 best=4.707106781 basins=2 3.21h
[445] seed 7000445 structured hops=40 best=4.707106781 basins=6 3.21h
[446] seed 7000446 neighbour  hops=40 best=4.707106781 basins=4 3.21h
[447] seed 7000447 random     hops=40 best=4.880969708 basins=3 3.21h
[448] seed 7000448 random     hops=40 best=4.707106781 basins=4 3.21h
[449] seed 7000437 structured hops=40 best=4.677648295 basins=18 3.21h
[450] seed 7000450 neighbour  hops=40 best=4.707106781 basins=7 3.21h
[451] seed 7000449 structured hops=40 best=4.707106781 basins=8 3.21h
[452] seed 7000451 random     hops=40 best=4.707106781 basins=7 3.21h
[453] seed 7000452 random     hops=40 best=4.707106781 basins=7 3.21h
[454] seed 7000455 random     hops=40 best=4.707106781 basins=6 3.21h
[455] seed 7000453 structured hops=40 best=4.707106781 basins=4 3.21h
[456] seed 7000454 neighbour  hops=40 best=4.707106781 basins=7 3.21h
[457] seed 7000456 random     hops=40 best=4.728581300 basins=2 3.21h
[458] seed 7000458 neighbour  hops=40 best=4.707106781 basins=4 3.21h
[459] seed 7000457 structured hops=40 best=4.707106781 basins=5 3.21h
[460] seed 7000459 random     hops=40 best=4.707106781 basins=5 3.21h
[461] seed 7000460 random     hops=40 best=5.000000000 basins=1 3.21h
[462] seed 7000461 structured hops=40 best=4.707106781 basins=7 3.21h
[463] seed 7000463 random     hops=40 best=4.707106781 basins=4 3.22h
[464] seed 7000462 neighbour  hops=40 best=4.707106781 basins=13 3.22h
[465] seed 7000465 structured hops=40 best=4.707106781 basins=5 3.22h
[466] seed 7000464 random     hops=40 best=4.707106781 basins=14 3.22h
[467] seed 7000466 neighbour  hops=40 best=4.675530094 basins=13 3.22h
[468] seed 7000469 structured hops=40 best=4.707106781 basins=6 3.22h
[469] seed 7000467 random     hops=40 best=4.707106781 basins=11 3.22h
[470] seed 7000468 random     hops=40 best=4.707106781 basins=10 3.22h
[471] seed 7000470 neighbour  hops=40 best=4.707106781 basins=8 3.22h
[472] seed 7000471 random     hops=40 best=4.707106781 basins=3 3.22h
[473] seed 7000473 structured hops=40 best=4.707106781 basins=4 3.22h
[474] seed 7000474 neighbour  hops=40 best=4.707106781 basins=7 3.22h
[475] seed 7000475 random     hops=40 best=4.707106781 basins=6 3.22h
[476] seed 7000476 random     hops=40 best=4.707106781 basins=5 3.22h
[477] seed 7000477 structured hops=40 best=4.707106781 basins=3 3.22h
[478] seed 7000479 random     hops=40 best=5.000000000 basins=1 3.22h
[479] seed 7000478 neighbour  hops=40 best=4.707106781 basins=4 3.22h
[480] seed 7000480 random     hops=40 best=4.707106781 basins=4 3.22h
[481] seed 7000482 neighbour  hops=40 best=4.707106781 basins=8 3.22h
[482] seed 7000483 random     hops=40 best=4.707106781 basins=5 3.22h
[483] seed 7000484 random     hops=40 best=4.707106781 basins=10 3.22h
[484] seed 7000485 structured hops=40 best=4.707106781 basins=3 3.23h
[485] seed 7000487 random     hops=40 best=4.707106781 basins=10 3.23h
[486] seed 7000486 neighbour  hops=40 best=4.707106781 basins=6 3.23h
[487] seed 7000489 structured hops=40 best=4.707106781 basins=4 3.23h
[488] seed 7000472 random     hops=40 best=4.707106781 basins=6 3.23h
[489] seed 7000488 random     hops=40 best=4.707106781 basins=5 3.23h
[490] seed 7000490 neighbour  hops=40 best=4.707106781 basins=8 3.23h
[491] seed 7000491 random     hops=40 best=4.707106781 basins=5 3.23h
[492] seed 7000492 random     hops=40 best=4.707106781 basins=5 3.23h
[493] seed 7000493 structured hops=40 best=4.707106781 basins=5 3.23h
[494] seed 7000495 random     hops=40 best=4.707106781 basins=6 3.23h
[495] seed 7000494 neighbour  hops=40 best=4.707106781 basins=4 3.23h
[496] seed 7000496 random     hops=40 best=4.707106781 basins=8 3.23h
[497] seed 7000481 structured hops=40 best=4.707106781 basins=7 3.23h
[498] seed 7000497 structured hops=40 best=4.707106781 basins=2 3.23h
[499] seed 7000498 neighbour  hops=40 best=4.707106781 basins=4 3.23h
[500] seed 7000499 random     hops=40 best=4.707106781 basins=5 3.23h
[501] seed 7000501 structured hops=40 best=4.707106781 basins=3 3.23h
[502] seed 7000500 random     hops=40 best=4.707106781 basins=5 3.23h
[503] seed 7000503 random     hops=40 best=4.707106781 basins=7 3.23h
[504] seed 7000504 random     hops=40 best=4.707106781 basins=4 3.23h
[505] seed 7000505 structured hops=40 best=4.707106781 basins=6 3.23h
[506] seed 7000507 random     hops=40 best=4.707106781 basins=2 3.23h
[507] seed 7000506 neighbour  hops=40 best=4.707106781 basins=5 3.23h
[508] seed 7000508 random     hops=40 best=4.707106781 basins=10 3.23h
[509] seed 7000510 neighbour  hops=40 best=4.707106781 basins=9 3.24h
[510] seed 7000509 structured hops=40 best=4.677648295 basins=19 3.24h
[511] seed 7000511 random     hops=40 best=4.707106781 basins=4 3.24h
[512] seed 7000512 random     hops=40 best=4.707106781 basins=5 3.24h
[513] seed 7000513 structured hops=40 best=4.707106781 basins=5 3.24h
[514] seed 7000514 neighbour  hops=40 best=4.707106781 basins=6 3.24h
[515] seed 7000515 random     hops=40 best=4.707106781 basins=4 3.24h
[516] seed 7000502 neighbour  hops=40 best=4.707106781 basins=6 3.24h
[517] seed 7000517 structured hops=40 best=4.707106781 basins=2 3.24h
[518] seed 7000516 random     hops=40 best=4.707106781 basins=6 3.24h
[519] seed 7000518 neighbour  hops=40 best=4.707106781 basins=5 3.24h
[520] seed 7000521 structured hops=40 best=4.707106781 basins=6 3.24h
[521] seed 7000519 random     hops=40 best=4.707106781 basins=5 3.24h
[522] seed 7000522 neighbour  hops=40 best=4.707106781 basins=4 3.24h
[523] seed 7000523 random     hops=40 best=4.707106781 basins=9 3.24h
[524] seed 7000524 random     hops=40 best=4.707106781 basins=4 3.24h
[525] seed 7000525 structured hops=40 best=4.707106781 basins=7 3.24h
[526] seed 7000527 random     hops=40 best=4.707106781 basins=4 3.24h
[527] seed 7000526 neighbour  hops=40 best=4.707106781 basins=15 3.24h
[528] seed 7000529 structured hops=40 best=4.707106781 basins=6 3.24h
[529] seed 7000520 random     hops=40 best=4.707106781 basins=8 3.24h
[530] seed 7000531 random     hops=40 best=4.707106781 basins=4 3.24h
[531] seed 7000530 neighbour  hops=40 best=4.707106781 basins=7 3.24h
[532] seed 7000532 random     hops=40 best=4.707106781 basins=6 3.24h
[533] seed 7000533 structured hops=40 best=4.707106781 basins=3 3.25h
[534] seed 7000535 random     hops=40 best=4.707106781 basins=3 3.25h
[535] seed 7000534 neighbour  hops=40 best=4.675530094 basins=20 3.25h *best
[536] seed 7000537 structured hops=40 best=4.707106781 basins=4 3.25h
[537] seed 7000536 random     hops=40 best=4.707106781 basins=5 3.25h
[538] seed 7000528 random     hops=40 best=4.707106781 basins=13 3.25h
[539] seed 7000538 neighbour  hops=40 best=4.675530094 basins=18 3.25h
[540] seed 7000540 random     hops=40 best=4.707106781 basins=4 3.25h
[541] seed 7000541 structured hops=40 best=4.707106781 basins=3 3.25h
[542] seed 7000543 random     hops=40 best=4.707106781 basins=5 3.25h
[543] seed 7000542 neighbour  hops=40 best=4.707106781 basins=7 3.25h
[544] seed 7000544 random     hops=40 best=4.707106781 basins=5 3.25h
[545] seed 7000546 neighbour  hops=40 best=4.707106781 basins=5 3.25h
[546] seed 7000548 random     hops=40 best=4.707106781 basins=7 3.25h
[547] seed 7000547 random     hops=40 best=4.707106781 basins=5 3.25h
[548] seed 7000549 structured hops=40 best=4.707106781 basins=3 3.25h
[549] seed 7000551 random     hops=40 best=4.707106781 basins=5 3.25h
[550] seed 7000552 random     hops=40 best=5.000000000 basins=1 3.25h
[551] seed 7000553 structured hops=40 best=4.707106781 basins=5 3.25h
[552] seed 7000554 neighbour  hops=40 best=4.707106781 basins=7 3.25h
[553] seed 7000539 random     hops=40 best=4.675530094 basins=18 3.25h
[554] seed 7000555 random     hops=40 best=4.707106781 basins=5 3.26h
[555] seed 7000556 random     hops=40 best=4.707106781 basins=5 3.26h
[556] seed 7000557 structured hops=40 best=4.707106781 basins=5 3.26h
[557] seed 7000560 random     hops=40 best=4.707106781 basins=5 3.26h
[558] seed 7000561 structured hops=40 best=4.707106781 basins=6 3.26h
[559] seed 7000550 neighbour  hops=40 best=4.707106781 basins=15 3.26h
[560] seed 7000562 neighbour  hops=40 best=4.707106781 basins=11 3.26h
[561] seed 7000564 random     hops=40 best=4.707106781 basins=4 3.26h
[562] seed 7000559 random     hops=40 best=4.707106781 basins=11 3.26h
[563] seed 7000563 random     hops=40 best=4.707106781 basins=5 3.26h
[564] seed 7000565 structured hops=40 best=4.707106781 basins=5 3.26h
[565] seed 7000568 random     hops=40 best=4.707106781 basins=3 3.26h
[566] seed 7000567 random     hops=40 best=4.675530094 basins=15 3.26h
[567] seed 7000569 structured hops=40 best=4.707106781 basins=5 3.26h
[568] seed 7000558 neighbour  hops=40 best=4.692955785 basins=23 3.26h
[569] seed 7000571 random     hops=40 best=4.707106781 basins=2 3.26h
[570] seed 7000572 random     hops=40 best=4.707106781 basins=4 3.26h
[571] seed 7000573 structured hops=40 best=5.000000000 basins=1 3.26h
[572] seed 7000545 structured hops=40 best=4.707106781 basins=6 3.26h
[573] seed 7000575 random     hops=40 best=4.707106781 basins=3 3.26h
[574] seed 7000574 neighbour  hops=40 best=4.707106781 basins=6 3.27h
[575] seed 7000577 structured hops=40 best=4.707106781 basins=7 3.27h
[576] seed 7000578 neighbour  hops=40 best=4.707106781 basins=3 3.27h
[577] seed 7000579 random     hops=40 best=4.707106781 basins=7 3.27h
[578] seed 7000580 random     hops=40 best=4.728581300 basins=3 3.27h
[579] seed 7000566 neighbour  hops=40 best=4.707106781 basins=6 3.27h
[580] seed 7000570 neighbour  hops=40 best=4.707106781 basins=6 3.27h
[581] seed 7000581 structured hops=40 best=4.707106781 basins=3 3.27h
[582] seed 7000583 random     hops=40 best=4.707106781 basins=4 3.27h
[583] seed 7000584 random     hops=40 best=4.707106781 basins=2 3.27h
[584] seed 7000585 structured hops=40 best=4.707106781 basins=9 3.27h
[585] seed 7000586 neighbour  hops=40 best=4.707106781 basins=7 3.27h
[586] seed 7000587 random     hops=40 best=4.707106781 basins=6 3.27h
[587] seed 7000588 random     hops=40 best=4.707106781 basins=5 3.27h
[588] seed 7000589 structured hops=40 best=4.707106781 basins=3 3.27h
[589] seed 7000576 random     hops=40 best=4.707106781 basins=12 3.27h
[590] seed 7000590 neighbour  hops=40 best=4.707106781 basins=9 3.27h
[591] seed 7000591 random     hops=40 best=4.707106781 basins=8 3.27h
[592] seed 7000592 random     hops=40 best=4.707106781 basins=5 3.27h
[593] seed 7000593 structured hops=40 best=4.707106781 basins=6 3.27h
[594] seed 7000595 random     hops=40 best=4.707106781 basins=4 3.28h
[595] seed 7000597 structured hops=40 best=4.707106781 basins=4 3.28h
[596] seed 7000596 random     hops=40 best=4.707106781 basins=12 3.28h
[597] seed 7000594 neighbour  hops=40 best=4.707106781 basins=7 3.28h
[598] seed 7000599 random     hops=40 best=4.707106781 basins=5 3.28h
[599] seed 7000582 neighbour  hops=40 best=4.707106781 basins=7 3.28h
[600] seed 7000600 random     hops=40 best=5.000000000 basins=1 3.28h
[601] seed 7000598 neighbour  hops=40 best=4.707106781 basins=6 3.28h
[602] seed 7000601 structured hops=40 best=4.707106781 basins=8 3.28h
[603] seed 7000603 random     hops=40 best=5.000000000 basins=1 3.28h
[604] seed 7000602 neighbour  hops=40 best=4.677648295 basins=17 3.28h
[605] seed 7000604 random     hops=40 best=4.707106781 basins=22 3.28h
[606] seed 7000605 structured hops=40 best=4.707106781 basins=7 3.28h
[607] seed 7000606 neighbour  hops=40 best=4.707106781 basins=10 3.28h
[608] seed 7000607 random     hops=40 best=4.707106781 basins=5 3.28h
[609] seed 7000610 neighbour  hops=40 best=4.707106781 basins=3 3.28h
[610] seed 7000609 structured hops=40 best=4.707106781 basins=5 3.28h
[611] seed 7000608 random     hops=40 best=4.707106781 basins=7 3.28h
[612] seed 7000614 neighbour  hops=40 best=4.707106781 basins=4 3.28h
[613] seed 7000612 random     hops=40 best=4.707106781 basins=12 3.28h
[614] seed 7000615 random     hops=40 best=4.707106781 basins=5 3.28h
[615] seed 7000613 structured hops=40 best=4.707106781 basins=9 3.28h
[616] seed 7000617 structured hops=40 best=4.767766953 basins=4 3.28h
[617] seed 7000618 neighbour  hops=40 best=4.707106781 basins=4 3.29h
[618] seed 7000611 random     hops=40 best=4.692955785 basins=17 3.29h
[619] seed 7000619 random     hops=40 best=4.707106781 basins=5 3.29h
[620] seed 7000620 random     hops=40 best=4.707106781 basins=13 3.29h
[621] seed 7000621 structured hops=40 best=4.707106781 basins=4 3.29h
[622] seed 7000616 random     hops=40 best=4.707106781 basins=4 3.29h
[623] seed 7000624 random     hops=40 best=4.707106781 basins=14 3.29h
[624] seed 7000623 random     hops=40 best=4.707106781 basins=6 3.29h
[625] seed 7000622 neighbour  hops=40 best=4.707106781 basins=7 3.29h
[626] seed 7000625 structured hops=40 best=4.707106781 basins=2 3.29h
[627] seed 7000628 random     hops=40 best=4.707106781 basins=5 3.29h
[628] seed 7000627 random     hops=40 best=4.707106781 basins=8 3.29h
[629] seed 7000629 structured hops=40 best=4.707106781 basins=5 3.29h
[630] seed 7000631 random     hops=40 best=4.707106781 basins=4 3.29h
[631] seed 7000626 neighbour  hops=40 best=4.707106781 basins=8 3.29h
[632] seed 7000632 random     hops=40 best=4.707106781 basins=2 3.29h
[633] seed 7000633 structured hops=40 best=4.707106781 basins=4 3.29h
[634] seed 7000634 neighbour  hops=40 best=4.707106781 basins=14 3.29h
[635] seed 7000638 neighbour  hops=40 best=4.707106781 basins=9 3.29h
[636] seed 7000636 random     hops=40 best=4.707106781 basins=20 3.29h
[637] seed 7000637 structured hops=40 best=4.707106781 basins=4 3.29h
[638] seed 7000640 random     hops=40 best=4.707106781 basins=4 3.29h
[639] seed 7000639 random     hops=40 best=4.707106781 basins=3 3.29h
[640] seed 7000641 structured hops=40 best=4.707106781 basins=6 3.30h
[641] seed 7000642 neighbour  hops=40 best=4.707106781 basins=8 3.30h
[642] seed 7000645 structured hops=40 best=5.000000000 basins=1 3.30h
[643] seed 7000646 neighbour  hops=40 best=4.707106781 basins=4 3.30h
[644] seed 7000647 random     hops=40 best=4.707106781 basins=7 3.30h
[645] seed 7000643 random     hops=40 best=4.707106781 basins=13 3.30h
[646] seed 7000630 neighbour  hops=40 best=4.707106781 basins=7 3.30h
[647] seed 7000648 random     hops=40 best=4.707106781 basins=6 3.30h
[648] seed 7000649 structured hops=40 best=4.707106781 basins=6 3.30h
[649] seed 7000651 random     hops=40 best=4.707106781 basins=6 3.30h
[650] seed 7000652 random     hops=40 best=4.707106781 basins=11 3.30h
[651] seed 7000650 neighbour  hops=40 best=4.707106781 basins=11 3.30h
[652] seed 7000653 structured hops=40 best=5.000000000 basins=1 3.30h
[653] seed 7000644 random     hops=40 best=4.707106781 basins=17 3.30h
[654] seed 7000655 random     hops=40 best=4.707106781 basins=8 3.30h
[655] seed 7000654 neighbour  hops=40 best=4.707106781 basins=10 3.30h
[656] seed 7000657 structured hops=40 best=4.707106781 basins=9 3.30h
[657] seed 7000656 random     hops=40 best=4.707106781 basins=14 3.30h
[658] seed 7000659 random     hops=40 best=4.707106781 basins=6 3.30h
[659] seed 7000658 neighbour  hops=40 best=4.675530094 basins=21 3.30h
[660] seed 7000660 random     hops=40 best=5.000000000 basins=1 3.30h
[661] seed 7000662 neighbour  hops=40 best=4.707106781 basins=5 3.31h
[662] seed 7000635 random     hops=40 best=4.707106781 basins=11 3.31h
[663] seed 7000664 random     hops=40 best=4.707106781 basins=5 3.31h
[664] seed 7000661 structured hops=40 best=4.707106781 basins=3 3.31h
[665] seed 7000665 structured hops=40 best=4.707106781 basins=7 3.31h
[666] seed 7000663 random     hops=40 best=4.677648295 basins=19 3.31h
[667] seed 7000666 neighbour  hops=40 best=4.707106781 basins=5 3.31h
[668] seed 7000667 random     hops=40 best=4.707106781 basins=5 3.31h
[669] seed 7000668 random     hops=40 best=4.816123960 basins=2 3.31h
[670] seed 7000672 random     hops=40 best=4.707106781 basins=6 3.31h
[671] seed 7000671 random     hops=40 best=4.707106781 basins=3 3.31h
[672] seed 7000673 structured hops=40 best=4.728581300 basins=2 3.31h
[673] seed 7000670 neighbour  hops=40 best=4.707106781 basins=17 3.31h
[674] seed 7000674 neighbour  hops=40 best=4.707106781 basins=6 3.31h
[675] seed 7000675 random     hops=40 best=4.707106781 basins=7 3.31h
[676] seed 7000676 random     hops=40 best=4.707106781 basins=10 3.31h
[677] seed 7000677 structured hops=40 best=4.707106781 basins=5 3.31h
[678] seed 7000680 random     hops=40 best=4.707106781 basins=3 3.31h
[679] seed 7000681 structured hops=40 best=5.000000000 basins=1 3.31h
[680] seed 7000682 neighbour  hops=40 best=4.707106781 basins=6 3.31h
[681] seed 7000683 random     hops=40 best=4.707106781 basins=2 3.31h
[682] seed 7000685 structured hops=40 best=4.707106781 basins=3 3.32h
[683] seed 7000669 structured hops=40 best=4.707106781 basins=19 3.32h
[684] seed 7000686 neighbour  hops=40 best=4.707106781 basins=9 3.32h
[685] seed 7000689 structured hops=40 best=4.707106781 basins=4 3.32h
[686] seed 7000687 random     hops=40 best=4.707106781 basins=5 3.32h
[687] seed 7000688 random     hops=40 best=4.707106781 basins=5 3.32h
[688] seed 7000690 neighbour  hops=40 best=4.707106781 basins=6 3.32h
[689] seed 7000691 random     hops=40 best=4.707106781 basins=3 3.32h
[690] seed 7000692 random     hops=40 best=4.728581300 basins=2 3.32h
[691] seed 7000693 structured hops=40 best=4.707106781 basins=5 3.32h
[692] seed 7000695 random     hops=40 best=4.707106781 basins=5 3.32h
[693] seed 7000699 random     hops=40 best=4.707106781 basins=7 3.32h
[694] seed 7000698 neighbour  hops=40 best=4.707106781 basins=5 3.32h
[695] seed 7000697 structured hops=40 best=4.707106781 basins=7 3.32h
[696] seed 7000684 random     hops=40 best=4.707106781 basins=5 3.32h
[697] seed 7000701 structured hops=40 best=4.707106781 basins=5 3.32h
[698] seed 7000700 random     hops=40 best=4.707106781 basins=5 3.32h
[699] seed 7000703 random     hops=40 best=4.707106781 basins=3 3.32h
[700] seed 7000678 neighbour  hops=40 best=4.677648295 basins=15 3.32h
[701] seed 7000702 neighbour  hops=40 best=4.677648295 basins=16 3.32h
[702] seed 7000694 neighbour  hops=40 best=4.707106781 basins=7 3.33h
[703] seed 7000707 random     hops=40 best=4.707106781 basins=5 3.33h
[704] seed 7000705 structured hops=40 best=4.707106781 basins=6 3.33h
[705] seed 7000706 neighbour  hops=40 best=4.707106781 basins=7 3.33h
[706] seed 7000709 structured hops=40 best=4.728581300 basins=6 3.33h
[707] seed 7000711 random     hops=40 best=5.000000000 basins=1 3.33h
[708] seed 7000708 random     hops=40 best=4.707106781 basins=5 3.33h
[709] seed 7000710 neighbour  hops=40 best=4.707106781 basins=7 3.33h
[710] seed 7000713 structured hops=40 best=4.707106781 basins=7 3.33h
[711] seed 7000712 random     hops=40 best=4.707106781 basins=3 3.33h
[712] seed 7000696 random     hops=40 best=4.675530094 basins=18 3.33h
[713] seed 7000714 neighbour  hops=40 best=4.707106781 basins=8 3.33h
[714] seed 7000716 random     hops=40 best=4.707106781 basins=6 3.33h
[715] seed 7000704 random     hops=40 best=4.707106781 basins=4 3.33h
[716] seed 7000715 random     hops=40 best=4.707106781 basins=3 3.33h
[717] seed 7000717 structured hops=40 best=4.707106781 basins=3 3.33h
[718] seed 7000718 neighbour  hops=40 best=4.707106781 basins=5 3.33h
[719] seed 7000719 random     hops=40 best=4.707106781 basins=8 3.33h
[720] seed 7000721 structured hops=40 best=5.000000000 basins=1 3.33h
[721] seed 7000720 random     hops=40 best=4.707106781 basins=6 3.34h
[722] seed 7000679 random     hops=40 best=4.677648295 basins=19 3.34h
[723] seed 7000725 structured hops=40 best=4.707106781 basins=5 3.34h
[724] seed 7000722 neighbour  hops=40 best=4.707106781 basins=7 3.34h
[725] seed 7000723 random     hops=40 best=4.707106781 basins=5 3.34h
[726] seed 7000726 neighbour  hops=40 best=4.707106781 basins=7 3.34h
[727] seed 7000730 neighbour  hops=40 best=4.707106781 basins=5 3.34h
[728] seed 7000731 random     hops=40 best=4.707106781 basins=4 3.34h
[729] seed 7000727 random     hops=40 best=4.707106781 basins=4 3.34h
[730] seed 7000729 structured hops=40 best=4.707106781 basins=8 3.34h
[731] seed 7000728 random     hops=40 best=4.700396756 basins=10 3.34h
[732] seed 7000732 random     hops=40 best=4.707106781 basins=4 3.34h
[733] seed 7000733 structured hops=40 best=5.000000000 basins=1 3.34h
[734] seed 7000735 random     hops=40 best=4.707106781 basins=5 3.34h
[735] seed 7000737 structured hops=40 best=4.707106781 basins=5 3.34h
[736] seed 7000736 random     hops=40 best=4.707106781 basins=7 3.34h
[737] seed 7000739 random     hops=40 best=5.000000000 basins=1 3.34h
[738] seed 7000738 neighbour  hops=40 best=4.707106781 basins=6 3.34h
[739] seed 7000724 random     hops=40 best=4.707106781 basins=7 3.34h
[740] seed 7000740 random     hops=40 best=4.707106781 basins=6 3.35h
[741] seed 7000743 random     hops=40 best=4.707106781 basins=4 3.35h
[742] seed 7000741 structured hops=40 best=5.000000000 basins=1 3.35h
[743] seed 7000742 neighbour  hops=40 best=4.707106781 basins=10 3.35h
[744] seed 7000746 neighbour  hops=40 best=4.707106781 basins=7 3.35h
[745] seed 7000745 structured hops=40 best=4.707106781 basins=10 3.35h
[746] seed 7000747 random     hops=40 best=4.707106781 basins=3 3.35h
[747] seed 7000749 structured hops=40 best=4.707106781 basins=3 3.35h
[748] seed 7000734 neighbour  hops=40 best=4.707106781 basins=9 3.35h
[749] seed 7000748 random     hops=40 best=4.707106781 basins=6 3.35h
[750] seed 7000750 neighbour  hops=40 best=4.707106781 basins=6 3.35h
[751] seed 7000744 random     hops=40 best=4.707106781 basins=10 3.35h
[752] seed 7000751 random     hops=40 best=4.677648295 basins=15 3.35h
[753] seed 7000753 structured hops=40 best=4.707106781 basins=7 3.35h
[754] seed 7000755 random     hops=40 best=4.707106781 basins=7 3.35h
[755] seed 7000754 neighbour  hops=40 best=4.707106781 basins=9 3.35h
[756] seed 7000756 random     hops=40 best=4.707106781 basins=4 3.35h
[757] seed 7000757 structured hops=40 best=4.707106781 basins=7 3.35h
[758] seed 7000758 neighbour  hops=40 best=4.707106781 basins=7 3.35h
[759] seed 7000759 random     hops=40 best=4.707106781 basins=4 3.35h
[760] seed 7000761 structured hops=40 best=4.707106781 basins=3 3.36h
[761] seed 7000762 neighbour  hops=40 best=4.707106781 basins=5 3.36h
[762] seed 7000752 random     hops=40 best=4.675530094 basins=13 3.36h
[763] seed 7000764 random     hops=40 best=4.707106781 basins=3 3.36h
[764] seed 7000765 structured hops=40 best=4.707106781 basins=3 3.36h
[765] seed 7000769 structured hops=40 best=4.707106781 basins=6 3.36h
[766] seed 7000767 random     hops=40 best=4.707106781 basins=8 3.36h
[767] seed 7000766 neighbour  hops=40 best=4.707106781 basins=14 3.36h
[768] seed 7000770 neighbour  hops=40 best=4.707106781 basins=7 3.36h
[769] seed 7000772 random     hops=40 best=4.707106781 basins=3 3.36h
[770] seed 7000763 random     hops=40 best=4.707106781 basins=14 3.36h
[771] seed 7000773 structured hops=40 best=4.809075168 basins=3 3.36h
[772] seed 7000774 neighbour  hops=40 best=4.707106781 basins=2 3.36h
[773] seed 7000775 random     hops=40 best=4.707106781 basins=3 3.36h
[774] seed 7000760 random     hops=40 best=4.707106781 basins=5 3.36h
[775] seed 7000771 random     hops=40 best=4.707106781 basins=7 3.36h
[776] seed 7000776 random     hops=40 best=4.707106781 basins=3 3.36h
[777] seed 7000777 structured hops=40 best=4.707106781 basins=7 3.36h
[778] seed 7000778 neighbour  hops=40 best=4.707106781 basins=8 3.36h
[779] seed 7000779 random     hops=40 best=4.707106781 basins=3 3.36h
[780] seed 7000780 random     hops=40 best=4.707106781 basins=5 3.36h
[781] seed 7000781 structured hops=40 best=4.707106781 basins=6 3.37h
[782] seed 7000768 random     hops=40 best=4.707106781 basins=7 3.37h
[783] seed 7000782 neighbour  hops=40 best=4.707106781 basins=6 3.37h
[784] seed 7000783 random     hops=40 best=4.707106781 basins=4 3.37h
[785] seed 7000784 random     hops=40 best=4.707106781 basins=7 3.37h
[786] seed 7000786 neighbour  hops=40 best=4.707106781 basins=7 3.37h
[787] seed 7000785 structured hops=40 best=4.707106781 basins=6 3.37h
[788] seed 7000787 random     hops=40 best=4.707106781 basins=6 3.37h
[789] seed 7000788 random     hops=40 best=4.707106781 basins=6 3.37h
[790] seed 7000789 structured hops=40 best=4.707106781 basins=8 3.37h
[791] seed 7000790 neighbour  hops=40 best=4.707106781 basins=5 3.37h
[792] seed 7000791 random     hops=40 best=4.707106781 basins=8 3.37h
[793] seed 7000793 structured hops=40 best=4.707106781 basins=4 3.37h
[794] seed 7000792 random     hops=40 best=4.707106781 basins=2 3.37h
[795] seed 7000795 random     hops=40 best=4.707106781 basins=5 3.37h
[796] seed 7000796 random     hops=40 best=4.707106781 basins=8 3.37h
[797] seed 7000797 structured hops=40 best=4.707106781 basins=4 3.37h
[798] seed 7000798 neighbour  hops=40 best=4.707106781 basins=6 3.37h
[799] seed 7000799 random     hops=40 best=4.707106781 basins=8 3.37h
[800] seed 7000800 random     hops=40 best=4.707106781 basins=5 3.37h
[801] seed 7000801 structured hops=40 best=4.707106781 basins=3 3.37h
[802] seed 7000802 neighbour  hops=40 best=4.707106781 basins=9 3.37h
[803] seed 7000803 random     hops=40 best=4.707106781 basins=3 3.37h
[804] seed 7000804 random     hops=40 best=4.707106781 basins=6 3.37h
[805] seed 7000805 structured hops=40 best=4.707106781 basins=7 3.38h
[806] seed 7000806 neighbour  hops=40 best=4.677648295 basins=16 3.38h
[807] seed 7000808 random     hops=40 best=4.707106781 basins=5 3.38h
[808] seed 7000807 random     hops=40 best=4.707106781 basins=6 3.38h
[809] seed 7000811 random     hops=40 best=4.707106781 basins=4 3.38h
[810] seed 7000813 structured hops=40 best=4.707106781 basins=6 3.38h
[811] seed 7000812 random     hops=40 best=4.707106781 basins=1 3.38h
[812] seed 7000810 neighbour  hops=40 best=4.707106781 basins=8 3.38h
[813] seed 7000814 neighbour  hops=40 best=4.707106781 basins=5 3.38h
[814] seed 7000815 random     hops=40 best=4.707106781 basins=1 3.38h
[815] seed 7000816 random     hops=40 best=4.707106781 basins=15 3.38h
[816] seed 7000817 structured hops=40 best=5.000000000 basins=1 3.38h
[817] seed 7000818 neighbour  hops=40 best=4.707106781 basins=9 3.38h
[818] seed 7000821 structured hops=40 best=4.707106781 basins=7 3.38h
[819] seed 7000819 random     hops=40 best=4.677648295 basins=15 3.38h
[820] seed 7000822 neighbour  hops=40 best=4.707106781 basins=7 3.38h
[821] seed 7000794 neighbour  hops=40 best=4.755342034 basins=12 3.38h
[822] seed 7000823 random     hops=40 best=4.707106781 basins=6 3.38h
[823] seed 7000826 neighbour  hops=40 best=4.707106781 basins=3 3.39h
[824] seed 7000825 structured hops=40 best=4.707106781 basins=6 3.39h
[825] seed 7000824 random     hops=40 best=4.707106781 basins=6 3.39h
[826] seed 7000827 random     hops=40 best=5.000000000 basins=1 3.39h
[827] seed 7000829 structured hops=40 best=4.707106781 basins=3 3.39h
[828] seed 7000830 neighbour  hops=40 best=4.707106781 basins=4 3.39h
[829] seed 7000809 structured hops=40 best=4.707106781 basins=5 3.39h
[830] seed 7000832 random     hops=40 best=4.707106781 basins=7 3.39h
[831] seed 7000831 random     hops=40 best=4.707106781 basins=10 3.39h
[832] seed 7000835 random     hops=40 best=4.707106781 basins=7 3.39h
[833] seed 7000820 random     hops=40 best=4.707106781 basins=6 3.39h
[834] seed 7000834 neighbour  hops=40 best=4.707106781 basins=7 3.39h
[835] seed 7000839 random     hops=40 best=4.707106781 basins=4 3.39h
[836] seed 7000838 neighbour  hops=40 best=4.677648295 basins=19 3.39h
[837] seed 7000840 random     hops=40 best=4.707106781 basins=6 3.39h
[838] seed 7000841 structured hops=40 best=4.707106781 basins=4 3.39h
[839] seed 7000842 neighbour  hops=40 best=4.707106781 basins=14 3.39h
[840] seed 7000843 random     hops=40 best=4.707106781 basins=5 3.39h
[841] seed 7000828 random     hops=40 best=4.767766953 basins=15 3.40h
[842] seed 7000846 neighbour  hops=40 best=4.707106781 basins=4 3.40h
[843] seed 7000845 structured hops=40 best=4.707106781 basins=5 3.40h
[844] seed 7000833 structured hops=40 best=4.707106781 basins=12 3.40h
[845] seed 7000847 random     hops=40 best=4.707106781 basins=3 3.40h
[846] seed 7000848 random     hops=40 best=4.707106781 basins=6 3.40h
[847] seed 7000850 neighbour  hops=40 best=4.707106781 basins=8 3.40h
[848] seed 7000851 random     hops=40 best=4.707106781 basins=6 3.40h
[849] seed 7000837 structured hops=40 best=4.688103393 basins=8 3.40h
[850] seed 7000852 random     hops=40 best=4.707106781 basins=5 3.40h
[851] seed 7000853 structured hops=40 best=4.707106781 basins=3 3.40h
[852] seed 7000849 structured hops=40 best=4.707106781 basins=8 3.40h
[853] seed 7000855 random     hops=40 best=4.707106781 basins=2 3.40h
[854] seed 7000856 random     hops=40 best=4.707106781 basins=6 3.40h
[855] seed 7000857 structured hops=40 best=4.707106781 basins=4 3.40h
[856] seed 7000858 neighbour  hops=40 best=4.707106781 basins=7 3.40h
[857] seed 7000859 random     hops=40 best=4.707106781 basins=5 3.40h
[858] seed 7000860 random     hops=40 best=4.707106781 basins=2 3.41h
[859] seed 7000861 structured hops=40 best=4.707106781 basins=6 3.41h
[860] seed 7000844 random     hops=40 best=4.691475459 basins=22 3.41h
[861] seed 7000862 neighbour  hops=40 best=4.707106781 basins=6 3.41h
[862] seed 7000863 random     hops=40 best=4.707106781 basins=4 3.41h
[863] seed 7000836 random     hops=40 best=4.707106781 basins=5 3.41h
[864] seed 7000865 structured hops=40 best=4.677648295 basins=17 3.41h
[865] seed 7000866 neighbour  hops=40 best=4.707106781 basins=8 3.41h
[866] seed 7000867 random     hops=40 best=4.707106781 basins=5 3.41h
[867] seed 7000869 structured hops=40 best=5.000000000 basins=1 3.41h
[868] seed 7000868 random     hops=40 best=4.707106781 basins=4 3.41h
[869] seed 7000870 neighbour  hops=40 best=4.707106781 basins=8 3.41h
[870] seed 7000873 structured hops=40 best=4.707106781 basins=3 3.41h
[871] seed 7000872 random     hops=40 best=4.677648295 basins=11 3.41h
[872] seed 7000874 neighbour  hops=40 best=4.677648295 basins=18 3.41h
[873] seed 7000864 random     hops=40 best=4.707106781 basins=7 3.41h
[874] seed 7000875 random     hops=40 best=4.707106781 basins=14 3.41h
[875] seed 7000876 random     hops=40 best=4.707106781 basins=6 3.41h
[876] seed 7000877 structured hops=40 best=4.707106781 basins=8 3.41h
[877] seed 7000879 random     hops=40 best=4.707106781 basins=6 3.41h
[878] seed 7000878 neighbour  hops=40 best=4.707106781 basins=8 3.42h
[879] seed 7000881 structured hops=40 best=4.707106781 basins=6 3.42h
[880] seed 7000880 random     hops=40 best=4.707106781 basins=9 3.42h
[881] seed 7000854 neighbour  hops=40 best=4.707106781 basins=15 3.42h
[882] seed 7000871 random     hops=40 best=4.707106781 basins=5 3.42h
[883] seed 7000882 neighbour  hops=40 best=4.707106781 basins=5 3.42h
[884] seed 7000885 structured hops=40 best=4.707106781 basins=3 3.42h
[885] seed 7000886 neighbour  hops=40 best=4.707106781 basins=10 3.42h
[886] seed 7000888 random     hops=40 best=4.707106781 basins=6 3.42h
[887] seed 7000887 random     hops=40 best=4.707106781 basins=10 3.42h
[888] seed 7000889 structured hops=40 best=4.707106781 basins=7 3.42h
[889] seed 7000891 random     hops=40 best=4.707106781 basins=5 3.42h
[890] seed 7000890 neighbour  hops=40 best=4.707106781 basins=11 3.42h
[891] seed 7000892 random     hops=40 best=4.707106781 basins=3 3.42h
[892] seed 7000893 structured hops=40 best=4.707106781 basins=4 3.42h
[893] seed 7000895 random     hops=40 best=4.707106781 basins=5 3.42h
[894] seed 7000894 neighbour  hops=40 best=4.707106781 basins=9 3.42h
[895] seed 7000896 random     hops=40 best=4.707106781 basins=7 3.42h
[896] seed 7000897 structured hops=40 best=4.707106781 basins=4 3.42h
[897] seed 7000900 random     hops=40 best=4.707106781 basins=7 3.43h
[898] seed 7000899 random     hops=40 best=4.707106781 basins=8 3.43h
[899] seed 7000901 structured hops=40 best=5.000000000 basins=1 3.43h
[900] seed 7000902 neighbour  hops=40 best=4.707106781 basins=12 3.43h
[901] seed 7000898 neighbour  hops=40 best=4.707106781 basins=5 3.43h
[902] seed 7000903 random     hops=40 best=4.707106781 basins=6 3.43h
[903] seed 7000904 random     hops=40 best=4.707106781 basins=10 3.43h
[904] seed 7000906 neighbour  hops=40 best=4.707106781 basins=7 3.43h
[905] seed 7000908 random     hops=40 best=4.707106781 basins=5 3.43h
[906] seed 7000907 random     hops=40 best=4.707106781 basins=5 3.43h
[907] seed 7000909 structured hops=40 best=4.707106781 basins=3 3.43h
[908] seed 7000884 random     hops=40 best=4.707106781 basins=11 3.43h
[909] seed 7000911 random     hops=40 best=4.707106781 basins=4 3.43h
[910] seed 7000910 neighbour  hops=40 best=4.707106781 basins=6 3.43h
[911] seed 7000912 random     hops=40 best=4.707106781 basins=5 3.43h
[912] seed 7000913 structured hops=40 best=4.707106781 basins=5 3.43h
[913] seed 7000905 structured hops=40 best=4.707106781 basins=6 3.43h
[914] seed 7000915 random     hops=40 best=4.707106781 basins=3 3.43h
[915] seed 7000917 structured hops=40 best=4.707106781 basins=6 3.43h
[916] seed 7000918 neighbour  hops=40 best=4.707106781 basins=9 3.43h
[917] seed 7000916 random     hops=40 best=4.728581300 basins=4 3.43h
[918] seed 7000920 random     hops=40 best=4.707106781 basins=2 3.43h
[919] seed 7000883 random     hops=40 best=4.707106781 basins=6 3.44h
[920] seed 7000921 structured hops=40 best=4.707106781 basins=4 3.44h
[921] seed 7000923 random     hops=40 best=5.000000000 basins=1 3.44h
[922] seed 7000922 neighbour  hops=40 best=4.707106781 basins=12 3.44h
[923] seed 7000924 random     hops=40 best=4.707106781 basins=9 3.44h
[924] seed 7000925 structured hops=40 best=4.707106781 basins=6 3.44h
[925] seed 7000926 neighbour  hops=40 best=4.707106781 basins=6 3.44h
[926] seed 7000914 neighbour  hops=40 best=4.707106781 basins=11 3.44h
[927] seed 7000927 random     hops=40 best=4.707106781 basins=7 3.44h
[928] seed 7000928 random     hops=40 best=5.000000000 basins=1 3.44h
[929] seed 7000930 neighbour  hops=40 best=4.707106781 basins=8 3.44h
[930] seed 7000932 random     hops=40 best=4.707106781 basins=7 3.44h
[931] seed 7000931 random     hops=40 best=4.728581300 basins=13 3.44h
[932] seed 7000933 structured hops=40 best=4.707106781 basins=6 3.44h
[933] seed 7000936 random     hops=40 best=4.707106781 basins=4 3.44h
[934] seed 7000935 random     hops=40 best=4.707106781 basins=8 3.44h
[935] seed 7000929 structured hops=40 best=4.677648295 basins=15 3.44h
[936] seed 7000934 neighbour  hops=40 best=4.707106781 basins=5 3.44h
[937] seed 7000937 structured hops=40 best=4.707106781 basins=6 3.44h
[938] seed 7000939 random     hops=40 best=4.707106781 basins=7 3.44h
[939] seed 7000941 structured hops=40 best=4.707106781 basins=2 3.44h
[940] seed 7000938 neighbour  hops=40 best=4.707106781 basins=8 3.44h
[941] seed 7000940 random     hops=40 best=4.707106781 basins=3 3.44h
[942] seed 7000944 random     hops=40 best=4.803539307 basins=2 3.45h
[943] seed 7000945 structured hops=40 best=4.707106781 basins=5 3.45h
[944] seed 7000919 random     hops=40 best=4.707106781 basins=7 3.45h
[945] seed 7000946 neighbour  hops=40 best=4.707106781 basins=5 3.45h
[946] seed 7000948 random     hops=40 best=4.707106781 basins=6 3.45h
[947] seed 7000949 structured hops=40 best=5.000000000 basins=1 3.45h
[948] seed 7000950 neighbour  hops=40 best=4.707106781 basins=13 3.45h
[949] seed 7000951 random     hops=40 best=4.707106781 basins=6 3.45h
[950] seed 7000953 structured hops=40 best=4.707106781 basins=6 3.45h
[951] seed 7000952 random     hops=40 best=4.675530094 basins=19 3.45h
[952] seed 7000954 neighbour  hops=40 best=4.707106781 basins=3 3.45h
[953] seed 7000942 neighbour  hops=40 best=4.707106781 basins=12 3.45h
[954] seed 7000955 random     hops=40 best=4.707106781 basins=4 3.45h
[955] seed 7000957 structured hops=40 best=4.707106781 basins=4 3.45h
[956] seed 7000959 random     hops=40 best=4.707106781 basins=2 3.45h
[957] seed 7000956 random     hops=40 best=4.707106781 basins=2 3.45h
[958] seed 7000960 random     hops=40 best=4.707106781 basins=7 3.45h
[959] seed 7000958 neighbour  hops=40 best=4.707106781 basins=12 3.45h
[960] seed 7000961 structured hops=40 best=4.707106781 basins=2 3.45h
[961] seed 7000962 neighbour  hops=40 best=4.707106781 basins=5 3.45h
[962] seed 7000964 random     hops=40 best=4.707106781 basins=11 3.45h
[963] seed 7000947 random     hops=40 best=4.707106781 basins=10 3.45h
[964] seed 7000963 random     hops=40 best=4.707106781 basins=7 3.45h
[965] seed 7000965 structured hops=40 best=4.707106781 basins=3 3.45h
[966] seed 7000943 random     hops=40 best=4.707106781 basins=20 3.45h
[967] seed 7000966 neighbour  hops=40 best=4.707106781 basins=10 3.46h
[968] seed 7000970 neighbour  hops=40 best=4.707106781 basins=5 3.46h
[969] seed 7000969 structured hops=40 best=4.707106781 basins=4 3.46h
[970] seed 7000968 random     hops=40 best=4.707106781 basins=6 3.46h
[971] seed 7000972 random     hops=40 best=4.707106781 basins=3 3.46h
[972] seed 7000971 random     hops=40 best=4.707106781 basins=4 3.46h
[973] seed 7000973 structured hops=40 best=4.707106781 basins=7 3.46h
[974] seed 7000976 random     hops=40 best=5.000000000 basins=1 3.46h
[975] seed 7000975 random     hops=40 best=4.707106781 basins=5 3.46h
[976] seed 7000979 random     hops=40 best=4.707106781 basins=5 3.46h
[977] seed 7000977 structured hops=40 best=4.707106781 basins=6 3.46h
[978] seed 7000978 neighbour  hops=40 best=4.707106781 basins=7 3.46h
[979] seed 7000980 random     hops=40 best=4.707106781 basins=8 3.46h
[980] seed 7000981 structured hops=40 best=4.707106781 basins=3 3.46h
[981] seed 7000983 random     hops=40 best=4.707106781 basins=7 3.47h
[982] seed 7000982 neighbour  hops=40 best=4.707106781 basins=7 3.47h
[983] seed 7000984 random     hops=40 best=4.707106781 basins=6 3.47h
[984] seed 7000985 structured hops=40 best=4.707106781 basins=7 3.47h
[985] seed 7000987 random     hops=40 best=4.707106781 basins=4 3.47h
[986] seed 7000989 structured hops=40 best=4.707106781 basins=5 3.47h
[987] seed 7000991 random     hops=40 best=4.707106781 basins=4 3.47h
[988] seed 7000990 neighbour  hops=40 best=4.707106781 basins=8 3.47h
[989] seed 7000988 random     hops=40 best=4.707106781 basins=11 3.47h
[990] seed 7000967 random     hops=40 best=4.707106781 basins=20 3.47h
[991] seed 7000992 random     hops=40 best=4.707106781 basins=8 3.47h
[992] seed 7000993 structured hops=40 best=4.707106781 basins=5 3.47h
[993] seed 7000974 neighbour  hops=40 best=4.677648295 basins=21 3.47h
[994] seed 7000994 neighbour  hops=40 best=4.707106781 basins=6 3.47h
[995] seed 7000995 random     hops=40 best=4.707106781 basins=3 3.47h
[996] seed 7000996 random     hops=40 best=5.000000000 basins=1 3.47h
[997] seed 7000986 neighbour  hops=40 best=4.707106781 basins=10 3.47h
[998] seed 7000997 structured hops=40 best=4.707106781 basins=10 3.47h
[999] seed 7001001 structured hops=40 best=4.707106781 basins=5 3.47h
[1000] seed 7000999 random     hops=40 best=4.707106781 basins=5 3.47h
[1001] seed 7000998 neighbour  hops=40 best=4.707106781 basins=7 3.47h
[1002] seed 7001000 random     hops=40 best=4.707106781 basins=9 3.47h
[1003] seed 7001003 random     hops=40 best=4.707106781 basins=5 3.47h
[1004] seed 7001002 neighbour  hops=40 best=4.707106781 basins=8 3.47h
[1005] seed 7001004 random     hops=40 best=4.707106781 basins=8 3.48h
[1006] seed 7001005 structured hops=40 best=4.707106781 basins=5 3.48h
[1007] seed 7001008 random     hops=40 best=4.707106781 basins=5 3.48h
[1008] seed 7001007 random     hops=40 best=4.707106781 basins=5 3.48h
[1009] seed 7001006 neighbour  hops=40 best=4.707106781 basins=5 3.48h
[1010] seed 7001009 structured hops=40 best=4.707106781 basins=4 3.48h
[1011] seed 7001010 neighbour  hops=40 best=4.707106781 basins=12 3.48h
[1012] seed 7001012 random     hops=40 best=4.707106781 basins=5 3.48h
[1013] seed 7001013 structured hops=40 best=4.707106781 basins=3 3.48h
[1014] seed 7001016 random     hops=40 best=4.707106781 basins=4 3.48h
[1015] seed 7001015 random     hops=40 best=4.707106781 basins=8 3.48h
[1016] seed 7001017 structured hops=40 best=4.707106781 basins=3 3.48h
[1017] seed 7001019 random     hops=40 best=4.707106781 basins=5 3.48h
[1018] seed 7001020 random     hops=40 best=4.707106781 basins=4 3.48h
[1019] seed 7001023 random     hops=40 best=4.707106781 basins=4 3.48h
[1020] seed 7001021 structured hops=40 best=4.707106781 basins=4 3.48h
[1021] seed 7001022 neighbour  hops=40 best=4.707106781 basins=6 3.48h
[1022] seed 7001024 random     hops=40 best=4.707106781 basins=3 3.48h
[1023] seed 7001025 structured hops=40 best=4.707106781 basins=3 3.48h
[1024] seed 7001011 random     hops=40 best=4.707106781 basins=5 3.48h
[1025] seed 7001026 neighbour  hops=40 best=4.707106781 basins=8 3.48h
[1026] seed 7001027 random     hops=40 best=4.707106781 basins=4 3.48h
[1027] seed 7001014 neighbour  hops=40 best=4.707106781 basins=12 3.48h
[1028] seed 7001028 random     hops=40 best=4.707106781 basins=7 3.49h
[1029] seed 7001031 random     hops=40 best=4.707106781 basins=3 3.49h
[1030] seed 7001018 neighbour  hops=40 best=4.707106781 basins=21 3.49h
[1031] seed 7001029 structured hops=40 best=4.707106781 basins=7 3.49h
[1032] seed 7001032 random     hops=40 best=4.707106781 basins=4 3.49h
[1033] seed 7001033 structured hops=40 best=4.707106781 basins=5 3.49h
[1034] seed 7001034 neighbour  hops=40 best=4.707106781 basins=12 3.49h
[1035] seed 7001037 structured hops=40 best=4.707106781 basins=3 3.49h
[1036] seed 7001039 random     hops=40 best=4.707106781 basins=9 3.49h
[1037] seed 7001036 random     hops=40 best=4.707106781 basins=9 3.49h
[1038] seed 7001038 neighbour  hops=40 best=4.707106781 basins=6 3.49h
[1039] seed 7001040 random     hops=40 best=4.707106781 basins=7 3.49h
[1040] seed 7001035 random     hops=0 best=none basins=0 3.49h
[1041] seed 7001041 structured hops=40 best=4.707106781 basins=3 3.49h
[1042] seed 7001043 random     hops=40 best=4.707106781 basins=8 3.49h
[1043] seed 7001042 neighbour  hops=40 best=4.707106781 basins=4 3.49h
[1044] seed 7001044 random     hops=40 best=4.707106781 basins=6 3.49h
[1045] seed 7001030 neighbour  hops=40 best=4.707106781 basins=9 3.49h
[1046] seed 7001045 structured hops=40 best=4.707106781 basins=7 3.49h
[1047] seed 7001046 neighbour  hops=40 best=4.707106781 basins=10 3.49h
[1048] seed 7001047 random     hops=40 best=4.707106781 basins=8 3.49h
[1049] seed 7001048 random     hops=40 best=4.707106781 basins=6 3.50h
[1050] seed 7001049 structured hops=40 best=4.707106781 basins=5 3.50h
[1051] seed 7001051 random     hops=40 best=4.707106781 basins=4 3.50h
[1052] seed 7001052 random     hops=40 best=4.707106781 basins=4 3.50h
[1053] seed 7001053 structured hops=40 best=4.707106781 basins=6 3.50h
[1054] seed 7001054 neighbour  hops=40 best=4.707106781 basins=5 3.50h
[1055] seed 7001055 random     hops=40 best=4.707106781 basins=9 3.50h
[1056] seed 7001057 structured hops=40 best=4.707106781 basins=6 3.50h
[1057] seed 7001050 neighbour  hops=40 best=4.707106781 basins=12 3.50h
[1058] seed 7001056 random     hops=40 best=4.677648295 basins=17 3.50h
[1059] seed 7001058 neighbour  hops=40 best=4.707106781 basins=5 3.50h
[1060] seed 7001059 random     hops=40 best=4.707106781 basins=9 3.50h
[1061] seed 7001060 random     hops=40 best=4.707106781 basins=3 3.50h
[1062] seed 7001061 structured hops=40 best=4.707106781 basins=6 3.50h
[1063] seed 7001062 neighbour  hops=40 best=4.677648295 basins=17 3.50h
[1064] seed 7001064 random     hops=40 best=5.000000000 basins=1 3.50h
[1065] seed 7001065 structured hops=40 best=4.707106781 basins=6 3.50h
[1066] seed 7001063 random     hops=40 best=4.707106781 basins=10 3.50h
[1067] seed 7001067 random     hops=40 best=4.707106781 basins=8 3.50h
[1068] seed 7001068 random     hops=40 best=4.707106781 basins=5 3.50h
[1069] seed 7001069 structured hops=40 best=4.707106781 basins=8 3.51h
[1070] seed 7001066 neighbour  hops=40 best=4.707106781 basins=9 3.51h
[1071] seed 7001072 random     hops=40 best=5.000000000 basins=1 3.51h
[1072] seed 7001073 structured hops=40 best=4.707106781 basins=7 3.51h
[1073] seed 7001071 random     hops=40 best=4.707106781 basins=8 3.51h
[1074] seed 7001074 neighbour  hops=40 best=4.707106781 basins=6 3.51h
[1075] seed 7001075 random     hops=40 best=4.707106781 basins=7 3.51h
[1076] seed 7001070 neighbour  hops=40 best=4.677648295 basins=16 3.51h
[1077] seed 7001076 random     hops=40 best=4.707106781 basins=7 3.51h
[1078] seed 7001077 structured hops=40 best=4.707106781 basins=5 3.51h
[1079] seed 7001078 neighbour  hops=40 best=4.707106781 basins=15 3.51h
[1080] seed 7001079 random     hops=40 best=4.707106781 basins=6 3.51h
[1081] seed 7001080 random     hops=40 best=4.728581300 basins=5 3.51h
[1082] seed 7001081 structured hops=40 best=4.707106781 basins=9 3.51h
[1083] seed 7001082 neighbour  hops=40 best=4.707106781 basins=5 3.51h
[1084] seed 7001083 random     hops=40 best=4.707106781 basins=6 3.51h
[1085] seed 7001085 structured hops=40 best=4.707106781 basins=3 3.51h
[1086] seed 7001084 random     hops=40 best=4.707106781 basins=4 3.51h
[1087] seed 7001087 random     hops=40 best=4.677648295 basins=16 3.51h
[1088] seed 7001086 neighbour  hops=40 best=4.707106781 basins=10 3.51h
[1089] seed 7001088 random     hops=40 best=4.707106781 basins=4 3.51h
[1090] seed 7001089 structured hops=40 best=4.707106781 basins=5 3.51h
[1091] seed 7001092 random     hops=40 best=4.707106781 basins=5 3.52h
[1092] seed 7001091 random     hops=40 best=4.707106781 basins=5 3.52h
[1093] seed 7001093 structured hops=40 best=4.707106781 basins=9 3.52h
[1094] seed 7001094 neighbour  hops=40 best=4.707106781 basins=7 3.52h
[1095] seed 7001095 random     hops=40 best=4.707106781 basins=3 3.52h
[1096] seed 7001097 structured hops=40 best=4.707106781 basins=7 3.52h
[1097] seed 7001090 neighbour  hops=40 best=4.728581300 basins=13 3.52h
[1098] seed 7001096 random     hops=40 best=4.707106781 basins=9 3.52h
[1099] seed 7001099 random     hops=40 best=4.707106781 basins=10 3.52h
[1100] seed 7001102 neighbour  hops=40 best=4.728581300 basins=6 3.52h
[1101] seed 7001100 random     hops=40 best=4.767766953 basins=2 3.52h
[1102] seed 7001103 random     hops=40 best=4.707106781 basins=1 3.52h
[1103] seed 7001105 structured hops=40 best=4.707106781 basins=4 3.52h
[1104] seed 7001104 random     hops=40 best=4.707106781 basins=3 3.52h
[1105] seed 7001106 neighbour  hops=40 best=4.707106781 basins=5 3.52h
[1106] seed 7001098 neighbour  hops=40 best=4.707106781 basins=10 3.52h
[1107] seed 7001107 random     hops=40 best=4.707106781 basins=5 3.53h
[1108] seed 7001108 random     hops=40 best=4.707106781 basins=2 3.53h
[1109] seed 7001111 random     hops=40 best=5.000000000 basins=1 3.53h
[1110] seed 7001110 neighbour  hops=40 best=4.677648295 basins=15 3.53h
[1111] seed 7001112 random     hops=40 best=4.707106781 basins=6 3.53h
[1112] seed 7001114 neighbour  hops=40 best=4.707106781 basins=4 3.53h
[1113] seed 7001115 random     hops=40 best=4.707106781 basins=5 3.53h
[1114] seed 7001116 random     hops=40 best=4.707106781 basins=4 3.53h
[1115] seed 7001117 structured hops=40 best=4.886746029 basins=2 3.53h
[1116] seed 7001101 structured hops=40 best=4.707106781 basins=7 3.53h
[1117] seed 7001119 random     hops=40 best=4.707106781 basins=5 3.53h
[1118] seed 7001120 random     hops=40 best=5.000000000 basins=1 3.53h
[1119] seed 7001118 neighbour  hops=40 best=4.707106781 basins=16 3.53h
[1120] seed 7001121 structured hops=40 best=4.707106781 basins=5 3.53h
[1121] seed 7001109 structured hops=40 best=4.707106781 basins=6 3.53h
[1122] seed 7001123 random     hops=40 best=4.707106781 basins=14 3.53h
[1123] seed 7001122 neighbour  hops=40 best=4.707106781 basins=5 3.53h
[1124] seed 7001125 structured hops=40 best=4.707106781 basins=3 3.53h
[1125] seed 7001113 structured hops=40 best=4.767766953 basins=5 3.53h
[1126] seed 7001126 neighbour  hops=40 best=4.707106781 basins=6 3.54h
[1127] seed 7001128 random     hops=40 best=4.707106781 basins=3 3.54h
[1128] seed 7001127 random     hops=40 best=4.707106781 basins=3 3.54h
[1129] seed 7001129 structured hops=40 best=4.707106781 basins=7 3.54h
[1130] seed 7001130 neighbour  hops=40 best=4.707106781 basins=5 3.54h
[1131] seed 7001132 random     hops=40 best=4.707106781 basins=3 3.54h
[1132] seed 7001131 random     hops=40 best=4.707106781 basins=10 3.54h
[1133] seed 7001133 structured hops=40 best=5.000000000 basins=1 3.54h
[1134] seed 7001134 neighbour  hops=40 best=4.707106781 basins=8 3.54h
[1135] seed 7001124 random     hops=40 best=4.707106781 basins=9 3.54h
[1136] seed 7001135 random     hops=40 best=4.707106781 basins=7 3.54h
[1137] seed 7001136 random     hops=40 best=4.707106781 basins=7 3.54h
[1138] seed 7001137 structured hops=40 best=4.707106781 basins=3 3.54h
[1139] seed 7001138 neighbour  hops=40 best=4.707106781 basins=11 3.54h
[1140] seed 7001139 random     hops=40 best=4.707106781 basins=11 3.54h
[1141] seed 7001140 random     hops=40 best=4.707106781 basins=3 3.54h
[1142] seed 7001141 structured hops=40 best=4.707106781 basins=6 3.54h
[1143] seed 7001142 neighbour  hops=40 best=4.707106781 basins=7 3.54h
[1144] seed 7001143 random     hops=40 best=4.707106781 basins=7 3.54h
[1145] seed 7001144 random     hops=40 best=4.707106781 basins=6 3.54h
[1146] seed 7001145 structured hops=40 best=4.728581300 basins=10 3.54h
[1147] seed 7001146 neighbour  hops=40 best=4.707106781 basins=10 3.54h
[1148] seed 7001147 random     hops=40 best=4.707106781 basins=5 3.54h
[1149] seed 7001148 random     hops=40 best=4.707106781 basins=4 3.55h
[1150] seed 7001149 structured hops=40 best=4.707106781 basins=5 3.55h
[1151] seed 7001151 random     hops=40 best=4.707106781 basins=6 3.55h
[1152] seed 7001150 neighbour  hops=40 best=4.707106781 basins=4 3.55h
[1153] seed 7001152 random     hops=40 best=4.707106781 basins=6 3.55h
[1154] seed 7001154 neighbour  hops=40 best=4.707106781 basins=5 3.55h
[1155] seed 7001155 random     hops=40 best=4.707106781 basins=3 3.55h
[1156] seed 7001156 random     hops=40 best=4.707106781 basins=5 3.55h
[1157] seed 7001157 structured hops=40 best=4.707106781 basins=7 3.55h
[1158] seed 7001158 neighbour  hops=40 best=4.707106781 basins=5 3.55h
[1159] seed 7001159 random     hops=40 best=4.707106781 basins=6 3.55h
[1160] seed 7001160 random     hops=40 best=4.707106781 basins=7 3.55h
[1161] seed 7001161 structured hops=40 best=4.707106781 basins=3 3.55h
[1162] seed 7001163 random     hops=40 best=4.707106781 basins=3 3.55h
[1163] seed 7001165 structured hops=40 best=5.000000000 basins=1 3.55h
[1164] seed 7001164 random     hops=40 best=4.707106781 basins=6 3.55h
[1165] seed 7001162 neighbour  hops=40 best=4.707106781 basins=10 3.55h
[1166] seed 7001167 random     hops=40 best=5.000000000 basins=1 3.55h
[1167] seed 7001168 random     hops=40 best=4.707106781 basins=3 3.55h
[1168] seed 7001153 structured hops=40 best=4.707106781 basins=6 3.55h
[1169] seed 7001169 structured hops=40 best=4.707106781 basins=7 3.55h
[1170] seed 7001171 random     hops=40 best=4.728581300 basins=6 3.55h
[1171] seed 7001170 neighbour  hops=40 best=4.683831321 basins=11 3.55h
[1172] seed 7001172 random     hops=40 best=4.707106781 basins=4 3.56h
[1173] seed 7001173 structured hops=40 best=4.707106781 basins=5 3.56h
[1174] seed 7001175 random     hops=40 best=4.707106781 basins=14 3.56h
[1175] seed 7001176 random     hops=40 best=4.707106781 basins=8 3.56h
[1176] seed 7001177 structured hops=40 best=4.707106781 basins=4 3.56h
[1177] seed 7001178 neighbour  hops=40 best=4.707106781 basins=6 3.56h
[1178] seed 7001180 random     hops=40 best=4.707106781 basins=6 3.56h
[1179] seed 7001179 random     hops=40 best=4.707106781 basins=3 3.56h
[1180] seed 7001181 structured hops=40 best=4.707106781 basins=8 3.56h
[1181] seed 7001182 neighbour  hops=40 best=4.707106781 basins=4 3.56h
[1182] seed 7001183 random     hops=40 best=4.707106781 basins=4 3.56h
[1183] seed 7001184 random     hops=40 best=4.707106781 basins=4 3.56h
[1184] seed 7001185 structured hops=40 best=5.000000000 basins=1 3.56h
[1185] seed 7001186 neighbour  hops=40 best=4.707106781 basins=6 3.56h
[1186] seed 7001189 structured hops=40 best=4.707106781 basins=5 3.56h
[1187] seed 7001187 random     hops=40 best=4.707106781 basins=6 3.56h
[1188] seed 7001174 neighbour  hops=40 best=4.707106781 basins=9 3.56h
[1189] seed 7001190 neighbour  hops=40 best=4.707106781 basins=7 3.56h
[1190] seed 7001188 random     hops=40 best=4.677648295 basins=17 3.56h
[1191] seed 7001192 random     hops=40 best=4.767766953 basins=4 3.57h
[1192] seed 7001193 structured hops=40 best=4.707106781 basins=6 3.57h
[1193] seed 7001195 random     hops=40 best=4.707106781 basins=9 3.57h
[1194] seed 7001194 neighbour  hops=40 best=4.707106781 basins=7 3.57h
[1195] seed 7001196 random     hops=40 best=4.707106781 basins=3 3.57h
[1196] seed 7001197 structured hops=40 best=4.707106781 basins=5 3.57h
[1197] seed 7001166 neighbour  hops=40 best=4.711321814 basins=13 3.57h
[1198] seed 7001198 neighbour  hops=40 best=4.707106781 basins=9 3.57h
[1199] seed 7001200 random     hops=40 best=4.707106781 basins=4 3.57h
[1200] seed 7001201 structured hops=40 best=4.707106781 basins=9 3.57h
[1201] seed 7001191 random     hops=40 best=4.707106781 basins=11 3.57h
[1202] seed 7001203 random     hops=40 best=4.707106781 basins=2 3.57h
[1203] seed 7001204 random     hops=40 best=4.707106781 basins=4 3.57h
[1204] seed 7001202 neighbour  hops=40 best=4.707106781 basins=9 3.57h
[1205] seed 7001205 structured hops=40 best=4.707106781 basins=6 3.57h
[1206] seed 7001207 random     hops=40 best=4.707106781 basins=2 3.57h
[1207] seed 7001208 random     hops=40 best=4.707106781 basins=7 3.57h
[1208] seed 7001206 neighbour  hops=40 best=4.707106781 basins=8 3.57h
[1209] seed 7001209 structured hops=40 best=5.000000000 basins=1 3.57h
[1210] seed 7001210 neighbour  hops=40 best=4.707106781 basins=4 3.57h
[1211] seed 7001211 random     hops=40 best=4.707106781 basins=6 3.57h
[1212] seed 7001212 random     hops=40 best=4.707106781 basins=6 3.57h
[1213] seed 7001214 neighbour  hops=40 best=4.707106781 basins=4 3.58h
[1214] seed 7001213 structured hops=40 best=5.000000000 basins=1 3.58h
[1215] seed 7001215 random     hops=40 best=4.707106781 basins=8 3.58h
[1216] seed 7001216 random     hops=40 best=4.707106781 basins=8 3.58h
[1217] seed 7001217 structured hops=40 best=4.707106781 basins=7 3.58h
[1218] seed 7001219 random     hops=40 best=4.707106781 basins=4 3.58h
[1219] seed 7001221 structured hops=40 best=4.707106781 basins=3 3.58h
[1220] seed 7001223 random     hops=40 best=5.000000000 basins=1 3.58h
[1221] seed 7001224 random     hops=40 best=5.000000000 basins=1 3.58h
[1222] seed 7001226 neighbour  hops=40 best=4.707106781 basins=10 3.58h
[1223] seed 7001228 random     hops=40 best=4.707106781 basins=3 3.58h
[1224] seed 7001227 random     hops=40 best=4.707106781 basins=8 3.58h
[1225] seed 7001199 random     hops=40 best=4.707106781 basins=6 3.58h
[1226] seed 7001229 structured hops=40 best=4.707106781 basins=4 3.58h
[1227] seed 7001230 neighbour  hops=40 best=4.707106781 basins=11 3.58h
[1228] seed 7001220 random     hops=40 best=4.707106781 basins=10 3.58h
[1229] seed 7001231 random     hops=40 best=4.707106781 basins=8 3.58h
[1230] seed 7001225 structured hops=40 best=4.707106781 basins=8 3.58h
[1231] seed 7001233 structured hops=40 best=4.707106781 basins=5 3.58h
[1232] seed 7001218 neighbour  hops=40 best=4.707106781 basins=12 3.58h
[1233] seed 7001234 neighbour  hops=40 best=4.707106781 basins=4 3.58h
[1234] seed 7001235 random     hops=40 best=4.707106781 basins=5 3.59h
[1235] seed 7001237 structured hops=40 best=4.728581300 basins=7 3.59h
[1236] seed 7001222 neighbour  hops=40 best=4.707106781 basins=13 3.59h
[1237] seed 7001236 random     hops=40 best=4.707106781 basins=15 3.59h
[1238] seed 7001239 random     hops=40 best=4.707106781 basins=4 3.59h
[1239] seed 7001241 structured hops=40 best=4.822875656 basins=3 3.59h
[1240] seed 7001240 random     hops=40 best=4.707106781 basins=6 3.59h
[1241] seed 7001243 random     hops=40 best=4.707106781 basins=3 3.59h
[1242] seed 7001242 neighbour  hops=40 best=4.707106781 basins=6 3.59h
[1243] seed 7001244 random     hops=40 best=4.707106781 basins=5 3.59h
[1244] seed 7001245 structured hops=40 best=4.707106781 basins=7 3.59h
[1245] seed 7001249 structured hops=40 best=4.707106781 basins=3 3.59h
[1246] seed 7001248 random     hops=40 best=4.707106781 basins=5 3.59h
[1247] seed 7001250 neighbour  hops=40 best=4.707106781 basins=7 3.59h
[1248] seed 7001251 random     hops=40 best=4.707106781 basins=4 3.59h
[1249] seed 7001256 random     hops=40 best=4.707106781 basins=6 3.59h
[1250] seed 7001252 random     hops=40 best=4.707106781 basins=8 3.59h
[1251] seed 7001254 neighbour  hops=40 best=4.707106781 basins=7 3.59h
[1252] seed 7001253 structured hops=40 best=4.707106781 basins=4 3.59h
[1253] seed 7001255 random     hops=40 best=4.677648295 basins=18 3.59h
[1254] seed 7001257 structured hops=40 best=4.707106781 basins=7 3.60h
[1255] seed 7001247 random     hops=40 best=4.707106781 basins=6 3.60h
[1256] seed 7001259 random     hops=40 best=4.707106781 basins=5 3.60h
[1257] seed 7001258 neighbour  hops=40 best=4.707106781 basins=6 3.60h
[1258] seed 7001260 random     hops=40 best=4.707106781 basins=6 3.60h
[1259] seed 7001261 structured hops=40 best=4.707106781 basins=3 3.60h
[1260] seed 7001246 neighbour  hops=40 best=4.707106781 basins=13 3.60h
[1261] seed 7001265 structured hops=40 best=5.000000000 basins=1 3.60h
[1262] seed 7001262 neighbour  hops=40 best=4.707106781 basins=6 3.60h
[1263] seed 7001263 random     hops=40 best=4.707106781 basins=3 3.60h
[1264] seed 7001264 random     hops=40 best=4.707106781 basins=7 3.60h
[1265] seed 7001266 neighbour  hops=40 best=4.707106781 basins=7 3.60h
[1266] seed 7001267 random     hops=40 best=5.000000000 basins=1 3.60h
[1267] seed 7001238 neighbour  hops=40 best=4.677648295 basins=12 3.60h
[1268] seed 7001269 structured hops=40 best=4.707106781 basins=5 3.60h
[1269] seed 7001268 random     hops=40 best=4.707106781 basins=3 3.60h
[1270] seed 7001271 random     hops=40 best=4.707106781 basins=8 3.60h
[1271] seed 7001270 neighbour  hops=40 best=4.707106781 basins=9 3.60h
[1272] seed 7001272 random     hops=40 best=4.707106781 basins=4 3.60h
[1273] seed 7001273 structured hops=40 best=4.707106781 basins=3 3.61h
[1274] seed 7001274 neighbour  hops=40 best=4.707106781 basins=6 3.61h
[1275] seed 7001276 random     hops=40 best=4.707106781 basins=10 3.61h
[1276] seed 7001275 random     hops=40 best=4.707106781 basins=4 3.61h
[1277] seed 7001277 structured hops=40 best=4.707106781 basins=4 3.61h
[1278] seed 7001280 random     hops=40 best=5.000000000 basins=1 3.61h
[1279] seed 7001232 random     hops=40 best=4.707106781 basins=9 3.61h
[1280] seed 7001279 random     hops=40 best=4.707106781 basins=4 3.61h
[1281] seed 7001278 neighbour  hops=40 best=4.707106781 basins=5 3.61h
[1282] seed 7001281 structured hops=40 best=4.707106781 basins=3 3.61h
[1283] seed 7001282 neighbour  hops=40 best=4.707106781 basins=5 3.61h
[1284] seed 7001284 random     hops=40 best=4.707106781 basins=4 3.61h
[1285] seed 7001283 random     hops=40 best=4.707106781 basins=8 3.61h
[1286] seed 7001285 structured hops=40 best=4.707106781 basins=6 3.61h
[1287] seed 7001286 neighbour  hops=40 best=4.707106781 basins=6 3.61h
[1288] seed 7001288 random     hops=40 best=4.707106781 basins=5 3.61h
[1289] seed 7001289 structured hops=40 best=4.707106781 basins=3 3.61h
[1290] seed 7001290 neighbour  hops=40 best=4.707106781 basins=9 3.61h
[1291] seed 7001291 random     hops=40 best=4.707106781 basins=5 3.61h
[1292] seed 7001293 structured hops=40 best=4.707106781 basins=7 3.61h
[1293] seed 7001292 random     hops=40 best=4.707106781 basins=8 3.61h
[1294] seed 7001294 neighbour  hops=40 best=4.707106781 basins=8 3.61h
[1295] seed 7001295 random     hops=40 best=4.707106781 basins=4 3.61h
[1296] seed 7001287 random     hops=40 best=4.711321814 basins=12 3.61h
[1297] seed 7001297 structured hops=40 best=4.707106781 basins=3 3.62h
[1298] seed 7001298 neighbour  hops=40 best=4.707106781 basins=9 3.62h
[1299] seed 7001299 random     hops=40 best=4.707106781 basins=6 3.62h
[1300] seed 7001300 random     hops=40 best=4.707106781 basins=7 3.62h
[1301] seed 7001301 structured hops=40 best=4.707106781 basins=5 3.62h
[1302] seed 7001303 random     hops=40 best=4.707106781 basins=6 3.62h
[1303] seed 7001302 neighbour  hops=40 best=4.707106781 basins=5 3.62h
[1304] seed 7001304 random     hops=40 best=4.707106781 basins=4 3.62h
[1305] seed 7001305 structured hops=40 best=4.707106781 basins=6 3.62h
[1306] seed 7001307 random     hops=40 best=4.707106781 basins=4 3.62h
[1307] seed 7001309 structured hops=40 best=4.707106781 basins=8 3.62h
[1308] seed 7001308 random     hops=40 best=4.707106781 basins=9 3.62h
[1309] seed 7001310 neighbour  hops=40 best=4.707106781 basins=9 3.62h
[1310] seed 7001311 random     hops=40 best=5.000000000 basins=1 3.62h
[1311] seed 7001313 structured hops=40 best=5.000000000 basins=1 3.62h
[1312] seed 7001316 random     hops=40 best=4.707106781 basins=5 3.62h
[1313] seed 7001296 random     hops=40 best=4.677648295 basins=13 3.62h
[1314] seed 7001314 neighbour  hops=40 best=4.707106781 basins=12 3.62h
[1315] seed 7001317 structured hops=40 best=4.707106781 basins=4 3.63h
[1316] seed 7001306 neighbour  hops=40 best=4.707106781 basins=6 3.63h
[1317] seed 7001318 neighbour  hops=40 best=4.707106781 basins=8 3.63h
[1318] seed 7001319 random     hops=40 best=4.707106781 basins=5 3.63h
[1319] seed 7001320 random     hops=40 best=4.707106781 basins=2 3.63h
[1320] seed 7001321 structured hops=40 best=5.000000000 basins=1 3.63h
[1321] seed 7001322 neighbour  hops=40 best=4.707106781 basins=5 3.63h
[1322] seed 7001315 random     hops=40 best=4.677648295 basins=15 3.63h
[1323] seed 7001323 random     hops=40 best=4.707106781 basins=6 3.63h
[1324] seed 7001324 random     hops=40 best=4.707106781 basins=15 3.63h
[1325] seed 7001326 neighbour  hops=40 best=4.707106781 basins=9 3.63h
[1326] seed 7001327 random     hops=40 best=4.707106781 basins=6 3.63h
[1327] seed 7001312 random     hops=40 best=4.707106781 basins=10 3.63h
[1328] seed 7001325 structured hops=40 best=4.728581300 basins=6 3.63h
[1329] seed 7001328 random     hops=40 best=4.677648295 basins=9 3.63h
[1330] seed 7001329 structured hops=40 best=4.707106781 basins=4 3.63h
[1331] seed 7001330 neighbour  hops=40 best=4.707106781 basins=10 3.63h
[1332] seed 7001331 random     hops=40 best=4.707106781 basins=5 3.63h
[1333] seed 7001332 random     hops=40 best=4.707106781 basins=6 3.63h
[1334] seed 7001333 structured hops=40 best=4.707106781 basins=6 3.63h
[1335] seed 7001334 neighbour  hops=40 best=4.707106781 basins=4 3.64h
[1336] seed 7001335 random     hops=40 best=4.707106781 basins=4 3.64h
[1337] seed 7001336 random     hops=40 best=4.707106781 basins=4 3.64h
[1338] seed 7001337 structured hops=40 best=4.707106781 basins=3 3.64h
[1339] seed 7001340 random     hops=40 best=4.707106781 basins=2 3.64h
[1340] seed 7001339 random     hops=40 best=4.707106781 basins=4 3.64h
[1341] seed 7001341 structured hops=40 best=4.707106781 basins=7 3.64h
[1342] seed 7001342 neighbour  hops=40 best=4.707106781 basins=12 3.64h
[1343] seed 7001343 random     hops=40 best=4.707106781 basins=3 3.64h
[1344] seed 7001344 random     hops=40 best=4.707106781 basins=4 3.64h
[1345] seed 7001347 random     hops=40 best=4.707106781 basins=4 3.64h
[1346] seed 7001346 neighbour  hops=40 best=4.707106781 basins=8 3.64h
[1347] seed 7001348 random     hops=40 best=4.707106781 basins=5 3.64h
[1348] seed 7001350 neighbour  hops=40 best=4.677648295 basins=18 3.64h
[1349] seed 7001351 random     hops=40 best=4.728581300 basins=3 3.64h
[1350] seed 7001353 structured hops=40 best=4.707106781 basins=4 3.64h
[1351] seed 7001352 random     hops=40 best=4.707106781 basins=10 3.64h
[1352] seed 7001354 neighbour  hops=40 best=4.707106781 basins=6 3.64h
[1353] seed 7001356 random     hops=40 best=4.707106781 basins=7 3.64h
[1354] seed 7001355 random     hops=40 best=4.707106781 basins=4 3.64h
[1355] seed 7001357 structured hops=40 best=4.707106781 basins=8 3.64h
[1356] seed 7001338 neighbour  hops=40 best=4.707106781 basins=13 3.65h
[1357] seed 7001359 random     hops=40 best=4.707106781 basins=4 3.65h
[1358] seed 7001360 random     hops=40 best=4.709096401 basins=5 3.65h
[1359] seed 7001358 neighbour  hops=40 best=4.707106781 basins=5 3.65h
[1360] seed 7001362 neighbour  hops=40 best=4.707106781 basins=6 3.65h
[1361] seed 7001363 random     hops=40 best=4.707106781 basins=8 3.65h
[1362] seed 7001364 random     hops=40 best=4.707106781 basins=3 3.65h
[1363] seed 7001349 structured hops=40 best=4.677648295 basins=16 3.65h
[1364] seed 7001365 structured hops=40 best=4.707106781 basins=3 3.65h
[1365] seed 7001367 random     hops=40 best=4.707106781 basins=5 3.65h
[1366] seed 7001368 random     hops=40 best=4.707106781 basins=8 3.65h
[1367] seed 7001361 structured hops=40 best=4.707106781 basins=3 3.65h
[1368] seed 7001345 structured hops=40 best=4.707106781 basins=8 3.65h
[1369] seed 7001369 structured hops=40 best=4.707106781 basins=4 3.65h
[1370] seed 7001370 neighbour  hops=40 best=4.707106781 basins=11 3.65h
[1371] seed 7001372 random     hops=40 best=4.707106781 basins=3 3.65h
[1372] seed 7001371 random     hops=40 best=4.707106781 basins=6 3.65h
[1373] seed 7001373 structured hops=40 best=4.707106781 basins=5 3.65h
[1374] seed 7001375 random     hops=40 best=4.707106781 basins=5 3.65h
[1375] seed 7001376 random     hops=40 best=4.707106781 basins=4 3.65h
[1376] seed 7001374 neighbour  hops=40 best=4.707106781 basins=5 3.65h
[1377] seed 7001377 structured hops=40 best=4.707106781 basins=5 3.66h
[1378] seed 7001366 neighbour  hops=40 best=4.707106781 basins=10 3.66h
[1379] seed 7001379 random     hops=40 best=4.707106781 basins=10 3.66h
[1380] seed 7001378 neighbour  hops=40 best=4.707106781 basins=7 3.66h
[1381] seed 7001380 random     hops=40 best=4.707106781 basins=5 3.66h
[1382] seed 7001381 structured hops=40 best=4.707106781 basins=6 3.66h
[1383] seed 7001382 neighbour  hops=40 best=4.707106781 basins=10 3.66h
[1384] seed 7001383 random     hops=40 best=4.707106781 basins=4 3.66h
[1385] seed 7001385 structured hops=40 best=4.707106781 basins=5 3.66h
[1386] seed 7001384 random     hops=40 best=4.707106781 basins=12 3.66h
[1387] seed 7001386 neighbour  hops=40 best=4.707106781 basins=6 3.66h
[1388] seed 7001387 random     hops=40 best=4.707106781 basins=5 3.66h
[1389] seed 7001388 random     hops=40 best=4.707106781 basins=6 3.66h
[1390] seed 7001389 structured hops=40 best=4.707106781 basins=6 3.66h
[1391] seed 7001393 structured hops=40 best=5.000000000 basins=1 3.66h
[1392] seed 7001392 random     hops=40 best=4.707106781 basins=5 3.66h
[1393] seed 7001391 random     hops=40 best=4.707106781 basins=7 3.66h
[1394] seed 7001395 random     hops=40 best=4.707106781 basins=7 3.66h
[1395] seed 7001396 random     hops=40 best=4.707106781 basins=4 3.66h
[1396] seed 7001397 structured hops=40 best=4.707106781 basins=4 3.66h
[1397] seed 7001399 random     hops=40 best=4.707106781 basins=5 3.66h
[1398] seed 7001398 neighbour  hops=40 best=4.707106781 basins=11 3.66h
[1399] seed 7001400 random     hops=40 best=4.707106781 basins=10 3.66h
[1400] seed 7001402 neighbour  hops=40 best=4.707106781 basins=11 3.67h
[1401] seed 7001401 structured hops=40 best=4.707106781 basins=8 3.67h
[1402] seed 7001403 random     hops=40 best=4.707106781 basins=6 3.67h
[1403] seed 7001390 neighbour  hops=40 best=4.707106781 basins=6 3.67h
[1404] seed 7001404 random     hops=40 best=4.707106781 basins=6 3.67h
[1405] seed 7001406 neighbour  hops=40 best=4.707106781 basins=6 3.67h
[1406] seed 7001405 structured hops=40 best=4.707106781 basins=3 3.67h
[1407] seed 7001394 neighbour  hops=40 best=4.688103393 basins=12 3.67h
[1408] seed 7001407 random     hops=40 best=4.707106781 basins=9 3.67h
[1409] seed 7001409 structured hops=40 best=4.707106781 basins=4 3.67h
[1410] seed 7001408 random     hops=40 best=4.677648295 basins=17 3.67h
[1411] seed 7001410 neighbour  hops=40 best=4.707106781 basins=5 3.67h
[1412] seed 7001411 random     hops=40 best=4.707106781 basins=6 3.67h
[1413] seed 7001412 random     hops=40 best=4.707106781 basins=4 3.67h
[1414] seed 7001414 neighbour  hops=40 best=4.707106781 basins=6 3.67h
[1415] seed 7001415 random     hops=40 best=4.707106781 basins=4 3.67h
[1416] seed 7001413 structured hops=40 best=4.707106781 basins=6 3.67h
[1417] seed 7001416 random     hops=40 best=4.707106781 basins=2 3.67h
[1418] seed 7001417 structured hops=40 best=4.707106781 basins=4 3.67h
[1419] seed 7001419 random     hops=40 best=4.707106781 basins=2 3.67h
[1420] seed 7001418 neighbour  hops=40 best=4.707106781 basins=7 3.67h
[1421] seed 7001420 random     hops=40 best=4.707106781 basins=7 3.67h
[1422] seed 7001421 structured hops=40 best=4.707106781 basins=5 3.67h
[1423] seed 7001423 random     hops=40 best=4.707106781 basins=6 3.67h
[1424] seed 7001422 neighbour  hops=40 best=4.707106781 basins=8 3.67h
[1425] seed 7001424 random     hops=40 best=4.707106781 basins=7 3.67h
[1426] seed 7001425 structured hops=40 best=4.707106781 basins=7 3.68h
[1427] seed 7001426 neighbour  hops=40 best=4.707106781 basins=12 3.68h
[1428] seed 7001427 random     hops=40 best=5.000000000 basins=1 3.68h
[1429] seed 7001428 random     hops=40 best=4.707106781 basins=5 3.68h
[1430] seed 7001431 random     hops=40 best=4.707106781 basins=5 3.68h
[1431] seed 7001429 structured hops=40 best=4.707106781 basins=4 3.68h
[1432] seed 7001433 structured hops=40 best=4.707106781 basins=5 3.68h
[1433] seed 7001435 random     hops=40 best=4.707106781 basins=4 3.68h
[1434] seed 7001434 neighbour  hops=40 best=4.707106781 basins=7 3.68h
[1435] seed 7001437 structured hops=40 best=4.707106781 basins=5 3.68h
[1436] seed 7001436 random     hops=40 best=4.677648295 basins=12 3.68h
[1437] seed 7001438 neighbour  hops=40 best=4.707106781 basins=7 3.68h
[1438] seed 7001439 random     hops=40 best=4.707106781 basins=6 3.68h
[1439] seed 7001432 random     hops=40 best=4.707106781 basins=10 3.68h
[1440] seed 7001430 neighbour  hops=40 best=4.707106781 basins=11 3.68h
[1441] seed 7001441 structured hops=40 best=4.707106781 basins=3 3.68h
[1442] seed 7001444 random     hops=40 best=4.707106781 basins=6 3.68h
[1443] seed 7001440 random     hops=40 best=4.707106781 basins=17 3.68h
[1444] seed 7001445 structured hops=40 best=4.707106781 basins=8 3.68h
[1445] seed 7001443 random     hops=40 best=4.677648295 basins=15 3.68h
[1446] seed 7001447 random     hops=40 best=4.707106781 basins=3 3.69h
[1447] seed 7001448 random     hops=40 best=4.707106781 basins=4 3.69h
[1448] seed 7001446 neighbour  hops=40 best=4.707106781 basins=8 3.69h
[1449] seed 7001449 structured hops=40 best=4.707106781 basins=6 3.69h
[1450] seed 7001450 neighbour  hops=40 best=4.707106781 basins=5 3.69h
[1451] seed 7001453 structured hops=40 best=4.707106781 basins=3 3.69h
[1452] seed 7001454 neighbour  hops=40 best=4.677648295 basins=13 3.69h
[1453] seed 7001456 random     hops=40 best=4.707106781 basins=5 3.69h
[1454] seed 7001452 random     hops=40 best=4.707106781 basins=2 3.69h
[1455] seed 7001455 random     hops=40 best=4.707106781 basins=6 3.69h
[1456] seed 7001451 random     hops=40 best=4.677648295 basins=19 3.69h
[1457] seed 7001457 structured hops=40 best=5.000000000 basins=1 3.69h
[1458] seed 7001458 neighbour  hops=40 best=4.707106781 basins=6 3.69h
[1459] seed 7001459 random     hops=40 best=4.707106781 basins=4 3.69h
[1460] seed 7001460 random     hops=40 best=4.707106781 basins=9 3.69h
[1461] seed 7001461 structured hops=40 best=4.707106781 basins=5 3.69h
[1462] seed 7001462 neighbour  hops=40 best=4.707106781 basins=20 3.69h
[1463] seed 7001465 structured hops=40 best=5.000000000 basins=1 3.69h
[1464] seed 7001464 random     hops=40 best=4.707106781 basins=5 3.69h
[1465] seed 7001468 random     hops=40 best=4.707106781 basins=3 3.69h
[1466] seed 7001442 neighbour  hops=40 best=4.707106781 basins=9 3.69h
[1467] seed 7001466 neighbour  hops=40 best=4.677648295 basins=20 3.69h
[1468] seed 7001469 structured hops=40 best=4.707106781 basins=2 3.69h
[1469] seed 7001470 neighbour  hops=40 best=4.707106781 basins=12 3.69h
[1470] seed 7001471 random     hops=40 best=4.707106781 basins=6 3.70h
[1471] seed 7001472 random     hops=40 best=4.707106781 basins=5 3.70h
[1472] seed 7001473 structured hops=40 best=4.707106781 basins=4 3.70h
[1473] seed 7001474 neighbour  hops=40 best=4.707106781 basins=7 3.70h
[1474] seed 7001475 random     hops=40 best=4.707106781 basins=3 3.70h
[1475] seed 7001476 random     hops=40 best=4.707106781 basins=10 3.70h
[1476] seed 7001477 structured hops=40 best=4.707106781 basins=6 3.70h
[1477] seed 7001478 neighbour  hops=40 best=4.707106781 basins=6 3.70h
[1478] seed 7001481 structured hops=40 best=4.707106781 basins=5 3.70h
[1479] seed 7001467 random     hops=40 best=4.677648295 basins=10 3.70h
[1480] seed 7001482 neighbour  hops=40 best=4.707106781 basins=10 3.70h
[1481] seed 7001480 random     hops=40 best=4.707106781 basins=7 3.70h
[1482] seed 7001483 random     hops=40 best=4.707106781 basins=7 3.70h
[1483] seed 7001484 random     hops=40 best=4.707106781 basins=3 3.70h
[1484] seed 7001487 random     hops=40 best=4.707106781 basins=4 3.70h
[1485] seed 7001486 neighbour  hops=40 best=4.707106781 basins=6 3.70h
[1486] seed 7001463 random     hops=40 best=4.707106781 basins=7 3.70h
[1487] seed 7001489 structured hops=40 best=4.707106781 basins=8 3.70h
[1488] seed 7001488 random     hops=40 best=4.707106781 basins=4 3.70h
[1489] seed 7001479 random     hops=40 best=4.707106781 basins=6 3.70h
[1490] seed 7001490 neighbour  hops=40 best=4.707106781 basins=5 3.70h
[1491] seed 7001491 random     hops=40 best=4.707106781 basins=6 3.71h
[1492] seed 7001494 neighbour  hops=40 best=4.707106781 basins=4 3.71h
[1493] seed 7001492 random     hops=40 best=4.707106781 basins=6 3.71h
[1494] seed 7001496 random     hops=40 best=4.707106781 basins=9 3.71h
[1495] seed 7001495 random     hops=40 best=4.707106781 basins=4 3.71h
[1496] seed 7001493 structured hops=40 best=4.707106781 basins=4 3.71h
[1497] seed 7001497 structured hops=40 best=4.707106781 basins=6 3.71h
[1498] seed 7001498 neighbour  hops=40 best=4.707106781 basins=3 3.71h
[1499] seed 7001499 random     hops=40 best=5.000000000 basins=1 3.71h
[1500] seed 7001501 structured hops=40 best=4.707106781 basins=5 3.71h
[1501] seed 7001500 random     hops=40 best=4.707106781 basins=16 3.71h
[1502] seed 7001503 random     hops=40 best=4.707106781 basins=5 3.71h
[1503] seed 7001502 neighbour  hops=40 best=4.707106781 basins=12 3.71h
[1504] seed 7001504 random     hops=40 best=4.707106781 basins=5 3.71h
[1505] seed 7001505 structured hops=40 best=4.707106781 basins=7 3.71h
[1506] seed 7001507 random     hops=40 best=4.707106781 basins=3 3.71h
[1507] seed 7001508 random     hops=40 best=4.707106781 basins=7 3.71h
[1508] seed 7001509 structured hops=40 best=4.707106781 basins=5 3.71h
[1509] seed 7001506 neighbour  hops=40 best=4.707106781 basins=7 3.71h
[1510] seed 7001510 neighbour  hops=40 best=4.707106781 basins=5 3.71h
[1511] seed 7001485 structured hops=40 best=4.677648295 basins=20 3.71h
[1512] seed 7001511 random     hops=40 best=4.675530094 basins=15 3.71h
[1513] seed 7001512 random     hops=40 best=4.707106781 basins=6 3.71h
[1514] seed 7001513 structured hops=40 best=4.707106781 basins=6 3.72h
[1515] seed 7001515 random     hops=40 best=4.707106781 basins=5 3.72h
[1516] seed 7001514 neighbour  hops=40 best=4.707106781 basins=8 3.72h
[1517] seed 7001516 random     hops=40 best=4.707106781 basins=9 3.72h
[1518] seed 7001517 structured hops=40 best=5.000000000 basins=1 3.72h
[1519] seed 7001519 random     hops=40 best=4.707106781 basins=3 3.72h
[1520] seed 7001518 neighbour  hops=40 best=4.677648295 basins=15 3.72h
[1521] seed 7001522 neighbour  hops=40 best=4.707106781 basins=8 3.72h
[1522] seed 7001521 structured hops=40 best=4.707106781 basins=3 3.72h
[1523] seed 7001520 random     hops=40 best=4.707106781 basins=6 3.72h
[1524] seed 7001523 random     hops=40 best=4.707106781 basins=4 3.72h
[1525] seed 7001524 random     hops=40 best=4.707106781 basins=7 3.72h
[1526] seed 7001525 structured hops=40 best=4.707106781 basins=5 3.72h
[1527] seed 7001526 neighbour  hops=40 best=4.707106781 basins=7 3.72h
[1528] seed 7001528 random     hops=40 best=4.707106781 basins=5 3.72h
[1529] seed 7001529 structured hops=40 best=4.707106781 basins=4 3.72h
[1530] seed 7001527 random     hops=40 best=4.675530094 basins=22 3.72h
[1531] seed 7001531 random     hops=40 best=4.707106781 basins=5 3.72h
[1532] seed 7001530 neighbour  hops=40 best=4.707106781 basins=6 3.72h
[1533] seed 7001532 random     hops=40 best=5.000000000 basins=1 3.72h
[1534] seed 7001533 structured hops=40 best=4.707106781 basins=7 3.72h
[1535] seed 7001535 random     hops=40 best=5.000000000 basins=1 3.72h
[1536] seed 7001536 random     hops=40 best=5.000000000 basins=1 3.72h
[1537] seed 7001534 neighbour  hops=40 best=4.707106781 basins=20 3.72h
[1538] seed 7001537 structured hops=40 best=4.707106781 basins=9 3.72h
[1539] seed 7001540 random     hops=40 best=4.767766953 basins=2 3.73h
[1540] seed 7001541 structured hops=40 best=5.000000000 basins=1 3.73h
[1541] seed 7001539 random     hops=40 best=4.675530094 basins=21 3.73h
[1542] seed 7001542 neighbour  hops=40 best=4.707106781 basins=8 3.73h
[1543] seed 7001544 random     hops=40 best=4.707106781 basins=4 3.73h
[1544] seed 7001545 structured hops=40 best=4.707106781 basins=4 3.73h
[1545] seed 7001546 neighbour  hops=40 best=4.707106781 basins=6 3.73h
[1546] seed 7001547 random     hops=40 best=4.707106781 basins=7 3.73h
[1547] seed 7001549 structured hops=40 best=4.707106781 basins=7 3.73h
[1548] seed 7001550 neighbour  hops=40 best=4.707106781 basins=6 3.73h
[1549] seed 7001538 neighbour  hops=40 best=4.707106781 basins=6 3.73h
[1550] seed 7001551 random     hops=40 best=4.707106781 basins=3 3.73h
[1551] seed 7001552 random     hops=40 best=5.000000000 basins=1 3.73h
[1552] seed 7001548 random     hops=40 best=4.707106781 basins=20 3.73h
[1553] seed 7001553 structured hops=40 best=4.707106781 basins=6 3.73h
[1554] seed 7001554 neighbour  hops=40 best=4.707106781 basins=11 3.73h
[1555] seed 7001557 structured hops=40 best=4.707106781 basins=5 3.73h
[1556] seed 7001556 random     hops=40 best=4.707106781 basins=8 3.73h
[1557] seed 7001543 random     hops=40 best=4.707106781 basins=11 3.73h
[1558] seed 7001559 random     hops=40 best=4.707106781 basins=3 3.73h
[1559] seed 7001558 neighbour  hops=40 best=4.707106781 basins=5 3.73h
[1560] seed 7001560 random     hops=40 best=4.707106781 basins=6 3.73h
[1561] seed 7001561 structured hops=40 best=5.000000000 basins=1 3.73h
[1562] seed 7001562 neighbour  hops=40 best=4.707106781 basins=5 3.74h
[1563] seed 7001563 random     hops=40 best=4.707106781 basins=5 3.74h
[1564] seed 7001564 random     hops=40 best=4.707106781 basins=5 3.74h
[1565] seed 7001566 neighbour  hops=40 best=4.707106781 basins=7 3.74h
[1566] seed 7001565 structured hops=40 best=4.707106781 basins=5 3.74h
[1567] seed 7001567 random     hops=40 best=4.707106781 basins=3 3.74h
[1568] seed 7001568 random     hops=40 best=4.707106781 basins=7 3.74h
[1569] seed 7001569 structured hops=40 best=4.707106781 basins=7 3.74h
[1570] seed 7001571 random     hops=40 best=4.707106781 basins=6 3.74h
[1571] seed 7001572 random     hops=40 best=4.707106781 basins=5 3.74h
[1572] seed 7001573 structured hops=40 best=4.822875656 basins=2 3.74h
[1573] seed 7001577 structured hops=40 best=4.707106781 basins=4 3.74h
[1574] seed 7001576 random     hops=40 best=4.707106781 basins=10 3.74h
[1575] seed 7001579 random     hops=40 best=4.707106781 basins=8 3.74h
[1576] seed 7001574 neighbour  hops=40 best=4.707106781 basins=5 3.74h
[1577] seed 7001581 structured hops=40 best=4.707106781 basins=3 3.74h
[1578] seed 7001570 neighbour  hops=40 best=4.688103393 basins=21 3.74h
[1579] seed 7001582 neighbour  hops=40 best=4.707106781 basins=10 3.74h
[1580] seed 7001555 random     hops=40 best=4.707106781 basins=5 3.74h
[1581] seed 7001583 random     hops=40 best=4.707106781 basins=4 3.75h
[1582] seed 7001585 structured hops=40 best=4.707106781 basins=6 3.75h
[1583] seed 7001584 random     hops=40 best=4.707106781 basins=8 3.75h
[1584] seed 7001589 structured hops=40 best=4.707106781 basins=2 3.75h
[1585] seed 7001586 neighbour  hops=40 best=4.707106781 basins=6 3.75h
[1586] seed 7001588 random     hops=40 best=4.707106781 basins=5 3.75h
[1587] seed 7001587 random     hops=40 best=4.707106781 basins=3 3.75h
[1588] seed 7001591 random     hops=40 best=4.707106781 basins=6 3.75h
[1589] seed 7001578 neighbour  hops=40 best=4.707106781 basins=10 3.75h
[1590] seed 7001590 neighbour  hops=40 best=4.675530094 basins=20 3.75h
[1591] seed 7001593 structured hops=40 best=4.707106781 basins=4 3.75h
[1592] seed 7001592 random     hops=40 best=4.707106781 basins=4 3.75h
[1593] seed 7001594 neighbour  hops=40 best=4.707106781 basins=7 3.75h
[1594] seed 7001595 random     hops=40 best=4.707106781 basins=7 3.75h
[1595] seed 7001580 random     hops=40 best=4.707106781 basins=12 3.75h
[1596] seed 7001596 random     hops=40 best=4.707106781 basins=7 3.75h
[1597] seed 7001597 structured hops=40 best=4.707106781 basins=5 3.75h
[1598] seed 7001599 random     hops=40 best=4.707106781 basins=4 3.75h
[1599] seed 7001604 random     hops=40 best=4.707106781 basins=4 3.76h
[1600] seed 7001601 structured hops=40 best=4.707106781 basins=5 3.76h
[1601] seed 7001602 neighbour  hops=40 best=4.707106781 basins=4 3.76h
[1602] seed 7001603 random     hops=40 best=5.000000000 basins=1 3.76h
[1603] seed 7001598 neighbour  hops=40 best=4.707106781 basins=8 3.76h
[1604] seed 7001605 structured hops=40 best=4.707106781 basins=4 3.76h
[1605] seed 7001606 neighbour  hops=40 best=4.707106781 basins=5 3.76h
[1606] seed 7001607 random     hops=40 best=4.707106781 basins=10 3.76h
[1607] seed 7001608 random     hops=40 best=4.707106781 basins=6 3.76h
[1608] seed 7001575 random     hops=40 best=4.675530094 basins=22 3.76h
[1609] seed 7001609 structured hops=40 best=4.707106781 basins=8 3.76h
[1610] seed 7001610 neighbour  hops=40 best=4.707106781 basins=4 3.76h
[1611] seed 7001611 random     hops=40 best=4.707106781 basins=6 3.76h
[1612] seed 7001614 neighbour  hops=40 best=4.707106781 basins=7 3.76h
[1613] seed 7001615 random     hops=40 best=4.707106781 basins=4 3.76h
[1614] seed 7001613 structured hops=40 best=4.707106781 basins=9 3.76h
[1615] seed 7001600 random     hops=40 best=4.707106781 basins=4 3.76h
[1616] seed 7001612 random     hops=40 best=4.707106781 basins=4 3.76h
[1617] seed 7001616 random     hops=40 best=4.707106781 basins=3 3.76h
[1618] seed 7001617 structured hops=40 best=4.707106781 basins=4 3.76h
[1619] seed 7001618 neighbour  hops=40 best=4.707106781 basins=4 3.76h
[1620] seed 7001619 random     hops=40 best=4.707106781 basins=17 3.76h
[1621] seed 7001620 random     hops=40 best=4.707106781 basins=9 3.76h
[1622] seed 7001621 structured hops=40 best=4.707106781 basins=4 3.76h
[1623] seed 7001623 random     hops=40 best=4.707106781 basins=5 3.77h
[1624] seed 7001624 random     hops=40 best=4.707106781 basins=8 3.77h
[1625] seed 7001622 neighbour  hops=40 best=4.707106781 basins=9 3.77h
[1626] seed 7001625 structured hops=40 best=4.707106781 basins=9 3.77h
[1627] seed 7001627 random     hops=40 best=5.000000000 basins=1 3.77h
[1628] seed 7001626 neighbour  hops=40 best=4.707106781 basins=11 3.77h
[1629] seed 7001628 random     hops=40 best=4.707106781 basins=7 3.77h
[1630] seed 7001629 structured hops=40 best=4.707106781 basins=4 3.77h
[1631] seed 7001631 random     hops=40 best=4.707106781 basins=4 3.77h
[1632] seed 7001630 neighbour  hops=40 best=4.707106781 basins=10 3.77h
[1633] seed 7001633 structured hops=40 best=4.707106781 basins=7 3.77h
[1634] seed 7001635 random     hops=40 best=4.707106781 basins=6 3.77h
[1635] seed 7001636 random     hops=40 best=4.707106781 basins=6 3.77h
[1636] seed 7001638 neighbour  hops=40 best=4.707106781 basins=14 3.77h
[1637] seed 7001639 random     hops=40 best=4.707106781 basins=3 3.77h
[1638] seed 7001640 random     hops=40 best=4.707106781 basins=6 3.77h
[1639] seed 7001643 random     hops=40 best=4.707106781 basins=9 3.77h
[1640] seed 7001642 neighbour  hops=40 best=4.707106781 basins=9 3.77h
[1641] seed 7001637 structured hops=40 best=4.707106781 basins=9 3.77h
[1642] seed 7001644 random     hops=40 best=4.707106781 basins=2 3.77h
[1643] seed 7001645 structured hops=40 best=4.707106781 basins=3 3.77h
[1644] seed 7001646 neighbour  hops=40 best=4.707106781 basins=8 3.77h
[1645] seed 7001647 random     hops=40 best=4.707106781 basins=5 3.78h
[1646] seed 7001634 neighbour  hops=40 best=4.677648295 basins=12 3.78h
[1647] seed 7001649 structured hops=40 best=4.707106781 basins=2 3.78h
[1648] seed 7001648 random     hops=40 best=4.707106781 basins=5 3.78h
[1649] seed 7001650 neighbour  hops=40 best=4.707106781 basins=16 3.78h
[1650] seed 7001651 random     hops=40 best=4.677648295 basins=12 3.78h
[1651] seed 7001652 random     hops=40 best=4.707106781 basins=9 3.78h
[1652] seed 7001654 neighbour  hops=40 best=4.707106781 basins=9 3.78h
[1653] seed 7001655 random     hops=40 best=4.707106781 basins=2 3.78h
[1654] seed 7001632 random     hops=40 best=4.707106781 basins=4 3.78h
[1655] seed 7001641 structured hops=40 best=4.677648295 basins=17 3.78h
[1656] seed 7001656 random     hops=40 best=4.707106781 basins=3 3.78h
[1657] seed 7001657 structured hops=40 best=4.707106781 basins=4 3.78h
[1658] seed 7001658 neighbour  hops=40 best=4.707106781 basins=8 3.78h
[1659] seed 7001659 random     hops=40 best=4.707106781 basins=8 3.78h
[1660] seed 7001661 structured hops=40 best=4.707106781 basins=4 3.78h
[1661] seed 7001660 random     hops=40 best=4.707106781 basins=8 3.78h
[1662] seed 7001662 neighbour  hops=40 best=4.707106781 basins=5 3.78h
[1663] seed 7001663 random     hops=40 best=4.707106781 basins=4 3.78h
[1664] seed 7001664 random     hops=40 best=4.707106781 basins=7 3.78h
[1665] seed 7001665 structured hops=40 best=4.707106781 basins=3 3.78h
[1666] seed 7001667 random     hops=40 best=4.707106781 basins=7 3.78h
[1667] seed 7001668 random     hops=40 best=4.707106781 basins=5 3.78h
[1668] seed 7001666 neighbour  hops=40 best=4.707106781 basins=6 3.79h
[1669] seed 7001669 structured hops=40 best=4.707106781 basins=2 3.79h
[1670] seed 7001653 structured hops=40 best=4.677648295 basins=17 3.79h
[1671] seed 7001670 neighbour  hops=40 best=4.707106781 basins=13 3.79h
[1672] seed 7001671 random     hops=40 best=4.707106781 basins=4 3.79h
[1673] seed 7001673 structured hops=40 best=4.707106781 basins=5 3.79h
[1674] seed 7001675 random     hops=40 best=4.707106781 basins=4 3.79h
[1675] seed 7001676 random     hops=40 best=4.707106781 basins=7 3.79h
[1676] seed 7001677 structured hops=40 best=4.707106781 basins=7 3.79h
[1677] seed 7001679 random     hops=40 best=4.767766953 basins=2 3.79h
[1678] seed 7001680 random     hops=40 best=4.707106781 basins=5 3.79h
[1679] seed 7001678 neighbour  hops=40 best=4.677648295 basins=17 3.79h
[1680] seed 7001682 neighbour  hops=40 best=4.707106781 basins=6 3.79h
[1681] seed 7001681 structured hops=40 best=4.707106781 basins=7 3.79h
[1682] seed 7001683 random     hops=40 best=4.707106781 basins=5 3.79h
[1683] seed 7001684 random     hops=40 best=4.707106781 basins=3 3.79h
[1684] seed 7001685 structured hops=40 best=4.707106781 basins=7 3.79h
[1685] seed 7001686 neighbour  hops=40 best=4.707106781 basins=7 3.79h
[1686] seed 7001687 random     hops=40 best=4.707106781 basins=3 3.79h
[1687] seed 7001674 neighbour  hops=40 best=4.707106781 basins=9 3.79h
[1688] seed 7001689 structured hops=40 best=4.707106781 basins=5 3.79h
[1689] seed 7001688 random     hops=40 best=4.707106781 basins=4 3.80h
[1690] seed 7001690 neighbour  hops=40 best=4.707106781 basins=4 3.80h
[1691] seed 7001691 random     hops=40 best=4.707106781 basins=7 3.80h
[1692] seed 7001692 random     hops=40 best=4.707106781 basins=7 3.80h
[1693] seed 7001672 random     hops=40 best=4.707106781 basins=8 3.80h
[1694] seed 7001693 structured hops=40 best=4.707106781 basins=4 3.80h
[1695] seed 7001694 neighbour  hops=40 best=4.707106781 basins=8 3.80h
[1696] seed 7001695 random     hops=40 best=4.707106781 basins=8 3.80h
[1697] seed 7001696 random     hops=40 best=4.707106781 basins=11 3.80h
[1698] seed 7001697 structured hops=40 best=4.707106781 basins=5 3.80h
[1699] seed 7001700 random     hops=40 best=4.707106781 basins=3 3.80h
[1700] seed 7001698 neighbour  hops=40 best=4.707106781 basins=9 3.80h
[1701] seed 7001699 random     hops=40 best=4.707106781 basins=5 3.80h
[1702] seed 7001701 structured hops=40 best=4.707106781 basins=2 3.80h
[1703] seed 7001702 neighbour  hops=40 best=4.707106781 basins=8 3.80h
[1704] seed 7001703 random     hops=40 best=4.707106781 basins=4 3.80h
[1705] seed 7001704 random     hops=40 best=4.707106781 basins=5 3.80h
[1706] seed 7001705 structured hops=40 best=4.707106781 basins=4 3.80h
[1707] seed 7001707 random     hops=40 best=4.707106781 basins=5 3.80h
[1708] seed 7001706 neighbour  hops=40 best=4.707106781 basins=7 3.80h
[1709] seed 7001709 structured hops=40 best=4.707106781 basins=9 3.80h
[1710] seed 7001708 random     hops=40 best=4.707106781 basins=16 3.80h
[1711] seed 7001711 random     hops=40 best=4.707106781 basins=5 3.80h
[1712] seed 7001710 neighbour  hops=40 best=4.707106781 basins=4 3.80h
[1713] seed 7001714 neighbour  hops=40 best=4.707106781 basins=6 3.81h
[1714] seed 7001715 random     hops=40 best=4.707106781 basins=4 3.81h
[1715] seed 7001713 structured hops=40 best=4.707106781 basins=7 3.81h
[1716] seed 7001719 random     hops=40 best=4.707106781 basins=5 3.81h
[1717] seed 7001718 neighbour  hops=40 best=4.707106781 basins=5 3.81h
[1718] seed 7001717 structured hops=40 best=4.707106781 basins=5 3.81h
[1719] seed 7001720 random     hops=40 best=4.707106781 basins=4 3.81h
[1720] seed 7001716 random     hops=40 best=4.707106781 basins=7 3.81h
[1721] seed 7001721 structured hops=40 best=5.000000000 basins=1 3.81h
[1722] seed 7001722 neighbour  hops=40 best=4.707106781 basins=6 3.81h
[1723] seed 7001723 random     hops=40 best=4.707106781 basins=7 3.81h
[1724] seed 7001724 random     hops=40 best=4.707106781 basins=3 3.81h
[1725] seed 7001725 structured hops=40 best=4.707106781 basins=4 3.81h
[1726] seed 7001712 random     hops=40 best=4.767766953 basins=5 3.81h
[1727] seed 7001726 neighbour  hops=40 best=4.707106781 basins=4 3.81h
[1728] seed 7001729 structured hops=40 best=4.707106781 basins=4 3.81h
[1729] seed 7001727 random     hops=40 best=4.707106781 basins=7 3.81h
[1730] seed 7001728 random     hops=40 best=4.707106781 basins=4 3.81h
[1731] seed 7001730 neighbour  hops=40 best=4.707106781 basins=7 3.81h
[1732] seed 7001731 random     hops=40 best=4.707106781 basins=5 3.81h
[1733] seed 7001734 neighbour  hops=40 best=4.707106781 basins=4 3.81h
[1734] seed 7001733 structured hops=40 best=4.707106781 basins=4 3.81h
[1735] seed 7001732 random     hops=40 best=4.707106781 basins=6 3.81h
[1736] seed 7001735 random     hops=40 best=4.707106781 basins=4 3.81h
[1737] seed 7001736 random     hops=40 best=4.707106781 basins=3 3.81h
[1738] seed 7001737 structured hops=40 best=5.000000000 basins=1 3.81h
[1739] seed 7001738 neighbour  hops=40 best=4.707106781 basins=6 3.82h
[1740] seed 7001740 random     hops=40 best=4.707106781 basins=5 3.82h
[1741] seed 7001739 random     hops=40 best=4.677648295 basins=17 3.82h
[1742] seed 7001741 structured hops=40 best=5.000000000 basins=1 3.82h
[1743] seed 7001743 random     hops=40 best=4.707106781 basins=6 3.82h
[1744] seed 7001748 random     hops=40 best=4.707106781 basins=4 3.82h
[1745] seed 7001744 random     hops=40 best=4.707106781 basins=10 3.82h
[1746] seed 7001742 neighbour  hops=40 best=4.707106781 basins=10 3.82h
[1747] seed 7001745 structured hops=40 best=4.707106781 basins=7 3.82h
[1748] seed 7001747 random     hops=40 best=4.707106781 basins=9 3.82h
[1749] seed 7001746 neighbour  hops=40 best=4.707106781 basins=11 3.82h
[1750] seed 7001749 structured hops=40 best=4.707106781 basins=6 3.82h
[1751] seed 7001750 neighbour  hops=40 best=4.707106781 basins=5 3.82h
[1752] seed 7001751 random     hops=40 best=4.707106781 basins=10 3.82h
[1753] seed 7001752 random     hops=40 best=4.707106781 basins=11 3.82h
[1754] seed 7001753 structured hops=40 best=4.707106781 basins=7 3.82h
[1755] seed 7001754 neighbour  hops=40 best=4.707106781 basins=4 3.82h
[1756] seed 7001755 random     hops=40 best=4.707106781 basins=11 3.82h
[1757] seed 7001758 neighbour  hops=40 best=4.707106781 basins=6 3.82h
[1758] seed 7001756 random     hops=40 best=4.707106781 basins=8 3.82h
[1759] seed 7001761 structured hops=40 best=4.707106781 basins=6 3.82h
[1760] seed 7001760 random     hops=40 best=4.707106781 basins=6 3.82h
[1761] seed 7001759 random     hops=40 best=4.707106781 basins=6 3.83h
[1762] seed 7001757 structured hops=40 best=4.707106781 basins=4 3.83h
[1763] seed 7001763 random     hops=40 best=4.707106781 basins=4 3.83h
[1764] seed 7001762 neighbour  hops=40 best=4.707106781 basins=6 3.83h
[1765] seed 7001765 structured hops=40 best=4.707106781 basins=3 3.83h
[1766] seed 7001764 random     hops=40 best=4.677648295 basins=16 3.83h
[1767] seed 7001766 neighbour  hops=40 best=4.707106781 basins=7 3.83h
[1768] seed 7001768 random     hops=40 best=4.707106781 basins=3 3.83h
[1769] seed 7001767 random     hops=40 best=4.707106781 basins=7 3.83h
[1770] seed 7001769 structured hops=40 best=4.707106781 basins=5 3.83h
[1771] seed 7001772 random     hops=40 best=4.707106781 basins=11 3.83h
[1772] seed 7001770 neighbour  hops=40 best=4.707106781 basins=11 3.83h
[1773] seed 7001773 structured hops=40 best=4.707106781 basins=5 3.83h
[1774] seed 7001775 random     hops=40 best=4.707106781 basins=5 3.83h
[1775] seed 7001771 random     hops=40 best=4.707106781 basins=13 3.83h
[1776] seed 7001776 random     hops=40 best=4.707106781 basins=5 3.83h
[1777] seed 7001774 neighbour  hops=40 best=4.707106781 basins=6 3.83h
[1778] seed 7001777 structured hops=40 best=4.707106781 basins=7 3.83h
[1779] seed 7001778 neighbour  hops=40 best=4.707106781 basins=11 3.83h
[1780] seed 7001779 random     hops=40 best=4.707106781 basins=4 3.83h
[1781] seed 7001781 structured hops=40 best=4.707106781 basins=3 3.84h
[1782] seed 7001782 neighbour  hops=40 best=4.707106781 basins=5 3.84h
[1783] seed 7001780 random     hops=40 best=4.677648295 basins=18 3.84h
[1784] seed 7001783 random     hops=40 best=4.707106781 basins=6 3.84h
[1785] seed 7001785 structured hops=40 best=5.000000000 basins=1 3.84h
[1786] seed 7001788 random     hops=40 best=4.707106781 basins=6 3.84h
[1787] seed 7001784 random     hops=40 best=4.707106781 basins=6 3.84h
[1788] seed 7001787 random     hops=40 best=4.707106781 basins=7 3.84h
[1789] seed 7001786 neighbour  hops=40 best=4.707106781 basins=8 3.84h
[1790] seed 7001790 neighbour  hops=40 best=4.707106781 basins=4 3.84h
[1791] seed 7001789 structured hops=40 best=4.707106781 basins=5 3.84h
[1792] seed 7001791 random     hops=40 best=4.707106781 basins=5 3.84h
[1793] seed 7001792 random     hops=40 best=5.000000000 basins=1 3.84h
[1794] seed 7001793 structured hops=40 best=4.707106781 basins=5 3.84h
[1795] seed 7001794 neighbour  hops=40 best=4.707106781 basins=5 3.84h
[1796] seed 7001795 random     hops=40 best=4.707106781 basins=7 3.84h
[1797] seed 7001797 structured hops=40 best=4.707106781 basins=5 3.84h
[1798] seed 7001796 random     hops=40 best=4.707106781 basins=4 3.84h
[1799] seed 7001798 neighbour  hops=40 best=4.707106781 basins=6 3.84h
[1800] seed 7001800 random     hops=40 best=4.707106781 basins=7 3.84h
[1801] seed 7001799 random     hops=40 best=4.707106781 basins=3 3.84h
[1802] seed 7001801 structured hops=40 best=4.767766953 basins=3 3.84h
[1803] seed 7001804 random     hops=40 best=4.707106781 basins=3 3.84h
[1804] seed 7001805 structured hops=40 best=4.707106781 basins=5 3.84h
[1805] seed 7001802 neighbour  hops=40 best=4.707106781 basins=20 3.84h
[1806] seed 7001806 neighbour  hops=40 best=4.707106781 basins=5 3.84h
[1807] seed 7001807 random     hops=40 best=4.707106781 basins=5 3.84h
[1808] seed 7001803 random     hops=40 best=4.707106781 basins=6 3.85h
[1809] seed 7001808 random     hops=40 best=4.707106781 basins=4 3.85h
[1810] seed 7001809 structured hops=40 best=4.707106781 basins=2 3.85h
[1811] seed 7001810 neighbour  hops=40 best=4.707106781 basins=7 3.85h
[1812] seed 7001811 random     hops=40 best=4.707106781 basins=4 3.85h
[1813] seed 7001812 random     hops=40 best=4.707106781 basins=7 3.85h
[1814] seed 7001814 neighbour  hops=40 best=4.707106781 basins=11 3.85h
[1815] seed 7001815 random     hops=40 best=4.707106781 basins=10 3.85h
[1816] seed 7001813 structured hops=40 best=4.707106781 basins=9 3.85h
[1817] seed 7001817 structured hops=40 best=4.707106781 basins=5 3.85h
[1818] seed 7001819 random     hops=40 best=4.707106781 basins=5 3.85h
[1819] seed 7001818 neighbour  hops=40 best=4.707106781 basins=7 3.85h
[1820] seed 7001816 random     hops=40 best=4.707106781 basins=10 3.85h
[1821] seed 7001820 random     hops=40 best=4.707106781 basins=6 3.85h
[1822] seed 7001821 structured hops=40 best=4.707106781 basins=8 3.85h
[1823] seed 7001822 neighbour  hops=40 best=4.707106781 basins=6 3.85h
[1824] seed 7001824 random     hops=40 best=4.707106781 basins=4 3.85h
[1825] seed 7001825 structured hops=40 best=4.707106781 basins=5 3.85h
[1826] seed 7001827 random     hops=40 best=4.822875656 basins=2 3.85h
[1827] seed 7001826 neighbour  hops=40 best=4.707106781 basins=6 3.85h
[1828] seed 7001828 random     hops=40 best=4.707106781 basins=6 3.85h
[1829] seed 7001829 structured hops=40 best=4.707106781 basins=11 3.85h
[1830] seed 7001830 neighbour  hops=40 best=4.707106781 basins=4 3.85h
[1831] seed 7001833 structured hops=40 best=4.707106781 basins=4 3.85h
[1832] seed 7001831 random     hops=40 best=4.707106781 basins=7 3.86h
[1833] seed 7001832 random     hops=40 best=4.707106781 basins=13 3.86h
[1834] seed 7001834 neighbour  hops=40 best=4.707106781 basins=9 3.86h
[1835] seed 7001835 random     hops=40 best=4.707106781 basins=8 3.86h
[1836] seed 7001836 random     hops=40 best=4.707106781 basins=3 3.86h
[1837] seed 7001837 structured hops=40 best=5.000000000 basins=1 3.86h
[1838] seed 7001823 random     hops=40 best=4.707106781 basins=16 3.86h
[1839] seed 7001838 neighbour  hops=40 best=4.707106781 basins=5 3.86h
[1840] seed 7001840 random     hops=40 best=4.707106781 basins=3 3.86h
[1841] seed 7001839 random     hops=40 best=4.707106781 basins=4 3.86h
[1842] seed 7001841 structured hops=40 best=4.707106781 basins=2 3.86h
[1843] seed 7001842 neighbour  hops=40 best=4.707106781 basins=7 3.86h
[1844] seed 7001846 neighbour  hops=40 best=4.707106781 basins=2 3.86h
[1845] seed 7001847 random     hops=40 best=4.728581300 basins=3 3.86h
[1846] seed 7001848 random     hops=40 best=4.707106781 basins=7 3.86h
[1847] seed 7001849 structured hops=40 best=4.707106781 basins=6 3.86h
[1848] seed 7001851 random     hops=40 best=4.707106781 basins=6 3.86h
[1849] seed 7001852 random     hops=40 best=4.707106781 basins=8 3.86h
[1850] seed 7001850 neighbour  hops=40 best=4.707106781 basins=10 3.86h
[1851] seed 7001855 random     hops=40 best=4.707106781 basins=5 3.87h
[1852] seed 7001853 structured hops=40 best=4.707106781 basins=8 3.87h
[1853] seed 7001856 random     hops=40 best=4.707106781 basins=8 3.87h
[1854] seed 7001857 structured hops=40 best=4.707106781 basins=4 3.87h
[1855] seed 7001843 random     hops=40 best=4.707106781 basins=9 3.87h
[1856] seed 7001858 neighbour  hops=40 best=4.707106781 basins=5 3.87h
[1857] seed 7001854 neighbour  hops=40 best=4.677648295 basins=11 3.87h
[1858] seed 7001845 structured hops=40 best=4.707106781 basins=6 3.87h
[1859] seed 7001844 random     hops=40 best=4.707106781 basins=15 3.87h
[1860] seed 7001860 random     hops=40 best=4.707106781 basins=4 3.87h
[1861] seed 7001859 random     hops=40 best=4.707106781 basins=3 3.87h
[1862] seed 7001863 random     hops=40 best=4.707106781 basins=4 3.87h
[1863] seed 7001862 neighbour  hops=40 best=4.707106781 basins=8 3.87h
[1864] seed 7001861 structured hops=40 best=4.707106781 basins=8 3.87h
[1865] seed 7001865 structured hops=40 best=5.000000000 basins=1 3.87h
[1866] seed 7001866 neighbour  hops=40 best=4.707106781 basins=9 3.87h
[1867] seed 7001867 random     hops=40 best=4.707106781 basins=5 3.87h
[1868] seed 7001868 random     hops=40 best=4.707106781 basins=4 3.87h
[1869] seed 7001869 structured hops=40 best=4.707106781 basins=3 3.87h
[1870] seed 7001870 neighbour  hops=40 best=4.707106781 basins=8 3.87h
[1871] seed 7001871 random     hops=40 best=4.707106781 basins=4 3.87h
[1872] seed 7001872 random     hops=40 best=4.707106781 basins=4 3.87h
[1873] seed 7001873 structured hops=40 best=4.675530094 basins=17 3.88h
[1874] seed 7001877 structured hops=40 best=4.707106781 basins=10 3.88h
[1875] seed 7001875 random     hops=40 best=4.707106781 basins=7 3.88h
[1876] seed 7001876 random     hops=40 best=4.707106781 basins=5 3.88h
[1877] seed 7001878 neighbour  hops=40 best=4.707106781 basins=9 3.88h
[1878] seed 7001879 random     hops=40 best=4.707106781 basins=3 3.88h
[1879] seed 7001864 random     hops=40 best=4.767766953 basins=6 3.88h
[1880] seed 7001880 random     hops=40 best=4.707106781 basins=14 3.88h
[1881] seed 7001881 structured hops=40 best=4.707106781 basins=6 3.88h
[1882] seed 7001882 neighbour  hops=40 best=4.677648295 basins=21 3.88h
[1883] seed 7001884 random     hops=40 best=4.707106781 basins=4 3.88h
[1884] seed 7001883 random     hops=40 best=4.707106781 basins=5 3.88h
[1885] seed 7001885 structured hops=40 best=4.707106781 basins=4 3.88h
[1886] seed 7001886 neighbour  hops=40 best=4.707106781 basins=8 3.88h
[1887] seed 7001874 neighbour  hops=40 best=4.707106781 basins=4 3.88h
[1888] seed 7001887 random     hops=40 best=4.707106781 basins=5 3.88h
[1889] seed 7001888 random     hops=40 best=4.707106781 basins=6 3.88h
[1890] seed 7001890 neighbour  hops=40 best=4.707106781 basins=6 3.88h
[1891] seed 7001889 structured hops=40 best=4.707106781 basins=9 3.88h
[1892] seed 7001893 structured hops=40 best=4.707106781 basins=5 3.88h
[1893] seed 7001894 neighbour  hops=40 best=4.707106781 basins=6 3.88h
[1894] seed 7001895 random     hops=40 best=4.822875656 basins=4 3.89h
[1895] seed 7001892 random     hops=40 best=4.707106781 basins=7 3.89h
[1896] seed 7001896 random     hops=40 best=4.707106781 basins=4 3.89h
[1897] seed 7001898 neighbour  hops=40 best=4.707106781 basins=5 3.89h
[1898] seed 7001897 structured hops=40 best=4.707106781 basins=15 3.89h
[1899] seed 7001899 random     hops=40 best=4.707106781 basins=6 3.89h
[1900] seed 7001900 random     hops=40 best=4.707106781 basins=3 3.89h
[1901] seed 7001902 neighbour  hops=40 best=4.707106781 basins=7 3.89h
[1902] seed 7001903 random     hops=40 best=4.707106781 basins=4 3.89h
[1903] seed 7001901 structured hops=40 best=4.707106781 basins=6 3.89h
[1904] seed 7001904 random     hops=40 best=4.707106781 basins=5 3.89h
[1905] seed 7001905 structured hops=40 best=4.707106781 basins=5 3.89h
[1906] seed 7001891 random     hops=40 best=4.707106781 basins=14 3.89h
[1907] seed 7001906 neighbour  hops=40 best=4.707106781 basins=6 3.89h
[1908] seed 7001907 random     hops=40 best=4.707106781 basins=7 3.89h
[1909] seed 7001908 random     hops=40 best=4.707106781 basins=7 3.89h
[1910] seed 7001911 random     hops=40 best=4.707106781 basins=4 3.89h
[1911] seed 7001909 structured hops=40 best=4.707106781 basins=6 3.89h
[1912] seed 7001910 neighbour  hops=40 best=4.707106781 basins=6 3.89h
[1913] seed 7001913 structured hops=40 best=4.707106781 basins=5 3.89h
[1914] seed 7001914 neighbour  hops=40 best=4.707106781 basins=6 3.89h
[1915] seed 7001916 random     hops=40 best=4.707106781 basins=4 3.89h
[1916] seed 7001917 structured hops=40 best=4.707106781 basins=6 3.89h
[1917] seed 7001918 neighbour  hops=40 best=4.707106781 basins=7 3.90h
[1918] seed 7001919 random     hops=40 best=4.707106781 basins=6 3.90h
[1919] seed 7001920 random     hops=40 best=4.707106781 basins=6 3.90h
[1920] seed 7001921 structured hops=40 best=4.707106781 basins=4 3.90h
[1921] seed 7001924 random     hops=40 best=4.707106781 basins=6 3.90h
[1922] seed 7001923 random     hops=40 best=4.707106781 basins=4 3.90h
[1923] seed 7001925 structured hops=40 best=4.707106781 basins=7 3.90h
[1924] seed 7001926 neighbour  hops=40 best=4.707106781 basins=5 3.90h
[1925] seed 7001912 random     hops=40 best=4.707106781 basins=10 3.90h
[1926] seed 7001929 structured hops=40 best=4.707106781 basins=8 3.90h
[1927] seed 7001930 neighbour  hops=40 best=4.728581300 basins=9 3.90h
[1928] seed 7001932 random     hops=40 best=4.707106781 basins=6 3.90h
[1929] seed 7001928 random     hops=40 best=4.677648295 basins=15 3.90h
[1930] seed 7001931 random     hops=40 best=4.707106781 basins=8 3.90h
[1931] seed 7001934 neighbour  hops=40 best=4.707106781 basins=7 3.90h
[1932] seed 7001933 structured hops=40 best=4.707106781 basins=8 3.90h
[1933] seed 7001935 random     hops=40 best=4.707106781 basins=5 3.90h
[1934] seed 7001915 random     hops=40 best=4.707106781 basins=15 3.90h
[1935] seed 7001936 random     hops=40 best=4.707106781 basins=6 3.90h
[1936] seed 7001922 neighbour  hops=40 best=4.728500755 basins=9 3.90h
[1937] seed 7001937 structured hops=40 best=4.707106781 basins=11 3.90h
[1938] seed 7001938 neighbour  hops=40 best=4.707106781 basins=5 3.90h
[1939] seed 7001927 random     hops=40 best=4.707106781 basins=7 3.90h
[1940] seed 7001940 random     hops=40 best=4.707106781 basins=6 3.91h
[1941] seed 7001943 random     hops=40 best=4.707106781 basins=5 3.91h
[1942] seed 7001942 neighbour  hops=40 best=4.707106781 basins=7 3.91h
[1943] seed 7001941 structured hops=40 best=4.707106781 basins=5 3.91h
[1944] seed 7001944 random     hops=40 best=4.707106781 basins=5 3.91h
[1945] seed 7001946 neighbour  hops=40 best=4.707106781 basins=6 3.91h
[1946] seed 7001945 structured hops=40 best=5.000000000 basins=1 3.91h
[1947] seed 7001948 random     hops=40 best=4.707106781 basins=3 3.91h
[1948] seed 7001949 structured hops=40 best=5.000000000 basins=1 3.91h
[1949] seed 7001950 neighbour  hops=40 best=4.707106781 basins=9 3.91h
[1950] seed 7001951 random     hops=40 best=4.707106781 basins=5 3.91h
[1951] seed 7001952 random     hops=40 best=4.707106781 basins=5 3.91h
[1952] seed 7001953 structured hops=40 best=4.707106781 basins=3 3.91h
[1953] seed 7001954 neighbour  hops=40 best=4.707106781 basins=7 3.91h
[1954] seed 7001955 random     hops=40 best=5.000000000 basins=1 3.91h
[1955] seed 7001956 random     hops=40 best=4.707106781 basins=4 3.91h
[1956] seed 7001959 random     hops=40 best=4.707106781 basins=7 3.91h
[1957] seed 7001957 structured hops=40 best=4.707106781 basins=4 3.91h
[1958] seed 7001960 random     hops=40 best=4.707106781 basins=4 3.91h
[1959] seed 7001958 neighbour  hops=40 best=4.707106781 basins=7 3.91h
[1960] seed 7001961 structured hops=40 best=4.707106781 basins=3 3.91h
[1961] seed 7001962 neighbour  hops=40 best=4.707106781 basins=6 3.91h
[1962] seed 7001939 random     hops=40 best=4.677648295 basins=20 3.91h
[1963] seed 7001947 random     hops=40 best=4.707106781 basins=11 3.91h
[1964] seed 7001963 random     hops=40 best=4.707106781 basins=4 3.91h
[1965] seed 7001964 random     hops=40 best=4.707106781 basins=5 3.92h
[1966] seed 7001965 structured hops=40 best=4.707106781 basins=4 3.92h
[1967] seed 7001966 neighbour  hops=40 best=4.707106781 basins=6 3.92h
[1968] seed 7001968 random     hops=40 best=4.707106781 basins=4 3.92h
[1969] seed 7001967 random     hops=40 best=4.707106781 basins=5 3.92h
[1970] seed 7001970 neighbour  hops=40 best=4.707106781 basins=6 3.92h
[1971] seed 7001969 structured hops=40 best=4.707106781 basins=5 3.92h
[1972] seed 7001972 random     hops=40 best=4.728581300 basins=3 3.92h
[1973] seed 7001973 structured hops=40 best=4.707106781 basins=5 3.92h
[1974] seed 7001974 neighbour  hops=40 best=4.707106781 basins=6 3.92h
[1975] seed 7001971 random     hops=40 best=4.707106781 basins=5 3.92h
[1976] seed 7001975 random     hops=40 best=4.728581300 basins=4 3.92h
[1977] seed 7001976 random     hops=40 best=4.707106781 basins=3 3.92h
[1978] seed 7001977 structured hops=40 best=4.707106781 basins=4 3.92h
[1979] seed 7001979 random     hops=40 best=4.707106781 basins=5 3.92h
[1980] seed 7001978 neighbour  hops=40 best=4.707106781 basins=3 3.92h
[1981] seed 7001980 random     hops=40 best=4.707106781 basins=5 3.92h
[1982] seed 7001981 structured hops=40 best=4.707106781 basins=4 3.92h
[1983] seed 7001982 neighbour  hops=40 best=4.677648295 basins=14 3.92h
[1984] seed 7001983 random     hops=40 best=5.000000000 basins=1 3.92h
[1985] seed 7001985 structured hops=40 best=5.000000000 basins=1 3.92h
[1986] seed 7001984 random     hops=40 best=4.707106781 basins=4 3.92h
[1987] seed 7001986 neighbour  hops=40 best=4.707106781 basins=5 3.92h
[1988] seed 7001989 structured hops=40 best=4.707106781 basins=6 3.93h
[1989] seed 7001988 random     hops=40 best=4.707106781 basins=8 3.93h
[1990] seed 7001991 random     hops=40 best=4.707106781 basins=5 3.93h
[1991] seed 7001990 neighbour  hops=40 best=4.707106781 basins=9 3.93h
[1992] seed 7001993 structured hops=40 best=4.707106781 basins=8 3.93h
[1993] seed 7001992 random     hops=40 best=4.707106781 basins=11 3.93h
[1994] seed 7001994 neighbour  hops=40 best=4.707106781 basins=14 3.93h
[1995] seed 7001995 random     hops=40 best=4.707106781 basins=4 3.93h
[1996] seed 7001996 random     hops=40 best=4.707106781 basins=5 3.93h
[1997] seed 7001997 structured hops=40 best=4.767766953 basins=3 3.93h
[1998] seed 7001999 random     hops=40 best=4.707106781 basins=10 3.93h
[1999] seed 7001998 neighbour  hops=40 best=4.707106781 basins=8 3.93h
[2000] seed 7002001 structured hops=40 best=4.707106781 basins=5 3.93h
[2001] seed 7001987 random     hops=40 best=4.707106781 basins=15 3.93h
[2002] seed 7002003 random     hops=40 best=4.728500755 basins=5 3.93h
[2003] seed 7002004 random     hops=40 best=4.707106781 basins=2 3.93h
[2004] seed 7002005 structured hops=40 best=4.707106781 basins=2 3.93h
[2005] seed 7002006 neighbour  hops=40 best=4.707106781 basins=8 3.93h
[2006] seed 7002007 random     hops=40 best=4.728581300 basins=5 3.93h
[2007] seed 7002002 neighbour  hops=40 best=4.677648295 basins=17 3.93h
[2008] seed 7002009 structured hops=40 best=4.707106781 basins=8 3.94h
[2009] seed 7002008 random     hops=40 best=4.707106781 basins=15 3.94h
[2010] seed 7002011 random     hops=40 best=4.707106781 basins=6 3.94h
[2011] seed 7002010 neighbour  hops=40 best=4.707106781 basins=5 3.94h
[2012] seed 7002000 random     hops=40 best=4.728500755 basins=6 3.94h
[2013] seed 7002014 neighbour  hops=40 best=4.707106781 basins=10 3.94h
[2014] seed 7002013 structured hops=40 best=5.000000000 basins=1 3.94h
[2015] seed 7002012 random     hops=40 best=4.707106781 basins=3 3.94h
[2016] seed 7002015 random     hops=40 best=4.707106781 basins=4 3.94h
[2017] seed 7002016 random     hops=40 best=4.707106781 basins=3 3.94h
[2018] seed 7002017 structured hops=40 best=5.000000000 basins=1 3.94h
[2019] seed 7002020 random     hops=40 best=4.707106781 basins=4 3.94h
[2020] seed 7002018 neighbour  hops=40 best=4.707106781 basins=6 3.94h
[2021] seed 7002019 random     hops=40 best=4.707106781 basins=8 3.94h
[2022] seed 7002021 structured hops=40 best=4.707106781 basins=8 3.94h
[2023] seed 7002024 random     hops=40 best=4.822875656 basins=2 3.94h
[2024] seed 7002023 random     hops=40 best=4.707106781 basins=7 3.94h
[2025] seed 7002022 neighbour  hops=40 best=4.707106781 basins=9 3.94h
[2026] seed 7002026 neighbour  hops=40 best=4.707106781 basins=8 3.94h
[2027] seed 7002025 structured hops=40 best=4.707106781 basins=6 3.94h
[2028] seed 7002027 random     hops=40 best=4.707106781 basins=5 3.94h
[2029] seed 7002029 structured hops=40 best=4.707106781 basins=4 3.94h
[2030] seed 7002032 random     hops=40 best=4.707106781 basins=4 3.95h
[2031] seed 7002031 random     hops=40 best=4.707106781 basins=3 3.95h
[2032] seed 7002033 structured hops=40 best=4.707106781 basins=6 3.95h
[2033] seed 7002034 neighbour  hops=40 best=4.707106781 basins=7 3.95h
[2034] seed 7002035 random     hops=40 best=4.707106781 basins=5 3.95h
[2035] seed 7002036 random     hops=40 best=4.707106781 basins=11 3.95h
[2036] seed 7002037 structured hops=40 best=4.707106781 basins=5 3.95h
[2037] seed 7002039 random     hops=40 best=4.707106781 basins=8 3.95h
[2038] seed 7002040 random     hops=40 best=4.707106781 basins=6 3.95h
[2039] seed 7002041 structured hops=40 best=4.707106781 basins=5 3.95h
[2040] seed 7002042 neighbour  hops=40 best=4.707106781 basins=3 3.95h
[2041] seed 7002030 neighbour  hops=40 best=4.707106781 basins=16 3.95h
[2042] seed 7002044 random     hops=40 best=5.000000000 basins=1 3.95h
[2043] seed 7002028 random     hops=40 best=4.707106781 basins=7 3.95h
[2044] seed 7002046 neighbour  hops=40 best=4.687707422 basins=18 3.95h
[2045] seed 7002043 random     hops=40 best=4.707106781 basins=10 3.95h
[2046] seed 7002047 random     hops=40 best=4.707106781 basins=3 3.95h
[2047] seed 7002048 random     hops=40 best=4.707106781 basins=3 3.95h
[2048] seed 7002049 structured hops=40 best=4.707106781 basins=8 3.95h
[2049] seed 7002051 random     hops=40 best=4.707106781 basins=5 3.96h
[2050] seed 7002050 neighbour  hops=40 best=4.707106781 basins=7 3.96h
[2051] seed 7002052 random     hops=40 best=4.707106781 basins=1 3.96h
[2052] seed 7002038 neighbour  hops=40 best=4.707106781 basins=9 3.96h
[2053] seed 7002054 neighbour  hops=40 best=4.746154410 basins=17 3.96h
[2054] seed 7002056 random     hops=40 best=4.707106781 basins=4 3.96h
[2055] seed 7002057 structured hops=40 best=4.707106781 basins=3 3.96h
[2056] seed 7002058 neighbour  hops=40 best=4.707106781 basins=7 3.96h
[2057] seed 7002059 random     hops=40 best=4.707106781 basins=8 3.96h
[2058] seed 7002061 structured hops=40 best=4.707106781 basins=7 3.96h
[2059] seed 7002063 random     hops=40 best=4.707106781 basins=3 3.96h
[2060] seed 7002064 random     hops=40 best=4.707106781 basins=3 3.96h
[2061] seed 7002055 random     hops=40 best=4.707106781 basins=6 3.96h
[2062] seed 7002062 neighbour  hops=40 best=4.707106781 basins=11 3.96h
[2063] seed 7002065 structured hops=40 best=4.707106781 basins=5 3.96h
[2064] seed 7002053 structured hops=40 best=4.707106781 basins=5 3.96h
[2065] seed 7002045 structured hops=40 best=4.680125311 basins=18 3.96h
[2066] seed 7002066 neighbour  hops=40 best=4.707106781 basins=5 3.97h
[2067] seed 7002067 random     hops=40 best=4.707106781 basins=3 3.97h
[2068] seed 7002068 random     hops=40 best=4.755342034 basins=2 3.97h
[2069] seed 7002070 neighbour  hops=40 best=4.707106781 basins=8 3.97h
[2070] seed 7002069 structured hops=40 best=4.707106781 basins=8 3.97h
[2071] seed 7002071 random     hops=40 best=4.707106781 basins=12 3.97h
[2072] seed 7002072 random     hops=40 best=4.707106781 basins=8 3.97h
[2073] seed 7002073 structured hops=40 best=4.707106781 basins=6 3.97h
[2074] seed 7002074 neighbour  hops=40 best=4.707106781 basins=10 3.97h
[2075] seed 7002075 random     hops=40 best=4.707106781 basins=5 3.97h
[2076] seed 7002076 random     hops=40 best=4.707106781 basins=6 3.97h
[2077] seed 7002060 random     hops=40 best=4.677648295 basins=21 3.97h
[2078] seed 7002077 structured hops=40 best=4.707106781 basins=10 3.97h
[2079] seed 7002078 neighbour  hops=40 best=4.707106781 basins=5 3.97h
[2080] seed 7002079 random     hops=40 best=4.707106781 basins=2 3.97h
[2081] seed 7002081 structured hops=40 best=4.707106781 basins=6 3.97h
[2082] seed 7002080 random     hops=40 best=4.707106781 basins=4 3.97h
[2083] seed 7002083 random     hops=40 best=4.707106781 basins=3 3.97h
[2084] seed 7002084 random     hops=40 best=4.707106781 basins=5 3.97h
[2085] seed 7002085 structured hops=40 best=4.707106781 basins=2 3.97h
[2086] seed 7002088 random     hops=40 best=4.707106781 basins=3 3.97h
[2087] seed 7002089 structured hops=40 best=4.822875656 basins=2 3.97h
[2088] seed 7002086 neighbour  hops=40 best=4.707106781 basins=10 3.97h
[2089] seed 7002087 random     hops=40 best=4.707106781 basins=6 3.97h
[2090] seed 7002090 neighbour  hops=40 best=4.707106781 basins=7 3.97h
[2091] seed 7002092 random     hops=40 best=4.707106781 basins=5 3.97h
[2092] seed 7002091 random     hops=40 best=4.707106781 basins=4 3.98h
[2093] seed 7002094 neighbour  hops=40 best=4.707106781 basins=12 3.98h
[2094] seed 7002096 random     hops=40 best=4.707106781 basins=4 3.98h
[2095] seed 7002093 structured hops=40 best=4.707106781 basins=11 3.98h
[2096] seed 7002097 structured hops=40 best=5.000000000 basins=1 3.98h
[2097] seed 7002095 random     hops=40 best=4.677648295 basins=16 3.98h
[2098] seed 7002098 neighbour  hops=40 best=4.707106781 basins=12 3.98h
[2099] seed 7002099 random     hops=40 best=4.707106781 basins=5 3.98h
[2100] seed 7002100 random     hops=40 best=4.707106781 basins=4 3.98h
[2101] seed 7002101 structured hops=40 best=4.707106781 basins=3 3.98h
[2102] seed 7002102 neighbour  hops=40 best=4.707106781 basins=6 3.98h
[2103] seed 7002103 random     hops=40 best=4.707106781 basins=6 3.98h
[2104] seed 7002105 structured hops=40 best=5.000000000 basins=1 3.98h
[2105] seed 7002082 neighbour  hops=40 best=4.677648295 basins=13 3.98h
[2106] seed 7002104 random     hops=40 best=4.707106781 basins=7 3.98h
[2107] seed 7002107 random     hops=40 best=4.707106781 basins=2 3.98h
[2108] seed 7002106 neighbour  hops=40 best=4.707106781 basins=5 3.98h
[2109] seed 7002109 structured hops=40 best=4.707106781 basins=3 3.98h
[2110] seed 7002110 neighbour  hops=40 best=4.707106781 basins=9 3.98h
[2111] seed 7002111 random     hops=40 best=4.707106781 basins=5 3.98h
[2112] seed 7002114 neighbour  hops=40 best=4.707106781 basins=6 3.98h
[2113] seed 7002115 random     hops=40 best=5.000000000 basins=1 3.98h
[2114] seed 7002113 structured hops=40 best=4.707106781 basins=4 3.98h
[2115] seed 7002112 random     hops=40 best=4.675530094 basins=21 3.98h
[2116] seed 7002116 random     hops=40 best=4.707106781 basins=17 3.99h
[2117] seed 7002117 structured hops=40 best=4.707106781 basins=5 3.99h
[2118] seed 7002118 neighbour  hops=40 best=4.707106781 basins=8 3.99h
[2119] seed 7002119 random     hops=40 best=4.767766953 basins=11 3.99h
[2120] seed 7002120 random     hops=40 best=4.707106781 basins=8 3.99h
[2121] seed 7002121 structured hops=40 best=4.707106781 basins=6 3.99h
[2122] seed 7002122 neighbour  hops=40 best=4.707106781 basins=5 3.99h
[2123] seed 7002123 random     hops=40 best=4.707106781 basins=6 3.99h
[2124] seed 7002108 random     hops=40 best=4.707106781 basins=8 3.99h
[2125] seed 7002125 structured hops=40 best=4.707106781 basins=6 3.99h
[2126] seed 7002127 random     hops=40 best=4.707106781 basins=11 3.99h
[2127] seed 7002126 neighbour  hops=40 best=4.707106781 basins=8 3.99h
[2128] seed 7002128 random     hops=40 best=4.707106781 basins=8 3.99h
[2129] seed 7002131 random     hops=40 best=4.707106781 basins=7 3.99h
[2130] seed 7002130 neighbour  hops=40 best=4.707106781 basins=8 3.99h
[2131] seed 7002129 structured hops=40 best=4.707106781 basins=7 3.99h
[2132] seed 7002132 random     hops=40 best=4.707106781 basins=5 3.99h
[2133] seed 7002133 structured hops=40 best=4.707106781 basins=3 3.99h
[2134] seed 7002135 random     hops=40 best=4.707106781 basins=5 3.99h
[2135] seed 7002136 random     hops=40 best=4.728581300 basins=4 3.99h
[2136] seed 7002124 random     hops=40 best=4.677648295 basins=22 4.00h
[2137] seed 7002137 structured hops=40 best=4.707106781 basins=5 4.00h
[2138] seed 7002138 neighbour  hops=40 best=4.707106781 basins=15 4.00h
[2139] seed 7002140 random     hops=40 best=4.707106781 basins=6 4.00h
[2140] seed 7002139 random     hops=40 best=4.707106781 basins=3 4.00h
[2141] seed 7002141 structured hops=40 best=4.707106781 basins=6 4.00h
[2142] seed 7002134 neighbour  hops=40 best=4.677648295 basins=16 4.00h
[2143] seed 7002143 random     hops=40 best=5.000000000 basins=1 4.00h
[2144] seed 7002142 neighbour  hops=40 best=4.707106781 basins=7 4.00h
[2145] seed 7002144 random     hops=40 best=4.707106781 basins=7 4.00h
[2146] seed 7002145 structured hops=40 best=4.707106781 basins=4 4.00h
[2147] seed 7002148 random     hops=40 best=4.707106781 basins=8 4.00h
[2148] seed 7002147 random     hops=40 best=4.707106781 basins=10 4.00h
[2149] seed 7002149 structured hops=40 best=4.707106781 basins=3 4.00h
[2150] seed 7002150 neighbour  hops=40 best=4.707106781 basins=10 4.00h
[2151] seed 7002151 random     hops=40 best=4.707106781 basins=6 4.00h
[2152] seed 7002152 random     hops=40 best=4.707106781 basins=11 4.00h
[2153] seed 7002153 structured hops=40 best=4.707106781 basins=7 4.00h
[2154] seed 7002155 random     hops=40 best=4.707106781 basins=4 4.00h
[2155] seed 7002154 neighbour  hops=40 best=4.707106781 basins=9 4.00h
[2156] seed 7002156 random     hops=40 best=4.707106781 basins=4 4.00h
[2157] seed 7002158 neighbour  hops=40 best=4.707106781 basins=7 4.01h
[2158] seed 7002157 structured hops=40 best=5.000000000 basins=1 4.01h
[2159] seed 7002159 random     hops=40 best=4.707106781 basins=4 4.01h
[2160] seed 7002160 random     hops=40 best=4.707106781 basins=4 4.01h
[2161] seed 7002161 structured hops=40 best=4.707106781 basins=8 4.01h
[2162] seed 7002163 random     hops=40 best=4.707106781 basins=2 4.01h
[2163] seed 7002146 neighbour  hops=40 best=4.677648295 basins=15 4.01h
[2164] seed 7002164 random     hops=40 best=4.707106781 basins=8 4.01h
[2165] seed 7002165 structured hops=40 best=4.707106781 basins=5 4.01h
[2166] seed 7002166 neighbour  hops=40 best=4.707106781 basins=7 4.01h
[2167] seed 7002167 random     hops=40 best=4.707106781 basins=3 4.01h
[2168] seed 7002169 structured hops=40 best=4.707106781 basins=4 4.01h
[2169] seed 7002171 random     hops=40 best=5.000000000 basins=1 4.01h
[2170] seed 7002172 random     hops=40 best=4.707106781 basins=10 4.01h
[2171] seed 7002173 structured hops=40 best=4.707106781 basins=3 4.01h
[2172] seed 7002170 neighbour  hops=40 best=4.707106781 basins=7 4.01h
[2173] seed 7002175 random     hops=40 best=4.707106781 basins=8 4.02h
[2174] seed 7002174 neighbour  hops=40 best=4.707106781 basins=10 4.02h
[2175] seed 7002176 random     hops=40 best=4.707106781 basins=5 4.02h
[2176] seed 7002177 structured hops=40 best=4.707106781 basins=5 4.02h
[2177] seed 7002180 random     hops=40 best=4.707106781 basins=5 4.02h
[2178] seed 7002178 neighbour  hops=40 best=4.707106781 basins=8 4.02h
[2179] seed 7002179 random     hops=40 best=4.707106781 basins=6 4.02h
[2180] seed 7002181 structured hops=40 best=5.000000000 basins=1 4.02h
[2181] seed 7002168 random     hops=40 best=4.707106781 basins=8 4.02h
[2182] seed 7002182 neighbour  hops=40 best=4.707106781 basins=3 4.02h
[2183] seed 7002162 neighbour  hops=40 best=4.696468889 basins=15 4.02h
[2184] seed 7002183 random     hops=40 best=4.707106781 basins=11 4.02h
[2185] seed 7002185 structured hops=40 best=5.000000000 basins=2 4.02h
[2186] seed 7002186 neighbour  hops=40 best=4.707106781 basins=5 4.02h
[2187] seed 7002188 random     hops=40 best=4.707106781 basins=6 4.02h
[2188] seed 7002187 random     hops=40 best=4.707106781 basins=6 4.02h
[2189] seed 7002189 structured hops=40 best=4.707106781 basins=6 4.02h
[2190] seed 7002190 neighbour  hops=40 best=4.707106781 basins=8 4.02h
[2191] seed 7002193 structured hops=40 best=4.707106781 basins=4 4.02h
[2192] seed 7002192 random     hops=40 best=4.707106781 basins=4 4.02h
[2193] seed 7002195 random     hops=40 best=4.707106781 basins=4 4.02h
[2194] seed 7002196 random     hops=40 best=4.707106781 basins=7 4.02h
[2195] seed 7002197 structured hops=40 best=4.707106781 basins=3 4.02h
[2196] seed 7002194 neighbour  hops=40 best=4.707106781 basins=7 4.03h
[2197] seed 7002198 neighbour  hops=40 best=4.707106781 basins=11 4.03h
[2198] seed 7002191 random     hops=40 best=4.707106781 basins=8 4.03h
[2199] seed 7002201 structured hops=40 best=4.707106781 basins=3 4.03h
[2200] seed 7002200 random     hops=40 best=4.707106781 basins=4 4.03h
[2201] seed 7002202 neighbour  hops=40 best=4.677648295 basins=11 4.03h
[2202] seed 7002203 random     hops=40 best=4.707106781 basins=6 4.03h
[2203] seed 7002204 random     hops=40 best=4.707106781 basins=4 4.03h
[2204] seed 7002206 neighbour  hops=40 best=4.707106781 basins=8 4.03h
[2205] seed 7002205 structured hops=40 best=4.707106781 basins=7 4.03h
[2206] seed 7002199 random     hops=40 best=4.677648295 basins=25 4.03h
[2207] seed 7002184 random     hops=40 best=4.707106781 basins=13 4.03h
[2208] seed 7002207 random     hops=40 best=4.707106781 basins=6 4.03h
[2209] seed 7002208 random     hops=40 best=4.707106781 basins=5 4.03h
[2210] seed 7002209 structured hops=40 best=4.707106781 basins=5 4.03h
[2211] seed 7002212 random     hops=40 best=4.707106781 basins=6 4.03h
[2212] seed 7002210 neighbour  hops=40 best=4.728581300 basins=11 4.03h
[2213] seed 7002211 random     hops=40 best=4.707106781 basins=6 4.03h
[2214] seed 7002213 structured hops=40 best=4.707106781 basins=7 4.03h
[2215] seed 7002215 random     hops=40 best=4.707106781 basins=7 4.03h
[2216] seed 7002216 random     hops=40 best=4.707106781 basins=4 4.03h
[2217] seed 7002214 neighbour  hops=40 best=4.707106781 basins=6 4.03h
[2218] seed 7002217 structured hops=40 best=4.707106781 basins=4 4.03h
[2219] seed 7002219 random     hops=40 best=4.707106781 basins=7 4.03h
[2220] seed 7002220 random     hops=40 best=4.707106781 basins=5 4.04h
[2221] seed 7002221 structured hops=40 best=4.707106781 basins=4 4.04h
[2222] seed 7002222 neighbour  hops=40 best=4.707106781 basins=7 4.04h
[2223] seed 7002223 random     hops=40 best=4.707106781 basins=10 4.04h
[2224] seed 7002224 random     hops=40 best=4.707106781 basins=3 4.04h
[2225] seed 7002218 neighbour  hops=40 best=4.707106781 basins=6 4.04h
[2226] seed 7002227 random     hops=40 best=4.707106781 basins=6 4.04h
[2227] seed 7002226 neighbour  hops=40 best=4.707106781 basins=7 4.04h
[2228] seed 7002225 structured hops=40 best=4.707106781 basins=5 4.04h
[2229] seed 7002229 structured hops=40 best=5.000000000 basins=1 4.04h
[2230] seed 7002228 random     hops=40 best=4.707106781 basins=7 4.04h
[2231] seed 7002232 random     hops=40 best=4.707106781 basins=7 4.04h
[2232] seed 7002231 random     hops=40 best=4.707106781 basins=6 4.04h
[2233] seed 7002233 structured hops=40 best=4.707106781 basins=9 4.04h
[2234] seed 7002235 random     hops=40 best=5.000000000 basins=1 4.04h
[2235] seed 7002234 neighbour  hops=40 best=4.707106781 basins=4 4.04h
[2236] seed 7002237 structured hops=40 best=4.707106781 basins=7 4.04h
[2237] seed 7002240 random     hops=40 best=4.707106781 basins=6 4.04h
[2238] seed 7002239 random     hops=40 best=5.000000000 basins=1 4.04h
[2239] seed 7002238 neighbour  hops=40 best=4.707106781 basins=5 4.04h
[2240] seed 7002241 structured hops=40 best=4.707106781 basins=9 4.04h
[2241] seed 7002242 neighbour  hops=40 best=4.707106781 basins=6 4.05h
[2242] seed 7002245 structured hops=40 best=5.000000000 basins=1 4.05h
[2243] seed 7002244 random     hops=40 best=4.707106781 basins=4 4.05h
[2244] seed 7002248 random     hops=40 best=4.707106781 basins=5 4.05h
[2245] seed 7002247 random     hops=40 best=4.707106781 basins=12 4.05h
[2246] seed 7002236 random     hops=40 best=4.707106781 basins=6 4.05h
[2247] seed 7002246 neighbour  hops=40 best=4.707106781 basins=9 4.05h
[2248] seed 7002249 structured hops=40 best=4.707106781 basins=5 4.05h
[2249] seed 7002230 neighbour  hops=40 best=4.677648295 basins=17 4.05h
[2250] seed 7002251 random     hops=40 best=4.707106781 basins=3 4.05h
[2251] seed 7002253 structured hops=40 best=4.707106781 basins=9 4.05h
[2252] seed 7002250 neighbour  hops=40 best=4.707106781 basins=14 4.05h
[2253] seed 7002254 neighbour  hops=40 best=4.707106781 basins=5 4.05h
[2254] seed 7002243 random     hops=40 best=4.718873361 basins=17 4.05h
[2255] seed 7002255 random     hops=40 best=4.707106781 basins=8 4.05h
[2256] seed 7002256 random     hops=40 best=4.707106781 basins=9 4.05h
[2257] seed 7002257 structured hops=40 best=5.000000000 basins=1 4.05h
[2258] seed 7002258 neighbour  hops=40 best=4.707106781 basins=3 4.05h
[2259] seed 7002259 random     hops=40 best=4.767766953 basins=3 4.05h
[2260] seed 7002260 random     hops=40 best=4.707106781 basins=6 4.05h
[2261] seed 7002261 structured hops=40 best=4.707106781 basins=3 4.05h
[2262] seed 7002263 random     hops=40 best=4.707106781 basins=6 4.05h
[2263] seed 7002262 neighbour  hops=40 best=4.707106781 basins=10 4.05h
[2264] seed 7002264 random     hops=40 best=4.707106781 basins=7 4.06h
[2265] seed 7002265 structured hops=40 best=4.707106781 basins=4 4.06h
[2266] seed 7002266 neighbour  hops=40 best=4.707106781 basins=7 4.06h
[2267] seed 7002267 random     hops=40 best=4.707106781 basins=11 4.06h
[2268] seed 7002268 random     hops=40 best=4.707106781 basins=6 4.06h
[2269] seed 7002271 random     hops=40 best=4.767766953 basins=4 4.06h
[2270] seed 7002273 structured hops=40 best=4.707106781 basins=7 4.06h
[2271] seed 7002276 random     hops=40 best=4.707106781 basins=4 4.06h
[2272] seed 7002275 random     hops=40 best=4.707106781 basins=4 4.06h
[2273] seed 7002277 structured hops=40 best=4.707106781 basins=5 4.06h
[2274] seed 7002278 neighbour  hops=40 best=4.707106781 basins=8 4.06h
[2275] seed 7002279 random     hops=40 best=4.677648295 basins=15 4.06h
[2276] seed 7002274 neighbour  hops=40 best=4.707106781 basins=8 4.06h
[2277] seed 7002280 random     hops=40 best=4.707106781 basins=3 4.06h
[2278] seed 7002281 structured hops=40 best=4.707106781 basins=3 4.06h
[2279] seed 7002269 structured hops=40 best=4.707106781 basins=5 4.06h
[2280] seed 7002283 random     hops=40 best=4.707106781 basins=4 4.07h
[2281] seed 7002284 random     hops=40 best=5.000000000 basins=1 4.07h
[2282] seed 7002285 structured hops=40 best=4.707106781 basins=3 4.07h
[2283] seed 7002270 neighbour  hops=40 best=4.707106781 basins=11 4.07h
[2284] seed 7002286 neighbour  hops=40 best=4.707106781 basins=5 4.07h
[2285] seed 7002287 random     hops=40 best=5.000000000 basins=1 4.07h
[2286] seed 7002272 random     hops=40 best=4.707106781 basins=15 4.07h
[2287] seed 7002288 random     hops=40 best=4.707106781 basins=5 4.07h
[2288] seed 7002289 structured hops=40 best=4.707106781 basins=6 4.07h
[2289] seed 7002290 neighbour  hops=40 best=4.707106781 basins=10 4.07h
[2290] seed 7002291 random     hops=40 best=4.707106781 basins=5 4.07h
[2291] seed 7002292 random     hops=40 best=4.707106781 basins=7 4.07h
[2292] seed 7002293 structured hops=40 best=4.707106781 basins=7 4.07h
[2293] seed 7002282 neighbour  hops=40 best=4.707106781 basins=8 4.07h
[2294] seed 7002295 random     hops=40 best=4.707106781 basins=6 4.07h
[2295] seed 7002297 structured hops=40 best=4.707106781 basins=6 4.07h
[2296] seed 7002296 random     hops=40 best=4.707106781 basins=9 4.07h
[2297] seed 7002299 random     hops=40 best=4.707106781 basins=3 4.07h
[2298] seed 7002298 neighbour  hops=40 best=4.707106781 basins=9 4.07h
[2299] seed 7002301 structured hops=40 best=4.707106781 basins=5 4.07h
[2300] seed 7002302 neighbour  hops=40 best=4.707106781 basins=6 4.07h
[2301] seed 7002300 random     hops=40 best=4.707106781 basins=4 4.07h
[2302] seed 7002303 random     hops=40 best=4.707106781 basins=4 4.07h
[2303] seed 7002304 random     hops=40 best=4.707106781 basins=6 4.08h
[2304] seed 7002305 structured hops=40 best=4.707106781 basins=5 4.08h
[2305] seed 7002307 random     hops=40 best=4.707106781 basins=4 4.08h
[2306] seed 7002294 neighbour  hops=40 best=4.677648295 basins=26 4.08h
[2307] seed 7002306 neighbour  hops=40 best=4.675530094 basins=21 4.08h
[2308] seed 7002309 structured hops=40 best=4.707106781 basins=6 4.08h
[2309] seed 7002310 neighbour  hops=40 best=4.707106781 basins=9 4.08h
[2310] seed 7002308 random     hops=40 best=4.707106781 basins=5 4.08h
[2311] seed 7002311 random     hops=40 best=4.707106781 basins=12 4.08h
[2312] seed 7002312 random     hops=40 best=4.707106781 basins=3 4.08h
[2313] seed 7002315 random     hops=40 best=4.707106781 basins=4 4.08h
[2314] seed 7002316 random     hops=40 best=4.707106781 basins=5 4.08h
[2315] seed 7002314 neighbour  hops=40 best=4.707106781 basins=7 4.08h
[2316] seed 7002252 random     hops=40 best=4.707106781 basins=13 4.08h
[2317] seed 7002313 structured hops=40 best=4.707106781 basins=13 4.08h
[2318] seed 7002319 random     hops=40 best=4.707106781 basins=8 4.08h
[2319] seed 7002317 structured hops=40 best=4.707106781 basins=6 4.08h
[2320] seed 7002318 neighbour  hops=40 best=4.707106781 basins=7 4.08h
[2321] seed 7002321 structured hops=40 best=4.707106781 basins=5 4.08h
[2322] seed 7002323 random     hops=40 best=4.707106781 basins=2 4.08h
[2323] seed 7002322 neighbour  hops=40 best=4.677648295 basins=18 4.08h
[2324] seed 7002325 structured hops=40 best=4.707106781 basins=5 4.09h
[2325] seed 7002324 random     hops=40 best=4.707106781 basins=6 4.09h
[2326] seed 7002327 random     hops=40 best=4.707106781 basins=3 4.09h
[2327] seed 7002326 neighbour  hops=40 best=4.707106781 basins=9 4.09h
[2328] seed 7002328 random     hops=40 best=4.707106781 basins=9 4.09h
[2329] seed 7002329 structured hops=40 best=4.707106781 basins=7 4.09h
[2330] seed 7002330 neighbour  hops=40 best=4.707106781 basins=6 4.09h
[2331] seed 7002332 random     hops=40 best=4.707106781 basins=5 4.09h
[2332] seed 7002331 random     hops=40 best=4.707106781 basins=4 4.09h
[2333] seed 7002333 structured hops=40 best=5.000000000 basins=1 4.09h
[2334] seed 7002335 random     hops=40 best=4.707106781 basins=3 4.09h
[2335] seed 7002320 random     hops=40 best=4.707106781 basins=10 4.09h
[2336] seed 7002334 neighbour  hops=40 best=4.720210326 basins=15 4.09h
[2337] seed 7002336 random     hops=40 best=4.707106781 basins=15 4.09h
[2338] seed 7002340 random     hops=40 best=4.707106781 basins=3 4.09h
[2339] seed 7002338 neighbour  hops=40 best=4.707106781 basins=6 4.09h
[2340] seed 7002339 random     hops=40 best=4.707106781 basins=4 4.09h
[2341] seed 7002341 structured hops=40 best=4.707106781 basins=10 4.09h
[2342] seed 7002342 neighbour  hops=40 best=4.707106781 basins=6 4.09h
[2343] seed 7002344 random     hops=40 best=4.707106781 basins=4 4.09h
[2344] seed 7002346 neighbour  hops=40 best=4.707106781 basins=10 4.10h
[2345] seed 7002349 structured hops=40 best=4.707106781 basins=5 4.10h
[2346] seed 7002337 structured hops=40 best=4.707106781 basins=6 4.10h
[2347] seed 7002347 random     hops=40 best=5.000000000 basins=1 4.10h
[2348] seed 7002348 random     hops=40 best=4.677648295 basins=18 4.10h
[2349] seed 7002352 random     hops=40 best=4.707106781 basins=5 4.10h
[2350] seed 7002351 random     hops=40 best=5.000000000 basins=1 4.10h
[2351] seed 7002353 structured hops=40 best=4.707106781 basins=4 4.10h
[2352] seed 7002350 neighbour  hops=40 best=4.707106781 basins=10 4.10h
[2353] seed 7002354 neighbour  hops=40 best=4.707106781 basins=5 4.10h
[2354] seed 7002355 random     hops=40 best=4.707106781 basins=7 4.10h
[2355] seed 7002357 structured hops=40 best=4.707106781 basins=3 4.10h
[2356] seed 7002345 structured hops=40 best=4.707106781 basins=13 4.10h
[2357] seed 7002356 random     hops=40 best=4.707106781 basins=5 4.10h
[2358] seed 7002359 random     hops=40 best=4.728581300 basins=4 4.10h
[2359] seed 7002358 neighbour  hops=40 best=4.707106781 basins=6 4.10h
[2360] seed 7002361 structured hops=40 best=5.000000000 basins=1 4.10h
[2361] seed 7002360 random     hops=40 best=4.707106781 basins=4 4.10h
[2362] seed 7002363 random     hops=40 best=4.707106781 basins=8 4.10h
[2363] seed 7002365 structured hops=40 best=4.707106781 basins=9 4.10h
[2364] seed 7002364 random     hops=40 best=4.707106781 basins=7 4.10h
[2365] seed 7002366 neighbour  hops=40 best=4.707106781 basins=6 4.10h
[2366] seed 7002367 random     hops=40 best=4.707106781 basins=3 4.10h
[2367] seed 7002369 structured hops=40 best=4.707106781 basins=6 4.11h
[2368] seed 7002368 random     hops=40 best=4.767766953 basins=4 4.11h
[2369] seed 7002371 random     hops=40 best=4.707106781 basins=4 4.11h
[2370] seed 7002372 random     hops=40 best=4.707106781 basins=3 4.11h
[2371] seed 7002374 neighbour  hops=40 best=4.707106781 basins=4 4.11h
[2372] seed 7002373 structured hops=40 best=4.707106781 basins=15 4.11h
[2373] seed 7002343 random     hops=40 best=4.677648295 basins=19 4.11h
[2374] seed 7002375 random     hops=40 best=4.707106781 basins=5 4.11h
[2375] seed 7002376 random     hops=40 best=4.707106781 basins=5 4.11h
[2376] seed 7002378 neighbour  hops=40 best=4.707106781 basins=3 4.11h
[2377] seed 7002379 random     hops=40 best=4.707106781 basins=5 4.11h
[2378] seed 7002377 structured hops=40 best=4.707106781 basins=5 4.11h
[2379] seed 7002362 neighbour  hops=40 best=4.707106781 basins=13 4.11h
[2380] seed 7002381 structured hops=40 best=4.707106781 basins=2 4.11h
[2381] seed 7002380 random     hops=40 best=4.707106781 basins=5 4.11h
[2382] seed 7002370 neighbour  hops=40 best=4.707106781 basins=7 4.11h
[2383] seed 7002383 random     hops=40 best=4.707106781 basins=6 4.11h
[2384] seed 7002385 structured hops=40 best=4.707106781 basins=4 4.11h
[2385] seed 7002384 random     hops=40 best=4.707106781 basins=10 4.11h
[2386] seed 7002386 neighbour  hops=40 best=4.707106781 basins=13 4.11h
[2387] seed 7002388 random     hops=40 best=5.000000000 basins=1 4.12h
[2388] seed 7002391 random     hops=40 best=4.707106781 basins=9 4.12h
[2389] seed 7002392 random     hops=40 best=4.707106781 basins=8 4.12h
[2390] seed 7002390 neighbour  hops=40 best=4.707106781 basins=4 4.12h
[2391] seed 7002389 structured hops=40 best=4.707106781 basins=6 4.12h
[2392] seed 7002393 structured hops=40 best=4.707106781 basins=7 4.12h
[2393] seed 7002395 random     hops=40 best=4.707106781 basins=3 4.13h
[2394] seed 7002394 neighbour  hops=40 best=4.707106781 basins=4 4.13h
[2395] seed 7002382 neighbour  hops=40 best=4.707106781 basins=6 4.13h
[2396] seed 7002396 random     hops=40 best=4.707106781 basins=2 4.13h
[2397] seed 7002397 structured hops=40 best=4.707106781 basins=10 4.13h
[2398] seed 7002398 neighbour  hops=40 best=4.707106781 basins=9 4.28h
[2399] seed 7002387 random     hops=40 best=5.000000000 basins=2 4.28h
[2400] seed 7002400 random     hops=40 best=4.728581300 basins=7 4.28h
[2401] seed 7002399 random     hops=40 best=4.707106781 basins=5 4.28h
[2402] seed 7002401 structured hops=40 best=4.707106781 basins=5 4.28h
[2403] seed 7002402 neighbour  hops=40 best=4.707106781 basins=6 4.28h
[2404] seed 7002403 random     hops=40 best=4.707106781 basins=6 4.28h
[2405] seed 7002404 random     hops=40 best=4.707106781 basins=3 4.29h
[2406] seed 7002407 random     hops=40 best=4.707106781 basins=5 4.29h
[2407] seed 7002405 structured hops=40 best=4.707106781 basins=9 4.29h
[2408] seed 7002406 neighbour  hops=40 best=4.707106781 basins=11 4.29h
[2409] seed 7002408 random     hops=40 best=4.707106781 basins=6 4.29h
[2410] seed 7002409 structured hops=40 best=4.707106781 basins=12 4.29h
[2411] seed 7002412 random     hops=40 best=4.707106781 basins=4 4.30h
[2412] seed 7002413 structured hops=40 best=4.707106781 basins=5 4.30h
[2413] seed 7002411 random     hops=40 best=4.707106781 basins=5 4.30h
[2414] seed 7002415 random     hops=40 best=4.707106781 basins=8 4.30h
[2415] seed 7002417 structured hops=40 best=4.707106781 basins=5 4.30h
[2416] seed 7002418 neighbour  hops=40 best=4.707106781 basins=9 4.30h
[2417] seed 7002420 random     hops=40 best=4.707106781 basins=4 4.30h
[2418] seed 7002421 structured hops=40 best=4.707106781 basins=3 4.30h
[2419] seed 7002419 random     hops=40 best=4.720210326 basins=18 4.30h
[2420] seed 7002423 random     hops=40 best=4.707106781 basins=3 4.30h
[2421] seed 7002426 neighbour  hops=40 best=4.707106781 basins=7 4.30h
[2422] seed 7002425 structured hops=40 best=4.707106781 basins=3 4.31h
[2423] seed 7002427 random     hops=40 best=4.707106781 basins=5 4.31h
[2424] seed 7002410 neighbour  hops=40 best=4.707106781 basins=12 4.31h
[2425] seed 7002428 random     hops=40 best=4.707106781 basins=5 4.31h
[2426] seed 7002429 structured hops=40 best=5.000000000 basins=1 4.31h
[2427] seed 7002414 neighbour  hops=40 best=4.707106781 basins=3 4.31h
[2428] seed 7002416 random     hops=40 best=4.707106781 basins=9 4.31h
[2429] seed 7002431 random     hops=40 best=4.707106781 basins=5 4.31h
[2430] seed 7002430 neighbour  hops=40 best=4.707106781 basins=12 4.31h
[2431] seed 7002432 random     hops=40 best=4.707106781 basins=6 4.31h
[2432] seed 7002433 structured hops=40 best=4.707106781 basins=6 4.31h
[2433] seed 7002422 neighbour  hops=40 best=4.707106781 basins=6 4.31h
[2434] seed 7002436 random     hops=40 best=4.707106781 basins=5 4.32h
[2435] seed 7002434 neighbour  hops=40 best=4.707106781 basins=7 4.32h
[2436] seed 7002435 random     hops=40 best=4.707106781 basins=4 4.32h
[2437] seed 7002437 structured hops=40 best=4.707106781 basins=5 4.32h
[2438] seed 7002438 neighbour  hops=40 best=4.707106781 basins=4 4.32h
[2439] seed 7002439 random     hops=40 best=4.707106781 basins=4 4.32h
[2440] seed 7002440 random     hops=40 best=4.707106781 basins=3 4.35h
[2441] seed 7002441 structured hops=40 best=4.707106781 basins=5 4.35h
[2442] seed 7002443 random     hops=40 best=4.707106781 basins=5 4.35h
[2443] seed 7002442 neighbour  hops=40 best=4.707106781 basins=7 4.35h
[2444] seed 7002444 random     hops=40 best=4.707106781 basins=2 4.35h
[2445] seed 7002446 neighbour  hops=40 best=4.707106781 basins=9 4.35h
[2446] seed 7002445 structured hops=40 best=4.707106781 basins=11 4.35h
[2447] seed 7002447 random     hops=40 best=4.707106781 basins=8 4.35h
[2448] seed 7002449 structured hops=40 best=4.707106781 basins=4 4.35h
[2449] seed 7002424 random     hops=40 best=4.707106781 basins=12 4.35h
[2450] seed 7002448 random     hops=40 best=4.707106781 basins=5 4.35h
[2451] seed 7002451 random     hops=40 best=4.707106781 basins=3 4.36h
[2452] seed 7002450 neighbour  hops=40 best=4.707106781 basins=13 4.36h
[2453] seed 7002452 random     hops=40 best=4.707106781 basins=6 4.37h
[2454] seed 7002455 random     hops=40 best=4.707106781 basins=4 4.37h
[2455] seed 7002457 structured hops=40 best=4.707106781 basins=4 4.37h
[2456] seed 7002454 neighbour  hops=40 best=4.707106781 basins=10 4.37h
[2457] seed 7002456 random     hops=40 best=4.767766953 basins=4 4.64h
[2458] seed 7002459 random     hops=40 best=4.707106781 basins=3 4.64h
[2459] seed 7002461 structured hops=40 best=4.707106781 basins=3 4.64h
[2460] seed 7002460 random     hops=40 best=5.000000000 basins=1 4.64h
[2461] seed 7002458 neighbour  hops=40 best=4.707106781 basins=5 4.64h
[2462] seed 7002464 random     hops=40 best=4.707106781 basins=6 4.64h
[2463] seed 7002465 structured hops=40 best=4.707106781 basins=3 4.64h
[2464] seed 7002467 random     hops=40 best=4.707106781 basins=4 4.64h
[2465] seed 7002469 structured hops=40 best=4.707106781 basins=4 4.64h
[2466] seed 7002468 random     hops=40 best=4.707106781 basins=4 4.64h
[2467] seed 7002470 neighbour  hops=40 best=4.677648295 basins=10 4.64h
[2468] seed 7002471 random     hops=40 best=4.707106781 basins=3 4.64h
[2469] seed 7002453 structured hops=40 best=4.707106781 basins=8 4.64h
[2470] seed 7002472 random     hops=40 best=4.707106781 basins=12 4.65h
[2471] seed 7002473 structured hops=40 best=4.707106781 basins=3 4.65h
[2472] seed 7002474 neighbour  hops=40 best=4.767766953 basins=9 4.65h
[2473] seed 7002462 neighbour  hops=40 best=4.707106781 basins=11 4.65h
[2474] seed 7002476 random     hops=40 best=4.707106781 basins=4 4.65h
[2475] seed 7002475 random     hops=40 best=4.707106781 basins=4 4.65h
[2476] seed 7002477 structured hops=40 best=4.707106781 basins=4 4.65h
[2477] seed 7002478 neighbour  hops=40 best=4.707106781 basins=7 4.65h
[2478] seed 7002479 random     hops=40 best=4.707106781 basins=4 4.65h
[2479] seed 7002466 neighbour  hops=40 best=4.707106781 basins=9 4.65h
[2480] seed 7002481 structured hops=40 best=4.707106781 basins=5 4.65h
[2481] seed 7002482 neighbour  hops=40 best=4.707106781 basins=11 4.65h
[2482] seed 7002484 random     hops=40 best=4.707106781 basins=6 4.65h
[2483] seed 7002483 random     hops=40 best=4.675530094 basins=19 4.65h
[2484] seed 7002486 neighbour  hops=40 best=4.707106781 basins=6 4.65h
[2485] seed 7002485 structured hops=40 best=4.707106781 basins=7 4.65h
[2486] seed 7002487 random     hops=40 best=4.707106781 basins=6 4.65h
[2487] seed 7002488 random     hops=40 best=4.707106781 basins=3 4.65h
[2488] seed 7002489 structured hops=40 best=4.707106781 basins=3 4.65h
[2489] seed 7002490 neighbour  hops=40 best=4.677648295 basins=15 4.66h
[2490] seed 7002491 random     hops=40 best=4.707106781 basins=4 4.66h
[2491] seed 7002494 neighbour  hops=40 best=4.707106781 basins=4 4.66h
[2492] seed 7002496 random     hops=40 best=4.707106781 basins=6 4.66h
[2493] seed 7002492 random     hops=40 best=4.707106781 basins=7 4.66h
[2494] seed 7002493 structured hops=40 best=4.707106781 basins=5 4.66h
[2495] seed 7002495 random     hops=40 best=4.707106781 basins=5 4.66h
[2496] seed 7002497 structured hops=40 best=4.707106781 basins=4 4.66h
[2497] seed 7002499 random     hops=40 best=4.707106781 basins=5 4.66h
[2498] seed 7002501 structured hops=40 best=4.707106781 basins=5 4.66h
[2499] seed 7002502 neighbour  hops=40 best=4.707106781 basins=7 4.66h
[2500] seed 7002480 random     hops=40 best=4.707106781 basins=8 4.66h
[2501] seed 7002504 random     hops=40 best=4.707106781 basins=3 4.66h
[2502] seed 7002505 structured hops=40 best=5.000000000 basins=1 4.66h
[2503] seed 7002506 neighbour  hops=40 best=4.795833211 basins=9 4.66h
[2504] seed 7002508 random     hops=40 best=4.767766953 basins=7 4.66h
[2505] seed 7002509 structured hops=40 best=4.707106781 basins=5 4.66h
[2506] seed 7002498 neighbour  hops=40 best=4.707106781 basins=7 4.66h
[2507] seed 7002510 neighbour  hops=40 best=4.707106781 basins=5 4.66h
[2508] seed 7002511 random     hops=40 best=4.707106781 basins=6 4.67h
[2509] seed 7002500 random     hops=40 best=4.675530094 basins=24 4.67h
[2510] seed 7002512 random     hops=40 best=4.707106781 basins=5 4.67h
[2511] seed 7002513 structured hops=40 best=4.707106781 basins=2 4.67h
[2512] seed 7002515 random     hops=40 best=4.707106781 basins=5 4.67h
[2513] seed 7002514 neighbour  hops=40 best=4.707106781 basins=8 4.67h
[2514] seed 7002516 random     hops=40 best=4.707106781 basins=6 4.67h
[2515] seed 7002518 neighbour  hops=40 best=4.707106781 basins=4 4.67h
[2516] seed 7002503 random     hops=40 best=4.711321814 basins=17 4.67h
[2517] seed 7002517 structured hops=40 best=4.707106781 basins=6 4.67h
[2518] seed 7002519 random     hops=40 best=4.707106781 basins=9 4.67h
[2519] seed 7002520 random     hops=40 best=5.000000000 basins=1 4.67h
[2520] seed 7002521 structured hops=40 best=4.707106781 basins=3 4.67h
[2521] seed 7002507 random     hops=40 best=4.677648295 basins=22 4.67h
[2522] seed 7002523 random     hops=40 best=4.707106781 basins=4 4.67h
[2523] seed 7002522 neighbour  hops=40 best=4.707106781 basins=8 4.67h
[2524] seed 7002525 structured hops=40 best=5.000000000 basins=1 4.67h
[2525] seed 7002524 random     hops=40 best=4.707106781 basins=6 4.67h
[2526] seed 7002527 random     hops=40 best=4.707106781 basins=3 4.67h
[2527] seed 7002528 random     hops=40 best=4.707106781 basins=5 4.67h
[2528] seed 7002529 structured hops=40 best=4.707106781 basins=3 4.67h
[2529] seed 7002531 random     hops=40 best=4.707106781 basins=4 4.67h
[2530] seed 7002533 structured hops=40 best=4.707106781 basins=8 4.68h
[2531] seed 7002534 neighbour  hops=40 best=4.707106781 basins=5 4.68h
[2532] seed 7002526 neighbour  hops=40 best=4.707106781 basins=12 4.68h
[2533] seed 7002536 random     hops=40 best=4.707106781 basins=5 4.68h
[2534] seed 7002535 random     hops=40 best=4.707106781 basins=5 4.68h
[2535] seed 7002537 structured hops=40 best=4.707106781 basins=5 4.68h
[2536] seed 7002538 neighbour  hops=40 best=4.707106781 basins=10 4.68h
[2537] seed 7002539 random     hops=40 best=5.000000000 basins=1 4.68h
[2538] seed 7002463 random     hops=40 best=4.707106781 basins=7 4.68h
[2539] seed 7002540 random     hops=40 best=4.707106781 basins=4 4.68h
[2540] seed 7002541 structured hops=40 best=4.707106781 basins=5 4.68h
[2541] seed 7002530 neighbour  hops=40 best=4.707106781 basins=8 4.68h
[2542] seed 7002542 neighbour  hops=40 best=4.707106781 basins=10 4.68h
[2543] seed 7002543 random     hops=40 best=4.707106781 basins=4 4.68h
[2544] seed 7002544 random     hops=40 best=4.707106781 basins=6 4.68h
[2545] seed 7002545 structured hops=40 best=4.707106781 basins=8 4.68h
[2546] seed 7002547 random     hops=40 best=4.707106781 basins=4 4.68h
[2547] seed 7002546 neighbour  hops=40 best=4.707106781 basins=8 4.68h
[2548] seed 7002548 random     hops=40 best=4.707106781 basins=3 4.68h
[2549] seed 7002549 structured hops=40 best=4.707106781 basins=3 4.68h
[2550] seed 7002551 random     hops=40 best=5.000000000 basins=1 4.68h
[2551] seed 7002552 random     hops=40 best=4.707106781 basins=6 4.68h
[2552] seed 7002553 structured hops=40 best=4.707106781 basins=5 4.68h
[2553] seed 7002554 neighbour  hops=40 best=4.707106781 basins=5 4.68h
[2554] seed 7002550 neighbour  hops=40 best=4.707106781 basins=9 4.68h
[2555] seed 7002556 random     hops=40 best=4.767766953 basins=2 4.68h
[2556] seed 7002557 structured hops=40 best=4.707106781 basins=5 4.69h
[2557] seed 7002555 random     hops=40 best=4.707106781 basins=8 4.69h
[2558] seed 7002560 random     hops=40 best=4.707106781 basins=7 4.69h
[2559] seed 7002561 structured hops=40 best=4.707106781 basins=8 4.69h
[2560] seed 7002563 random     hops=40 best=4.707106781 basins=3 4.69h
[2561] seed 7002562 neighbour  hops=40 best=4.707106781 basins=5 4.69h
[2562] seed 7002564 random     hops=40 best=4.677648295 basins=4 4.69h
[2563] seed 7002565 structured hops=40 best=4.677648295 basins=18 4.69h
[2564] seed 7002568 random     hops=40 best=4.707106781 basins=6 4.69h
[2565] seed 7002566 neighbour  hops=40 best=4.707106781 basins=12 4.69h
[2566] seed 7002567 random     hops=40 best=4.707106781 basins=3 4.69h
[2567] seed 7002569 structured hops=40 best=4.728581300 basins=3 4.69h
[2568] seed 7002570 neighbour  hops=40 best=4.707106781 basins=7 4.69h
[2569] seed 7002571 random     hops=40 best=4.707106781 basins=4 4.69h
[2570] seed 7002532 random     hops=40 best=4.707106781 basins=18 4.69h
[2571] seed 7002572 random     hops=40 best=4.707106781 basins=6 4.69h
[2572] seed 7002573 structured hops=40 best=4.707106781 basins=4 4.69h
[2573] seed 7002574 neighbour  hops=40 best=4.707106781 basins=6 4.69h
[2574] seed 7002558 neighbour  hops=40 best=4.677648295 basins=11 4.69h
[2575] seed 7002576 random     hops=40 best=4.707106781 basins=4 4.69h
[2576] seed 7002575 random     hops=40 best=4.707106781 basins=10 4.69h
[2577] seed 7002577 structured hops=40 best=4.944793456 basins=2 4.69h
[2578] seed 7002578 neighbour  hops=40 best=4.707106781 basins=6 4.70h
[2579] seed 7002580 random     hops=40 best=4.707106781 basins=6 4.70h
[2580] seed 7002581 structured hops=40 best=4.707106781 basins=3 4.70h
[2581] seed 7002579 random     hops=40 best=4.707106781 basins=9 4.70h
[2582] seed 7002583 random     hops=40 best=4.707106781 basins=6 4.70h
[2583] seed 7002582 neighbour  hops=40 best=4.688437407 basins=11 4.70h
[2584] seed 7002585 structured hops=40 best=4.707106781 basins=6 4.70h
[2585] seed 7002584 random     hops=40 best=4.707106781 basins=7 4.70h
[2586] seed 7002559 random     hops=40 best=4.675530094 basins=19 4.70h
[2587] seed 7002587 random     hops=40 best=4.707106781 basins=5 4.70h
[2588] seed 7002589 structured hops=40 best=5.000000000 basins=1 4.70h
[2589] seed 7002590 neighbour  hops=40 best=4.707106781 basins=4 4.70h
[2590] seed 7002588 random     hops=40 best=4.707106781 basins=6 4.70h
[2591] seed 7002591 random     hops=40 best=4.707106781 basins=12 4.70h
[2592] seed 7002592 random     hops=40 best=4.707106781 basins=5 4.70h
[2593] seed 7002593 structured hops=40 best=4.707106781 basins=7 4.70h
[2594] seed 7002594 neighbour  hops=40 best=4.707106781 basins=9 4.70h
[2595] seed 7002596 random     hops=40 best=4.707106781 basins=5 4.70h
[2596] seed 7002595 random     hops=40 best=4.707106781 basins=7 4.70h
[2597] seed 7002597 structured hops=40 best=4.707106781 basins=6 4.70h
[2598] seed 7002586 neighbour  hops=40 best=4.707106781 basins=8 4.70h
[2599] seed 7002601 structured hops=40 best=4.707106781 basins=3 4.70h
[2600] seed 7002605 structured hops=40 best=4.728581300 basins=11 4.71h
[2601] seed 7002603 random     hops=40 best=4.707106781 basins=7 4.71h
[2602] seed 7002604 random     hops=40 best=4.707106781 basins=9 4.71h
[2603] seed 7002607 random     hops=40 best=5.000000000 basins=1 4.71h
[2604] seed 7002606 neighbour  hops=40 best=4.707106781 basins=7 4.71h
[2605] seed 7002609 structured hops=40 best=4.707106781 basins=2 4.71h
[2606] seed 7002599 random     hops=40 best=4.707106781 basins=6 4.71h
[2607] seed 7002611 random     hops=40 best=4.707106781 basins=4 4.71h
[2608] seed 7002612 random     hops=40 best=4.707106781 basins=5 4.71h
[2609] seed 7002613 structured hops=40 best=4.707106781 basins=4 4.71h
[2610] seed 7002615 random     hops=40 best=4.707106781 basins=6 4.71h
[2611] seed 7002614 neighbour  hops=40 best=4.707106781 basins=12 4.71h
[2612] seed 7002602 neighbour  hops=40 best=4.707106781 basins=8 4.71h
[2613] seed 7002600 random     hops=40 best=4.707106781 basins=10 4.71h
[2614] seed 7002608 random     hops=40 best=4.707106781 basins=6 4.71h
[2615] seed 7002617 structured hops=40 best=4.707106781 basins=4 4.71h
[2616] seed 7002619 random     hops=40 best=4.707106781 basins=6 4.71h
[2617] seed 7002620 random     hops=40 best=4.707106781 basins=5 4.71h
[2618] seed 7002610 neighbour  hops=40 best=4.707106781 basins=10 4.71h
[2619] seed 7002622 neighbour  hops=40 best=4.707106781 basins=8 4.72h
[2620] seed 7002621 structured hops=40 best=4.707106781 basins=7 4.72h
[2621] seed 7002623 random     hops=40 best=4.707106781 basins=6 4.72h
[2622] seed 7002598 neighbour  hops=40 best=4.728581300 basins=7 4.72h
[2623] seed 7002624 random     hops=40 best=4.707106781 basins=6 4.72h
[2624] seed 7002625 structured hops=40 best=4.707106781 basins=4 4.72h
[2625] seed 7002628 random     hops=40 best=4.707106781 basins=6 4.72h
[2626] seed 7002629 structured hops=40 best=4.707106781 basins=3 4.72h
[2627] seed 7002618 neighbour  hops=40 best=4.707106781 basins=12 4.72h
[2628] seed 7002630 neighbour  hops=40 best=4.707106781 basins=4 4.72h
[2629] seed 7002627 random     hops=40 best=4.707106781 basins=8 4.72h
[2630] seed 7002616 random     hops=40 best=4.707106781 basins=7 4.72h
[2631] seed 7002635 random     hops=40 best=5.000000000 basins=1 4.72h
[2632] seed 7002636 random     hops=40 best=4.707106781 basins=9 4.72h
[2633] seed 7002637 structured hops=40 best=4.707106781 basins=4 4.72h
[2634] seed 7002632 random     hops=40 best=4.677648295 basins=14 4.72h
[2635] seed 7002634 neighbour  hops=40 best=4.707106781 basins=9 4.72h
[2636] seed 7002638 neighbour  hops=40 best=4.707106781 basins=7 4.72h
[2637] seed 7002640 random     hops=40 best=4.707106781 basins=4 4.72h
[2638] seed 7002639 random     hops=40 best=4.707106781 basins=5 4.72h
[2639] seed 7002626 neighbour  hops=40 best=4.677648295 basins=14 4.72h
[2640] seed 7002641 structured hops=40 best=4.707106781 basins=7 4.72h
[2641] seed 7002631 random     hops=40 best=4.677648295 basins=19 4.72h
[2642] seed 7002642 neighbour  hops=40 best=4.707106781 basins=12 4.72h
[2643] seed 7002644 random     hops=40 best=4.707106781 basins=7 4.73h
[2644] seed 7002645 structured hops=40 best=4.707106781 basins=5 4.73h
[2645] seed 7002646 neighbour  hops=40 best=4.707106781 basins=6 4.73h
[2646] seed 7002633 structured hops=40 best=4.707106781 basins=14 4.73h
[2647] seed 7002648 random     hops=40 best=4.707106781 basins=6 4.73h
[2648] seed 7002651 random     hops=40 best=5.000000000 basins=1 4.73h
[2649] seed 7002649 structured hops=40 best=4.707106781 basins=3 4.73h
[2650] seed 7002650 neighbour  hops=40 best=4.707106781 basins=5 4.73h
[2651] seed 7002652 random     hops=40 best=4.707106781 basins=4 4.73h
[2652] seed 7002653 structured hops=40 best=4.707106781 basins=10 4.73h
[2653] seed 7002643 random     hops=40 best=4.707106781 basins=7 4.73h
[2654] seed 7002656 random     hops=40 best=4.707106781 basins=2 4.73h
[2655] seed 7002658 neighbour  hops=40 best=4.707106781 basins=7 4.73h
[2656] seed 7002657 structured hops=40 best=4.707106781 basins=5 4.73h
[2657] seed 7002659 random     hops=40 best=4.707106781 basins=2 4.73h
[2658] seed 7002660 random     hops=40 best=4.707106781 basins=6 4.73h
[2659] seed 7002661 structured hops=40 best=4.707106781 basins=4 4.73h
[2660] seed 7002647 random     hops=40 best=4.755342034 basins=16 4.73h
[2661] seed 7002664 random     hops=40 best=4.707106781 basins=3 4.73h
[2662] seed 7002663 random     hops=40 best=4.707106781 basins=5 4.73h
[2663] seed 7002665 structured hops=40 best=4.707106781 basins=3 4.73h
[2664] seed 7002662 neighbour  hops=40 best=4.707106781 basins=8 4.73h
[2665] seed 7002654 neighbour  hops=40 best=4.707106781 basins=6 4.74h
[2666] seed 7002666 neighbour  hops=40 best=4.707106781 basins=6 4.74h
[2667] seed 7002655 random     hops=40 best=4.677648295 basins=13 4.74h
[2668] seed 7002667 random     hops=40 best=4.707106781 basins=4 4.74h
[2669] seed 7002668 random     hops=40 best=4.707106781 basins=7 4.74h
[2670] seed 7002669 structured hops=40 best=4.707106781 basins=7 4.74h
[2671] seed 7002670 neighbour  hops=40 best=4.707106781 basins=5 4.74h
[2672] seed 7002671 random     hops=40 best=4.707106781 basins=3 4.74h
[2673] seed 7002672 random     hops=40 best=4.707106781 basins=9 4.74h
[2674] seed 7002673 structured hops=40 best=4.707106781 basins=5 4.74h
[2675] seed 7002674 neighbour  hops=40 best=4.707106781 basins=7 4.74h
[2676] seed 7002675 random     hops=40 best=4.707106781 basins=8 4.74h
[2677] seed 7002677 structured hops=40 best=4.707106781 basins=6 4.74h
[2678] seed 7002678 neighbour  hops=40 best=4.795833211 basins=12 4.74h
[2679] seed 7002679 random     hops=40 best=4.707106781 basins=4 4.74h
[2680] seed 7002680 random     hops=40 best=4.707106781 basins=5 4.74h
[2681] seed 7002681 structured hops=40 best=4.688103393 basins=16 4.74h
[2682] seed 7002683 random     hops=40 best=4.707106781 basins=4 4.74h
[2683] seed 7002685 structured hops=40 best=4.707106781 basins=7 4.74h
[2684] seed 7002684 random     hops=40 best=4.677648295 basins=22 4.74h
[2685] seed 7002676 random     hops=40 best=4.707106781 basins=10 4.74h
[2686] seed 7002687 random     hops=40 best=4.707106781 basins=5 4.74h
[2687] seed 7002688 random     hops=40 best=4.707106781 basins=6 4.74h
[2688] seed 7002689 structured hops=40 best=4.707106781 basins=5 4.74h
[2689] seed 7002691 random     hops=40 best=4.707106781 basins=5 4.75h
[2690] seed 7002692 random     hops=40 best=4.707106781 basins=8 4.75h
[2691] seed 7002693 structured hops=40 best=5.000000000 basins=1 4.75h
[2692] seed 7002694 neighbour  hops=40 best=4.707106781 basins=7 4.75h
[2693] seed 7002695 random     hops=40 best=4.707106781 basins=3 4.75h
[2694] seed 7002697 structured hops=40 best=4.707106781 basins=3 4.75h
[2695] seed 7002696 random     hops=40 best=4.707106781 basins=5 4.75h
[2696] seed 7002686 neighbour  hops=40 best=4.707106781 basins=8 4.75h
[2697] seed 7002699 random     hops=40 best=5.000000000 basins=1 4.75h
[2698] seed 7002700 random     hops=40 best=4.707106781 basins=5 4.75h
[2699] seed 7002698 neighbour  hops=40 best=4.707106781 basins=11 4.75h
[2700] seed 7002701 structured hops=40 best=4.707106781 basins=2 4.75h
[2701] seed 7002704 random     hops=40 best=4.707106781 basins=6 4.75h
[2702] seed 7002703 random     hops=40 best=5.000000000 basins=1 4.75h
[2703] seed 7002702 neighbour  hops=40 best=4.707106781 basins=13 4.75h
[2704] seed 7002705 structured hops=40 best=4.707106781 basins=5 4.75h
[2705] seed 7002706 neighbour  hops=40 best=4.707106781 basins=12 4.75h
[2706] seed 7002707 random     hops=40 best=4.707106781 basins=5 4.75h
[2707] seed 7002708 random     hops=40 best=4.707106781 basins=3 4.75h
[2708] seed 7002709 structured hops=40 best=4.707106781 basins=4 4.75h
[2709] seed 7002711 random     hops=40 best=4.707106781 basins=1 4.75h
[2710] seed 7002712 random     hops=40 best=5.000000000 basins=1 4.75h
[2711] seed 7002710 neighbour  hops=40 best=4.707106781 basins=5 4.75h
[2712] seed 7002713 structured hops=40 best=4.707106781 basins=6 4.76h
[2713] seed 7002682 neighbour  hops=40 best=4.678574827 basins=26 4.76h
[2714] seed 7002714 neighbour  hops=40 best=4.707106781 basins=4 4.76h
[2715] seed 7002717 structured hops=40 best=5.000000000 basins=1 4.76h
[2716] seed 7002716 random     hops=40 best=4.707106781 basins=12 4.76h
[2717] seed 7002719 random     hops=40 best=4.707106781 basins=6 4.76h
[2718] seed 7002690 neighbour  hops=40 best=4.706297766 basins=12 4.76h
[2719] seed 7002718 neighbour  hops=40 best=4.707106781 basins=7 4.76h
[2720] seed 7002720 random     hops=40 best=4.707106781 basins=7 4.76h
[2721] seed 7002721 structured hops=40 best=4.707106781 basins=4 4.76h
[2722] seed 7002723 random     hops=40 best=5.000000000 basins=1 4.76h
[2723] seed 7002722 neighbour  hops=40 best=4.707106781 basins=11 4.76h
[2724] seed 7002724 random     hops=40 best=4.707106781 basins=7 4.76h
[2725] seed 7002725 structured hops=40 best=4.707106781 basins=4 4.76h
[2726] seed 7002726 neighbour  hops=40 best=4.707106781 basins=7 4.76h
[2727] seed 7002715 random     hops=40 best=4.707106781 basins=9 4.76h
[2728] seed 7002727 random     hops=40 best=4.707106781 basins=7 4.76h
[2729] seed 7002728 random     hops=40 best=4.707106781 basins=4 4.76h
[2730] seed 7002729 structured hops=40 best=4.707106781 basins=3 4.76h
[2731] seed 7002730 neighbour  hops=40 best=4.707106781 basins=5 4.76h
[2732] seed 7002734 neighbour  hops=40 best=4.707106781 basins=7 4.76h
[2733] seed 7002731 random     hops=40 best=4.707106781 basins=7 4.76h
[2734] seed 7002733 structured hops=40 best=4.707106781 basins=2 4.76h
[2735] seed 7002732 random     hops=40 best=4.707106781 basins=7 4.76h
[2736] seed 7002736 random     hops=40 best=4.707106781 basins=6 4.76h
[2737] seed 7002735 random     hops=40 best=4.707106781 basins=6 4.76h
[2738] seed 7002737 structured hops=40 best=4.707106781 basins=9 4.77h
[2739] seed 7002739 random     hops=40 best=4.707106781 basins=8 4.77h
[2740] seed 7002740 random     hops=40 best=4.707106781 basins=4 4.77h
[2741] seed 7002741 structured hops=40 best=4.707106781 basins=5 4.77h
[2742] seed 7002743 random     hops=40 best=4.707106781 basins=7 4.77h
[2743] seed 7002744 random     hops=40 best=4.707106781 basins=5 4.77h
[2744] seed 7002747 random     hops=40 best=4.707106781 basins=6 4.77h
[2745] seed 7002745 structured hops=40 best=4.707106781 basins=5 4.77h
[2746] seed 7002738 neighbour  hops=40 best=4.707106781 basins=10 4.77h
[2747] seed 7002749 structured hops=40 best=4.707106781 basins=4 4.77h
[2748] seed 7002750 neighbour  hops=40 best=4.707106781 basins=4 4.77h
[2749] seed 7002742 neighbour  hops=40 best=4.707106781 basins=6 4.77h
[2750] seed 7002746 neighbour  hops=40 best=4.707106781 basins=8 4.77h
[2751] seed 7002751 random     hops=40 best=4.707106781 basins=11 4.77h
[2752] seed 7002752 random     hops=40 best=4.707106781 basins=4 4.77h
[2753] seed 7002753 structured hops=40 best=4.707106781 basins=9 4.77h
[2754] seed 7002754 neighbour  hops=40 best=4.707106781 basins=3 4.78h
[2755] seed 7002755 random     hops=40 best=4.707106781 basins=6 4.78h
[2756] seed 7002756 random     hops=40 best=4.707106781 basins=4 4.78h
[2757] seed 7002759 random     hops=40 best=4.707106781 basins=4 4.78h
[2758] seed 7002758 neighbour  hops=40 best=4.707106781 basins=3 4.78h
[2759] seed 7002760 random     hops=40 best=4.707106781 basins=6 4.78h
[2760] seed 7002761 structured hops=40 best=4.707106781 basins=4 4.78h
[2761] seed 7002757 structured hops=40 best=4.707106781 basins=8 4.78h
[2762] seed 7002762 neighbour  hops=40 best=4.707106781 basins=5 4.78h
[2763] seed 7002764 random     hops=40 best=5.000000000 basins=1 4.78h
[2764] seed 7002763 random     hops=40 best=4.707106781 basins=2 4.78h
[2765] seed 7002748 random     hops=40 best=4.707106781 basins=9 4.78h
[2766] seed 7002765 structured hops=40 best=4.707106781 basins=4 4.78h
[2767] seed 7002766 neighbour  hops=40 best=4.707106781 basins=18 4.78h
[2768] seed 7002767 random     hops=40 best=4.707106781 basins=3 4.78h
[2769] seed 7002768 random     hops=40 best=4.707106781 basins=6 4.78h
[2770] seed 7002769 structured hops=40 best=4.707106781 basins=3 4.78h
[2771] seed 7002774 neighbour  hops=40 best=4.707106781 basins=5 4.78h
[2772] seed 7002773 structured hops=40 best=4.707106781 basins=6 4.78h
[2773] seed 7002772 random     hops=40 best=4.707106781 basins=4 4.78h
[2774] seed 7002770 neighbour  hops=40 best=4.707106781 basins=9 4.78h
[2775] seed 7002771 random     hops=40 best=4.707106781 basins=8 4.78h
[2776] seed 7002775 random     hops=40 best=4.707106781 basins=7 4.78h
[2777] seed 7002776 random     hops=40 best=4.707106781 basins=8 4.78h
[2778] seed 7002777 structured hops=40 best=4.707106781 basins=3 4.78h
[2779] seed 7002778 neighbour  hops=40 best=4.707106781 basins=12 4.78h
[2780] seed 7002779 random     hops=40 best=4.707106781 basins=4 4.78h
[2781] seed 7002781 structured hops=40 best=4.707106781 basins=4 4.79h
[2782] seed 7002782 neighbour  hops=40 best=4.707106781 basins=10 4.79h
[2783] seed 7002783 random     hops=40 best=4.707106781 basins=3 4.79h
[2784] seed 7002787 random     hops=40 best=4.707106781 basins=4 4.79h
[2785] seed 7002784 random     hops=40 best=4.707106781 basins=3 4.79h
[2786] seed 7002785 structured hops=40 best=4.707106781 basins=3 4.79h
[2787] seed 7002788 random     hops=40 best=4.707106781 basins=8 4.79h
[2788] seed 7002789 structured hops=40 best=4.707106781 basins=5 4.79h
[2789] seed 7002791 random     hops=40 best=4.707106781 basins=7 4.79h
[2790] seed 7002792 random     hops=40 best=4.707106781 basins=5 4.79h
[2791] seed 7002790 neighbour  hops=40 best=4.707106781 basins=9 4.79h
[2792] seed 7002793 structured hops=40 best=4.707106781 basins=5 4.79h
[2793] seed 7002794 neighbour  hops=40 best=4.707106781 basins=9 4.79h
[2794] seed 7002796 random     hops=40 best=4.707106781 basins=4 4.79h
[2795] seed 7002795 random     hops=40 best=4.707106781 basins=3 4.79h
[2796] seed 7002797 structured hops=40 best=4.707106781 basins=6 4.79h
[2797] seed 7002798 neighbour  hops=40 best=4.707106781 basins=8 4.79h
[2798] seed 7002800 random     hops=40 best=4.707106781 basins=5 4.79h
[2799] seed 7002801 structured hops=40 best=5.000000000 basins=1 4.79h
[2800] seed 7002786 neighbour  hops=40 best=4.707106781 basins=6 4.79h
[2801] seed 7002799 random     hops=40 best=4.688103393 basins=23 4.79h
[2802] seed 7002780 random     hops=40 best=4.677648295 basins=17 4.79h
[2803] seed 7002802 neighbour  hops=40 best=4.675530094 basins=14 4.79h
[2804] seed 7002803 random     hops=40 best=4.707106781 basins=3 4.79h
[2805] seed 7002805 structured hops=40 best=4.707106781 basins=7 4.80h
[2806] seed 7002806 neighbour  hops=40 best=4.707106781 basins=6 4.80h
[2807] seed 7002807 random     hops=40 best=4.707106781 basins=4 4.80h
[2808] seed 7002808 random     hops=40 best=5.000000000 basins=1 4.80h
[2809] seed 7002809 structured hops=40 best=4.707106781 basins=3 4.80h
[2810] seed 7002813 structured hops=40 best=4.707106781 basins=5 4.80h
[2811] seed 7002810 neighbour  hops=40 best=4.707106781 basins=7 4.80h
[2812] seed 7002811 random     hops=40 best=4.707106781 basins=7 4.80h
[2813] seed 7002814 neighbour  hops=40 best=4.707106781 basins=10 4.80h
[2814] seed 7002804 random     hops=40 best=4.707106781 basins=10 4.80h
[2815] seed 7002815 random     hops=40 best=4.707106781 basins=6 4.80h
[2816] seed 7002817 structured hops=40 best=4.707106781 basins=7 4.80h
[2817] seed 7002816 random     hops=40 best=4.707106781 basins=5 4.80h
[2818] seed 7002818 neighbour  hops=40 best=4.707106781 basins=13 4.80h
[2819] seed 7002819 random     hops=40 best=4.707106781 basins=6 4.80h
[2820] seed 7002823 random     hops=40 best=4.707106781 basins=6 4.80h
[2821] seed 7002821 structured hops=40 best=4.707106781 basins=7 4.80h
[2822] seed 7002822 neighbour  hops=40 best=4.707106781 basins=9 4.80h
[2823] seed 7002820 random     hops=40 best=4.711321814 basins=17 4.80h
[2824] seed 7002824 random     hops=40 best=4.707106781 basins=6 4.80h
[2825] seed 7002825 structured hops=40 best=4.707106781 basins=6 4.80h
[2826] seed 7002826 neighbour  hops=40 best=4.707106781 basins=4 4.80h
[2827] seed 7002812 random     hops=40 best=4.707106781 basins=10 4.80h
[2828] seed 7002827 random     hops=40 best=4.707106781 basins=12 4.80h
[2829] seed 7002829 structured hops=40 best=4.707106781 basins=6 4.80h
[2830] seed 7002828 random     hops=40 best=4.707106781 basins=12 4.81h
[2831] seed 7002830 neighbour  hops=40 best=4.707106781 basins=9 4.81h
[2832] seed 7002831 random     hops=40 best=5.000000000 basins=1 4.81h
[2833] seed 7002833 structured hops=40 best=4.707106781 basins=6 4.81h
[2834] seed 7002832 random     hops=40 best=4.707106781 basins=8 4.81h
[2835] seed 7002835 random     hops=40 best=4.707106781 basins=3 4.81h
[2836] seed 7002834 neighbour  hops=40 best=4.707106781 basins=7 4.81h
[2837] seed 7002837 structured hops=40 best=4.707106781 basins=8 4.81h
[2838] seed 7002838 neighbour  hops=40 best=4.707106781 basins=5 4.81h
[2839] seed 7002836 random     hops=40 best=4.707106781 basins=7 4.81h
[2840] seed 7002839 random     hops=40 best=4.707106781 basins=8 4.81h
[2841] seed 7002842 neighbour  hops=40 best=4.707106781 basins=3 4.81h
[2842] seed 7002841 structured hops=40 best=4.707106781 basins=4 4.81h
[2843] seed 7002840 random     hops=40 best=4.707106781 basins=6 4.81h
[2844] seed 7002844 random     hops=40 best=4.707106781 basins=3 4.81h
[2845] seed 7002845 structured hops=40 best=4.707106781 basins=10 4.81h
[2846] seed 7002843 random     hops=40 best=4.707106781 basins=7 4.81h
[2847] seed 7002848 random     hops=40 best=4.707106781 basins=7 4.81h
[2848] seed 7002846 neighbour  hops=40 best=4.707106781 basins=10 4.81h
[2849] seed 7002847 random     hops=40 best=5.000000000 basins=1 4.81h
[2850] seed 7002849 structured hops=40 best=4.707106781 basins=9 4.81h
[2851] seed 7002850 neighbour  hops=40 best=4.707106781 basins=6 4.81h
[2852] seed 7002852 random     hops=40 best=4.707106781 basins=4 4.81h
[2853] seed 7002851 random     hops=40 best=4.707106781 basins=2 4.81h
[2854] seed 7002853 structured hops=40 best=4.707106781 basins=4 4.81h
[2855] seed 7002856 random     hops=40 best=4.707106781 basins=4 4.81h
[2856] seed 7002855 random     hops=40 best=4.707106781 basins=4 4.81h
[2857] seed 7002854 neighbour  hops=40 best=4.707106781 basins=7 4.81h
[2858] seed 7002857 structured hops=40 best=4.707106781 basins=5 4.82h
[2859] seed 7002858 neighbour  hops=40 best=4.707106781 basins=8 4.82h
[2860] seed 7002859 random     hops=40 best=4.707106781 basins=3 4.82h
[2861] seed 7002860 random     hops=40 best=4.728581300 basins=3 4.82h
[2862] seed 7002862 neighbour  hops=40 best=4.707106781 basins=3 4.82h
[2863] seed 7002863 random     hops=40 best=4.707106781 basins=5 4.82h
[2864] seed 7002861 structured hops=40 best=4.707106781 basins=10 4.82h
[2865] seed 7002864 random     hops=40 best=4.707106781 basins=4 4.82h
[2866] seed 7002867 random     hops=40 best=4.707106781 basins=4 4.82h
[2867] seed 7002865 structured hops=40 best=4.707106781 basins=4 4.82h
[2868] seed 7002868 random     hops=40 best=4.707106781 basins=6 4.82h
[2869] seed 7002869 structured hops=40 best=4.707106781 basins=2 4.82h
[2870] seed 7002870 neighbour  hops=40 best=4.707106781 basins=6 4.82h
[2871] seed 7002871 random     hops=40 best=4.707106781 basins=7 4.82h
[2872] seed 7002872 random     hops=40 best=4.707106781 basins=6 4.82h
[2873] seed 7002873 structured hops=40 best=4.677648295 basins=15 4.82h
[2874] seed 7002866 neighbour  hops=40 best=4.707106781 basins=4 4.82h
[2875] seed 7002875 random     hops=40 best=4.707106781 basins=6 4.82h
[2876] seed 7002876 random     hops=40 best=4.707106781 basins=3 4.82h
[2877] seed 7002877 structured hops=40 best=4.707106781 basins=7 4.82h
[2878] seed 7002879 random     hops=40 best=4.707106781 basins=4 4.82h
[2879] seed 7002880 random     hops=40 best=4.707106781 basins=3 4.82h
[2880] seed 7002881 structured hops=40 best=4.707106781 basins=7 4.82h
[2881] seed 7002883 random     hops=40 best=4.707106781 basins=4 4.83h
[2882] seed 7002878 neighbour  hops=40 best=4.707106781 basins=9 4.83h
[2883] seed 7002884 random     hops=40 best=4.707106781 basins=6 4.83h
[2884] seed 7002885 structured hops=40 best=4.707106781 basins=6 4.83h
[2885] seed 7002887 random     hops=40 best=4.707106781 basins=5 4.83h
[2886] seed 7002886 neighbour  hops=40 best=4.707106781 basins=7 4.83h
[2887] seed 7002888 random     hops=40 best=4.707106781 basins=4 4.83h
[2888] seed 7002874 neighbour  hops=40 best=4.677648295 basins=15 4.83h
[2889] seed 7002891 random     hops=40 best=4.707106781 basins=9 4.83h
[2890] seed 7002889 structured hops=40 best=4.688103393 basins=25 4.83h
[2891] seed 7002892 random     hops=40 best=4.707106781 basins=4 4.83h
[2892] seed 7002893 structured hops=40 best=4.707106781 basins=6 4.83h
[2893] seed 7002895 random     hops=40 best=4.707106781 basins=9 4.83h
[2894] seed 7002882 neighbour  hops=40 best=4.707106781 basins=11 4.83h
[2895] seed 7002894 neighbour  hops=40 best=4.707106781 basins=7 4.83h
[2896] seed 7002896 random     hops=40 best=4.707106781 basins=5 4.83h
[2897] seed 7002898 neighbour  hops=40 best=4.707106781 basins=5 4.83h
[2898] seed 7002897 structured hops=40 best=4.707106781 basins=4 4.83h
[2899] seed 7002899 random     hops=40 best=4.707106781 basins=5 4.83h
[2900] seed 7002900 random     hops=40 best=4.707106781 basins=6 4.83h
[2901] seed 7002901 structured hops=40 best=4.707106781 basins=5 4.83h
[2902] seed 7002902 neighbour  hops=40 best=4.707106781 basins=5 4.84h
[2903] seed 7002904 random     hops=40 best=4.707106781 basins=4 4.84h
[2904] seed 7002890 neighbour  hops=40 best=4.707106781 basins=14 4.84h
[2905] seed 7002905 structured hops=40 best=4.707106781 basins=5 4.84h
[2906] seed 7002906 neighbour  hops=40 best=4.707106781 basins=6 4.84h
[2907] seed 7002907 random     hops=40 best=4.707106781 basins=4 4.84h
[2908] seed 7002908 random     hops=40 best=4.707106781 basins=7 4.84h
[2909] seed 7002909 structured hops=40 best=4.707106781 basins=3 4.84h
[2910] seed 7002910 neighbour  hops=40 best=4.707106781 basins=5 4.84h
[2911] seed 7002911 random     hops=40 best=4.707106781 basins=3 4.84h
[2912] seed 7002912 random     hops=40 best=4.707106781 basins=3 4.84h
[2913] seed 7002913 structured hops=40 best=4.707106781 basins=5 4.84h
[2914] seed 7002914 neighbour  hops=40 best=4.707106781 basins=6 4.84h
[2915] seed 7002916 random     hops=40 best=4.707106781 basins=4 4.84h
[2916] seed 7002917 structured hops=40 best=4.707106781 basins=4 4.84h
[2917] seed 7002919 random     hops=40 best=4.707106781 basins=5 4.84h
[2918] seed 7002915 random     hops=40 best=4.707106781 basins=11 4.84h
[2919] seed 7002918 neighbour  hops=40 best=4.707106781 basins=12 4.84h
[2920] seed 7002921 structured hops=40 best=4.707106781 basins=4 4.84h
[2921] seed 7002903 random     hops=40 best=4.729941254 basins=18 4.84h
[2922] seed 7002922 neighbour  hops=40 best=4.707106781 basins=14 4.84h
[2923] seed 7002923 random     hops=40 best=4.707106781 basins=5 4.84h
[2924] seed 7002924 random     hops=40 best=4.707106781 basins=4 4.84h
[2925] seed 7002925 structured hops=40 best=4.707106781 basins=8 4.84h
[2926] seed 7002926 neighbour  hops=40 best=4.707106781 basins=6 4.85h
[2927] seed 7002927 random     hops=40 best=4.707106781 basins=3 4.85h
[2928] seed 7002928 random     hops=40 best=4.707106781 basins=11 4.85h
[2929] seed 7002929 structured hops=40 best=4.707106781 basins=6 4.85h
[2930] seed 7002930 neighbour  hops=40 best=4.707106781 basins=10 4.85h
[2931] seed 7002931 random     hops=40 best=4.707106781 basins=6 4.85h
[2932] seed 7002932 random     hops=40 best=4.707106781 basins=3 4.85h
[2933] seed 7002934 neighbour  hops=40 best=4.707106781 basins=8 4.85h
[2934] seed 7002936 random     hops=40 best=4.707106781 basins=8 4.85h
[2935] seed 7002935 random     hops=40 best=4.707106781 basins=7 4.85h
[2936] seed 7002933 structured hops=40 best=4.707106781 basins=8 4.85h
[2937] seed 7002937 structured hops=40 best=4.707106781 basins=6 4.85h
[2938] seed 7002920 random     hops=40 best=4.707106781 basins=5 4.85h
[2939] seed 7002938 neighbour  hops=40 best=4.675530094 basins=23 4.85h
[2940] seed 7002940 random     hops=40 best=4.707106781 basins=3 4.85h
[2941] seed 7002939 random     hops=40 best=4.707106781 basins=13 4.85h
[2942] seed 7002941 structured hops=40 best=4.707106781 basins=4 4.85h
[2943] seed 7002942 neighbour  hops=40 best=4.707106781 basins=13 4.85h
[2944] seed 7002943 random     hops=40 best=5.000000000 basins=1 4.85h
[2945] seed 7002944 random     hops=40 best=4.707106781 basins=5 4.85h
[2946] seed 7002945 structured hops=40 best=4.707106781 basins=4 4.85h
[2947] seed 7002947 random     hops=40 best=4.707106781 basins=5 4.85h
[2948] seed 7002946 neighbour  hops=40 best=4.707106781 basins=5 4.85h
[2949] seed 7002949 structured hops=40 best=4.707106781 basins=12 4.85h
[2950] seed 7002948 random     hops=40 best=4.707106781 basins=11 4.85h
[2951] seed 7002950 neighbour  hops=40 best=4.707106781 basins=7 4.85h
[2952] seed 7002952 random     hops=40 best=4.707106781 basins=6 4.86h
[2953] seed 7002953 structured hops=40 best=4.707106781 basins=4 4.86h
[2954] seed 7002954 neighbour  hops=40 best=4.707106781 basins=13 4.86h
[2955] seed 7002955 random     hops=40 best=4.707106781 basins=6 4.86h
[2956] seed 7002957 structured hops=40 best=4.707106781 basins=4 4.86h
[2957] seed 7002958 neighbour  hops=40 best=4.707106781 basins=6 4.86h
[2958] seed 7002956 random     hops=40 best=4.677648295 basins=15 4.86h
[2959] seed 7002960 random     hops=40 best=4.707106781 basins=3 4.86h
[2960] seed 7002959 random     hops=40 best=4.707106781 basins=7 4.86h
[2961] seed 7002961 structured hops=40 best=4.707106781 basins=7 4.86h
[2962] seed 7002963 random     hops=40 best=4.707106781 basins=8 4.86h
[2963] seed 7002964 random     hops=40 best=4.707106781 basins=7 4.86h
[2964] seed 7002966 neighbour  hops=40 best=4.707106781 basins=5 4.86h
[2965] seed 7002951 random     hops=40 best=4.707106781 basins=16 4.86h
[2966] seed 7002965 structured hops=40 best=4.767766953 basins=8 4.86h
[2967] seed 7002967 random     hops=40 best=4.707106781 basins=5 4.86h
[2968] seed 7002968 random     hops=40 best=4.707106781 basins=3 4.86h
[2969] seed 7002969 structured hops=40 best=5.000000000 basins=1 4.86h
[2970] seed 7002970 neighbour  hops=40 best=4.707106781 basins=7 4.86h
[2971] seed 7002971 random     hops=40 best=4.707106781 basins=4 4.86h
[2972] seed 7002972 random     hops=40 best=5.000000000 basins=1 4.86h
[2973] seed 7002975 random     hops=40 best=4.707106781 basins=2 4.86h
[2974] seed 7002962 neighbour  hops=40 best=4.707106781 basins=7 4.86h
[2975] seed 7002974 neighbour  hops=40 best=4.707106781 basins=7 4.86h
[2976] seed 7002976 random     hops=40 best=5.000000000 basins=1 4.87h
[2977] seed 7002977 structured hops=40 best=4.707106781 basins=6 4.87h
[2978] seed 7002978 neighbour  hops=40 best=4.707106781 basins=5 4.87h
[2979] seed 7002979 random     hops=40 best=4.707106781 basins=6 4.87h
[2980] seed 7002981 structured hops=40 best=4.707106781 basins=4 4.87h
[2981] seed 7002982 neighbour  hops=40 best=4.707106781 basins=8 4.87h
[2982] seed 7002973 structured hops=40 best=4.707106781 basins=7 4.87h
[2983] seed 7002983 random     hops=40 best=4.707106781 basins=5 4.87h
[2984] seed 7002984 random     hops=40 best=4.707106781 basins=5 4.87h
[2985] seed 7002985 structured hops=40 best=4.707106781 basins=3 4.87h
[2986] seed 7002987 random     hops=40 best=4.707106781 basins=9 4.87h
[2987] seed 7002986 neighbour  hops=40 best=4.707106781 basins=4 4.87h
[2988] seed 7002988 random     hops=40 best=4.707106781 basins=4 4.87h
[2989] seed 7002989 structured hops=40 best=5.000000000 basins=1 4.87h
[2990] seed 7002992 random     hops=40 best=4.707106781 basins=4 4.87h
[2991] seed 7002994 neighbour  hops=40 best=4.707106781 basins=4 4.87h
[2992] seed 7002991 random     hops=40 best=4.707106781 basins=13 4.87h
[2993] seed 7002993 structured hops=40 best=4.707106781 basins=16 4.87h
[2994] seed 7002995 random     hops=40 best=5.000000000 basins=1 4.87h
[2995] seed 7002996 random     hops=40 best=4.707106781 basins=5 4.87h
[2996] seed 7002998 neighbour  hops=40 best=4.707106781 basins=8 4.87h
[2997] seed 7003000 random     hops=40 best=5.000000000 basins=1 4.87h
[2998] seed 7002999 random     hops=40 best=4.707106781 basins=4 4.87h
[2999] seed 7002997 structured hops=40 best=4.707106781 basins=10 4.87h
[3000] seed 7003001 structured hops=40 best=5.000000000 basins=1 4.87h
[3001] seed 7003002 neighbour  hops=40 best=4.707106781 basins=6 4.88h
[3002] seed 7003003 random     hops=40 best=4.707106781 basins=7 4.88h
[3003] seed 7002990 neighbour  hops=40 best=4.677648295 basins=24 4.88h
[3004] seed 7003005 structured hops=40 best=5.000000000 basins=1 4.88h
[3005] seed 7003004 random     hops=40 best=4.707106781 basins=5 4.88h
[3006] seed 7003006 neighbour  hops=40 best=4.707106781 basins=12 4.88h
[3007] seed 7003009 structured hops=40 best=4.707106781 basins=7 4.88h
[3008] seed 7003008 random     hops=40 best=4.707106781 basins=10 4.88h
[3009] seed 7003007 random     hops=40 best=4.707106781 basins=9 4.88h
[3010] seed 7003012 random     hops=40 best=4.707106781 basins=7 4.88h
[3011] seed 7003010 neighbour  hops=40 best=4.707106781 basins=10 4.88h
[3012] seed 7003011 random     hops=40 best=4.707106781 basins=5 4.88h
[3013] seed 7003013 structured hops=40 best=4.707106781 basins=6 4.88h
[3014] seed 7003016 random     hops=40 best=4.707106781 basins=5 4.88h
[3015] seed 7003015 random     hops=40 best=4.707106781 basins=5 4.88h
[3016] seed 7003017 structured hops=40 best=5.000000000 basins=1 4.88h
[3017] seed 7003018 neighbour  hops=40 best=4.707106781 basins=4 4.88h
[3018] seed 7003019 random     hops=40 best=4.707106781 basins=5 4.88h
[3019] seed 7003021 structured hops=40 best=4.707106781 basins=3 4.88h
[3020] seed 7003020 random     hops=40 best=4.707106781 basins=8 4.89h
[3021] seed 7003023 random     hops=40 best=4.707106781 basins=5 4.89h
[3022] seed 7003024 random     hops=40 best=4.707106781 basins=8 4.89h
[3023] seed 7003025 structured hops=40 best=4.707106781 basins=4 4.89h
[3024] seed 7003022 neighbour  hops=40 best=4.707106781 basins=13 4.89h
[3025] seed 7003026 neighbour  hops=40 best=4.707106781 basins=7 4.89h
[3026] seed 7003027 random     hops=40 best=4.707106781 basins=3 4.89h
[3027] seed 7003028 random     hops=40 best=5.000000000 basins=1 4.89h
[3028] seed 7003029 structured hops=40 best=5.000000000 basins=1 4.89h
[3029] seed 7003030 neighbour  hops=40 best=4.707106781 basins=11 4.89h
[3030] seed 7003031 random     hops=40 best=4.707106781 basins=6 4.89h
[3031] seed 7003032 random     hops=40 best=4.707106781 basins=6 4.89h
[3032] seed 7003033 structured hops=40 best=4.707106781 basins=4 4.89h
[3033] seed 7003034 neighbour  hops=40 best=4.707106781 basins=8 4.89h
[3034] seed 7003036 random     hops=40 best=4.707106781 basins=5 4.89h
[3035] seed 7003035 random     hops=40 best=4.707106781 basins=7 4.89h
[3036] seed 7003037 structured hops=40 best=4.707106781 basins=3 4.89h
[3037] seed 7003038 neighbour  hops=40 best=4.707106781 basins=7 4.89h
[3038] seed 7003039 random     hops=40 best=4.707106781 basins=5 4.89h
[3039] seed 7003040 random     hops=40 best=4.707106781 basins=6 4.89h
[3040] seed 7003041 structured hops=40 best=4.707106781 basins=9 4.89h
[3041] seed 7003043 random     hops=40 best=4.707106781 basins=4 4.89h
[3042] seed 7003042 neighbour  hops=40 best=4.707106781 basins=7 4.89h
[3043] seed 7002980 random     hops=40 best=4.677648295 basins=19 4.90h
[3044] seed 7003047 random     hops=40 best=4.707106781 basins=4 4.90h
[3045] seed 7003014 neighbour  hops=40 best=4.707106781 basins=12 4.90h
[3046] seed 7003046 neighbour  hops=40 best=4.707106781 basins=8 4.90h
[3047] seed 7003050 neighbour  hops=40 best=4.707106781 basins=5 4.90h
[3048] seed 7003044 random     hops=40 best=4.707106781 basins=11 4.90h
[3049] seed 7003048 random     hops=40 best=4.707106781 basins=11 4.90h
[3050] seed 7003049 structured hops=40 best=4.707106781 basins=7 4.90h
[3051] seed 7003051 random     hops=40 best=4.707106781 basins=5 4.90h
[3052] seed 7003052 random     hops=40 best=4.707106781 basins=3 4.90h
[3053] seed 7003053 structured hops=40 best=4.707106781 basins=4 4.90h
[3054] seed 7003055 random     hops=40 best=4.707106781 basins=3 4.90h
[3055] seed 7003054 neighbour  hops=40 best=4.707106781 basins=8 4.90h
[3056] seed 7003056 random     hops=40 best=4.707106781 basins=6 4.90h
[3057] seed 7003057 structured hops=40 best=4.728500755 basins=3 4.90h
[3058] seed 7003059 random     hops=40 best=4.707106781 basins=5 4.90h
[3059] seed 7003061 structured hops=40 best=4.707106781 basins=3 4.90h
[3060] seed 7003045 structured hops=40 best=4.707106781 basins=9 4.90h
[3061] seed 7003060 random     hops=40 best=4.707106781 basins=5 4.90h
[3062] seed 7003058 neighbour  hops=40 best=4.707106781 basins=7 4.90h
[3063] seed 7003063 random     hops=40 best=4.707106781 basins=8 4.90h
[3064] seed 7003064 random     hops=40 best=4.707106781 basins=3 4.90h
[3065] seed 7003065 structured hops=40 best=4.707106781 basins=6 4.90h
[3066] seed 7003066 neighbour  hops=40 best=4.707106781 basins=7 4.91h
[3067] seed 7003067 random     hops=40 best=4.707106781 basins=4 4.91h
[3068] seed 7003069 structured hops=40 best=4.707106781 basins=4 4.91h
[3069] seed 7003070 neighbour  hops=40 best=4.707106781 basins=6 4.91h
[3070] seed 7003071 random     hops=40 best=4.707106781 basins=4 4.91h
[3071] seed 7003072 random     hops=40 best=4.707106781 basins=5 4.91h
[3072] seed 7003073 structured hops=40 best=4.707106781 basins=6 4.91h
[3073] seed 7003075 random     hops=40 best=5.000000000 basins=1 4.91h
[3074] seed 7003068 random     hops=40 best=4.707106781 basins=5 4.91h
[3075] seed 7003074 neighbour  hops=40 best=4.707106781 basins=10 4.91h
[3076] seed 7003062 neighbour  hops=40 best=4.707106781 basins=3 4.91h
[3077] seed 7003076 random     hops=40 best=4.707106781 basins=7 4.91h
[3078] seed 7003077 structured hops=40 best=4.707106781 basins=7 4.91h
[3079] seed 7003078 neighbour  hops=40 best=4.707106781 basins=8 4.91h
[3080] seed 7003079 random     hops=40 best=4.707106781 basins=5 4.91h
[3081] seed 7003080 random     hops=40 best=4.707106781 basins=8 4.91h
[3082] seed 7003081 structured hops=40 best=4.707106781 basins=7 4.91h
[3083] seed 7003083 random     hops=40 best=4.707106781 basins=5 4.91h
[3084] seed 7003082 neighbour  hops=40 best=4.707106781 basins=5 4.91h
[3085] seed 7003088 random     hops=40 best=4.707106781 basins=8 4.91h
[3086] seed 7003087 random     hops=40 best=4.707106781 basins=3 4.91h
[3087] seed 7003086 neighbour  hops=40 best=4.707106781 basins=5 4.91h
[3088] seed 7003084 random     hops=40 best=4.707106781 basins=17 4.91h
[3089] seed 7003090 neighbour  hops=40 best=4.707106781 basins=7 4.91h
[3090] seed 7003091 random     hops=40 best=4.707106781 basins=9 4.91h
[3091] seed 7003089 structured hops=40 best=4.707106781 basins=7 4.92h
[3092] seed 7003092 random     hops=40 best=4.707106781 basins=2 4.92h
[3093] seed 7003093 structured hops=40 best=4.707106781 basins=4 4.92h
[3094] seed 7003097 structured hops=40 best=4.707106781 basins=4 4.92h
[3095] seed 7003095 random     hops=40 best=4.707106781 basins=8 4.92h
[3096] seed 7003094 neighbour  hops=40 best=4.707106781 basins=9 4.92h
[3097] seed 7003099 random     hops=40 best=4.707106781 basins=10 4.92h
[3098] seed 7003098 neighbour  hops=40 best=4.707106781 basins=6 4.92h
[3099] seed 7003101 structured hops=40 best=4.707106781 basins=5 4.92h
[3100] seed 7003100 random     hops=40 best=4.707106781 basins=7 4.92h
[3101] seed 7003102 neighbour  hops=40 best=4.707106781 basins=14 4.92h
[3102] seed 7003103 random     hops=40 best=4.707106781 basins=5 4.92h
[3103] seed 7003105 structured hops=40 best=4.707106781 basins=5 4.92h
[3104] seed 7003104 random     hops=40 best=4.707106781 basins=8 4.92h
[3105] seed 7003107 random     hops=40 best=4.707106781 basins=4 4.92h
[3106] seed 7003108 random     hops=40 best=4.707106781 basins=3 4.92h
[3107] seed 7003109 structured hops=40 best=4.707106781 basins=7 4.92h
[3108] seed 7003111 random     hops=40 best=4.707106781 basins=3 4.92h
[3109] seed 7003110 neighbour  hops=40 best=4.707106781 basins=11 4.92h
[3110] seed 7003112 random     hops=40 best=4.707106781 basins=3 4.92h
[3111] seed 7003113 structured hops=40 best=4.707106781 basins=6 4.92h
[3112] seed 7003085 structured hops=40 best=4.767766953 basins=3 4.93h
[3113] seed 7003114 neighbour  hops=40 best=4.707106781 basins=10 4.93h
[3114] seed 7003115 random     hops=40 best=4.707106781 basins=7 4.93h
[3115] seed 7003116 random     hops=40 best=4.707106781 basins=3 4.93h
[3116] seed 7003117 structured hops=40 best=4.707106781 basins=7 4.93h
[3117] seed 7003118 neighbour  hops=40 best=4.707106781 basins=10 4.93h
[3118] seed 7003120 random     hops=40 best=4.707106781 basins=4 4.93h
[3119] seed 7003119 random     hops=40 best=4.707106781 basins=3 4.93h
[3120] seed 7003123 random     hops=40 best=4.707106781 basins=5 4.93h
[3121] seed 7003121 structured hops=40 best=4.707106781 basins=13 4.93h
[3122] seed 7003122 neighbour  hops=40 best=4.707106781 basins=8 4.93h
[3123] seed 7003124 random     hops=40 best=4.707106781 basins=4 4.93h
[3124] seed 7003125 structured hops=40 best=4.707106781 basins=4 4.93h
[3125] seed 7003106 neighbour  hops=40 best=4.707106781 basins=7 4.93h
[3126] seed 7003127 random     hops=40 best=4.707106781 basins=6 4.93h
[3127] seed 7003126 neighbour  hops=40 best=4.707106781 basins=7 4.93h
[3128] seed 7003096 random     hops=40 best=4.677648295 basins=19 4.93h
[3129] seed 7003128 random     hops=40 best=4.707106781 basins=4 4.93h
[3130] seed 7003129 structured hops=40 best=4.707106781 basins=5 4.93h
[3131] seed 7003130 neighbour  hops=40 best=4.707106781 basins=13 4.93h
[3132] seed 7003131 random     hops=40 best=4.707106781 basins=9 4.93h
[3133] seed 7003132 random     hops=40 best=4.707106781 basins=6 4.93h
[3134] seed 7003135 random     hops=40 best=4.707106781 basins=4 4.93h
[3135] seed 7003133 structured hops=40 best=4.707106781 basins=6 4.93h
[3136] seed 7003134 neighbour  hops=40 best=4.707106781 basins=11 4.93h
[3137] seed 7003136 random     hops=40 best=4.707106781 basins=7 4.93h
[3138] seed 7003137 structured hops=40 best=4.707106781 basins=4 4.94h
[3139] seed 7003138 neighbour  hops=40 best=4.707106781 basins=7 4.94h
[3140] seed 7003139 random     hops=40 best=5.000000000 basins=1 4.94h
[3141] seed 7003140 random     hops=40 best=4.707106781 basins=5 4.94h
[3142] seed 7003142 neighbour  hops=40 best=4.707106781 basins=9 4.94h
[3143] seed 7003141 structured hops=40 best=4.707106781 basins=6 4.94h
[3144] seed 7003143 random     hops=40 best=4.707106781 basins=9 4.94h
[3145] seed 7003144 random     hops=40 best=4.707106781 basins=3 4.94h
[3146] seed 7003145 structured hops=40 best=4.707106781 basins=7 4.94h
[3147] seed 7003146 neighbour  hops=40 best=4.707106781 basins=11 4.94h
[3148] seed 7003147 random     hops=40 best=5.000000000 basins=1 4.94h
[3149] seed 7003148 random     hops=40 best=4.707106781 basins=6 4.94h
[3150] seed 7003149 structured hops=40 best=4.707106781 basins=5 4.94h
[3151] seed 7003151 random     hops=40 best=4.707106781 basins=4 4.94h
[3152] seed 7003152 random     hops=40 best=4.707106781 basins=5 4.94h
[3153] seed 7003153 structured hops=40 best=4.707106781 basins=5 4.94h
[3154] seed 7003154 neighbour  hops=40 best=4.707106781 basins=12 4.94h
[3155] seed 7003156 random     hops=40 best=4.728581300 basins=6 4.94h
[3156] seed 7003155 random     hops=40 best=4.707106781 basins=3 4.94h
[3157] seed 7003159 random     hops=40 best=4.707106781 basins=4 4.94h
[3158] seed 7003158 neighbour  hops=40 best=4.707106781 basins=11 4.94h
[3159] seed 7003160 random     hops=40 best=4.707106781 basins=4 4.94h
[3160] seed 7003161 structured hops=40 best=4.707106781 basins=7 4.94h
[3161] seed 7003157 structured hops=40 best=4.707106781 basins=4 4.95h
[3162] seed 7003162 neighbour  hops=40 best=4.707106781 basins=7 4.95h
[3163] seed 7003164 random     hops=40 best=4.728581300 basins=4 4.95h
[3164] seed 7003150 neighbour  hops=40 best=4.707106781 basins=10 4.95h
[3165] seed 7003165 structured hops=40 best=4.707106781 basins=5 4.95h
[3166] seed 7003166 neighbour  hops=40 best=4.707106781 basins=5 4.95h
[3167] seed 7003167 random     hops=40 best=4.707106781 basins=7 4.95h
[3168] seed 7003168 random     hops=40 best=4.707106781 basins=2 4.95h
[3169] seed 7003169 structured hops=40 best=4.707106781 basins=6 4.95h
[3170] seed 7003170 neighbour  hops=40 best=4.707106781 basins=9 4.95h
[3171] seed 7003172 random     hops=40 best=4.677648295 basins=18 4.95h
[3172] seed 7003173 structured hops=40 best=4.707106781 basins=4 4.95h
[3173] seed 7003174 neighbour  hops=40 best=4.677648295 basins=10 4.95h
[3174] seed 7003175 random     hops=40 best=4.707106781 basins=5 4.95h
[3175] seed 7003177 structured hops=40 best=4.707106781 basins=6 4.95h
[3176] seed 7003178 neighbour  hops=40 best=4.707106781 basins=3 4.95h
[3177] seed 7003176 random     hops=40 best=4.707106781 basins=4 4.95h
[3178] seed 7003179 random     hops=40 best=4.707106781 basins=3 4.95h
[3179] seed 7003163 random     hops=40 best=4.677648295 basins=22 4.95h
[3180] seed 7003180 random     hops=40 best=4.707106781 basins=3 4.95h
[3181] seed 7003181 structured hops=40 best=4.707106781 basins=4 4.95h
[3182] seed 7003182 neighbour  hops=40 best=4.707106781 basins=11 4.95h
[3183] seed 7003183 random     hops=40 best=4.707106781 basins=5 4.95h
[3184] seed 7003184 random     hops=40 best=4.707106781 basins=4 4.96h
[3185] seed 7003185 structured hops=40 best=4.728581300 basins=10 4.96h
[3186] seed 7003186 neighbour  hops=40 best=4.707106781 basins=4 4.96h
[3187] seed 7003187 random     hops=40 best=4.707106781 basins=4 4.96h
[3188] seed 7003189 structured hops=40 best=4.707106781 basins=7 4.96h
[3189] seed 7003190 neighbour  hops=40 best=4.707106781 basins=6 4.96h
[3190] seed 7003191 random     hops=40 best=5.000000000 basins=1 4.96h
[3191] seed 7003192 random     hops=40 best=5.000000000 basins=1 4.96h
[3192] seed 7003188 random     hops=40 best=4.707106781 basins=13 4.96h
[3193] seed 7003193 structured hops=40 best=4.707106781 basins=5 4.96h
[3194] seed 7003196 random     hops=40 best=4.707106781 basins=5 4.96h
[3195] seed 7003197 structured hops=40 best=4.707106781 basins=4 4.96h
[3196] seed 7003200 random     hops=40 best=4.707106781 basins=9 4.96h
[3197] seed 7003198 neighbour  hops=40 best=4.707106781 basins=5 4.96h
[3198] seed 7003199 random     hops=40 best=4.707106781 basins=5 4.96h
[3199] seed 7003171 random     hops=40 best=4.707106781 basins=8 4.96h
[3200] seed 7003201 structured hops=40 best=4.707106781 basins=6 4.96h
[3201] seed 7003203 random     hops=40 best=4.707106781 basins=12 4.96h
[3202] seed 7003204 random     hops=40 best=4.707106781 basins=6 4.96h
[3203] seed 7003202 neighbour  hops=40 best=4.707106781 basins=9 4.96h
[3204] seed 7003205 structured hops=40 best=4.707106781 basins=7 4.96h
[3205] seed 7003206 neighbour  hops=40 best=4.707106781 basins=14 4.96h
[3206] seed 7003194 neighbour  hops=40 best=4.675530094 basins=19 4.96h
[3207] seed 7003207 random     hops=40 best=4.707106781 basins=2 4.97h
[3208] seed 7003195 random     hops=40 best=4.707106781 basins=6 4.97h
[3209] seed 7003208 random     hops=40 best=4.707106781 basins=5 4.97h
[3210] seed 7003209 structured hops=40 best=4.707106781 basins=8 4.97h
[3211] seed 7003211 random     hops=40 best=4.707106781 basins=3 4.97h
[3212] seed 7003212 random     hops=40 best=4.707106781 basins=4 4.97h
[3213] seed 7003213 structured hops=40 best=4.707106781 basins=4 4.97h
[3214] seed 7003216 random     hops=40 best=4.707106781 basins=5 4.97h
[3215] seed 7003217 structured hops=40 best=4.707106781 basins=4 4.97h
[3216] seed 7003218 neighbour  hops=40 best=4.707106781 basins=7 4.97h
[3217] seed 7003220 random     hops=40 best=4.707106781 basins=7 4.97h
[3218] seed 7003215 random     hops=40 best=4.707106781 basins=6 4.97h
[3219] seed 7003221 structured hops=40 best=4.707106781 basins=5 4.97h
[3220] seed 7003222 neighbour  hops=40 best=4.707106781 basins=9 4.97h
[3221] seed 7003224 random     hops=40 best=5.000000000 basins=1 4.97h
[3222] seed 7003223 random     hops=40 best=4.707106781 basins=7 4.97h
[3223] seed 7003210 neighbour  hops=40 best=4.677648295 basins=16 4.97h
[3224] seed 7003225 structured hops=40 best=5.000000000 basins=1 4.97h
[3225] seed 7003226 neighbour  hops=40 best=4.707106781 basins=10 4.97h
[3226] seed 7003214 neighbour  hops=40 best=4.707106781 basins=7 4.97h
[3227] seed 7003227 random     hops=40 best=4.707106781 basins=12 4.97h
[3228] seed 7003228 random     hops=40 best=4.707106781 basins=8 4.97h
[3229] seed 7003219 random     hops=40 best=4.707106781 basins=5 4.98h
[3230] seed 7003229 structured hops=40 best=4.707106781 basins=9 4.98h
[3231] seed 7003230 neighbour  hops=40 best=4.707106781 basins=6 4.98h
[3232] seed 7003231 random     hops=40 best=4.707106781 basins=7 4.98h
[3233] seed 7003233 structured hops=40 best=4.707106781 basins=9 4.98h
[3234] seed 7003232 random     hops=40 best=4.707106781 basins=12 4.98h
[3235] seed 7003234 neighbour  hops=40 best=4.707106781 basins=6 4.98h
[3236] seed 7003235 random     hops=40 best=4.707106781 basins=4 4.98h
[3237] seed 7003236 random     hops=40 best=4.707106781 basins=6 4.98h
[3238] seed 7003239 random     hops=40 best=4.707106781 basins=3 4.98h
[3239] seed 7003238 neighbour  hops=40 best=4.707106781 basins=11 4.98h
[3240] seed 7003241 structured hops=40 best=4.707106781 basins=3 4.99h
[3241] seed 7003240 random     hops=40 best=4.707106781 basins=9 4.99h
[3242] seed 7003242 neighbour  hops=40 best=4.707106781 basins=6 4.99h
[3243] seed 7003243 random     hops=40 best=4.707106781 basins=3 4.99h
[3244] seed 7003244 random     hops=40 best=4.707106781 basins=6 4.99h
[3245] seed 7003245 structured hops=40 best=5.000000000 basins=1 4.99h
[3246] seed 7003246 neighbour  hops=40 best=4.707106781 basins=5 4.99h
[3247] seed 7003247 random     hops=40 best=5.000000000 basins=1 4.99h
[3248] seed 7003237 structured hops=40 best=4.707106781 basins=9 4.99h
[3249] seed 7003250 neighbour  hops=40 best=4.707106781 basins=6 4.99h
[3250] seed 7003251 random     hops=40 best=4.707106781 basins=5 5.00h
[3251] seed 7003253 structured hops=40 best=4.707106781 basins=4 5.00h
[3252] seed 7003252 random     hops=40 best=4.707106781 basins=7 5.00h
[3253] seed 7003254 neighbour  hops=40 best=4.707106781 basins=6 5.00h
[3254] seed 7003249 structured hops=40 best=4.707106781 basins=8 5.00h
[3255] seed 7003255 random     hops=40 best=4.707106781 basins=2 5.00h
[3256] seed 7003256 random     hops=40 best=5.000000000 basins=1 5.00h
[3257] seed 7003257 structured hops=40 best=5.000000000 basins=1 5.00h
[3258] seed 7003258 neighbour  hops=40 best=4.707106781 basins=8 5.00h
[3259] seed 7003259 random     hops=40 best=4.707106781 basins=5 5.00h
[3260] seed 7003260 random     hops=40 best=4.707106781 basins=8 5.00h
[3261] seed 7003261 structured hops=40 best=4.707106781 basins=9 5.00h
[3262] seed 7003262 neighbour  hops=40 best=4.707106781 basins=12 5.00h
[3263] seed 7003264 random     hops=40 best=4.707106781 basins=3 5.01h
[3264] seed 7003265 structured hops=40 best=4.707106781 basins=3 5.01h
[3265] seed 7003263 random     hops=40 best=4.767766953 basins=9 5.01h
[3266] seed 7003267 random     hops=40 best=4.707106781 basins=4 5.01h
[3267] seed 7003266 neighbour  hops=40 best=4.707106781 basins=8 5.01h
[3268] seed 7003268 random     hops=40 best=4.707106781 basins=6 5.01h
[3269] seed 7003269 structured hops=40 best=4.707106781 basins=7 5.01h
[3270] seed 7003270 neighbour  hops=40 best=4.707106781 basins=5 5.01h
[3271] seed 7003271 random     hops=40 best=4.707106781 basins=2 5.01h
[3272] seed 7003272 random     hops=40 best=4.707106781 basins=5 5.01h
[3273] seed 7003273 structured hops=40 best=4.707106781 basins=7 5.01h
[3274] seed 7003274 neighbour  hops=40 best=4.707106781 basins=6 5.01h
[3275] seed 7003275 random     hops=40 best=4.707106781 basins=7 5.02h
[3276] seed 7003277 structured hops=40 best=4.707106781 basins=3 5.02h
[3277] seed 7003279 random     hops=40 best=4.707106781 basins=6 5.02h
[3278] seed 7003278 neighbour  hops=40 best=4.707106781 basins=5 5.02h
[3279] seed 7003280 random     hops=40 best=4.707106781 basins=7 5.02h
[3280] seed 7003281 structured hops=40 best=5.000000000 basins=1 5.02h
[3281] seed 7003282 neighbour  hops=40 best=4.707106781 basins=12 5.02h
[3282] seed 7003283 random     hops=40 best=4.707106781 basins=5 5.02h
[3283] seed 7003284 random     hops=40 best=4.707106781 basins=2 5.03h
[3284] seed 7003285 structured hops=40 best=4.707106781 basins=6 5.03h
[3285] seed 7003286 neighbour  hops=40 best=4.707106781 basins=9 5.03h
[3286] seed 7003287 random     hops=40 best=4.707106781 basins=6 5.03h
[3287] seed 7003288 random     hops=40 best=5.000000000 basins=1 5.03h
[3288] seed 7003248 random     hops=40 best=4.681689519 basins=17 5.03h
[3289] seed 7003289 structured hops=40 best=4.707106781 basins=4 5.03h
[3290] seed 7003291 random     hops=40 best=4.707106781 basins=5 5.03h
[3291] seed 7003293 structured hops=40 best=4.707106781 basins=5 5.03h
[3292] seed 7003292 random     hops=40 best=4.707106781 basins=5 5.03h
[3293] seed 7003290 neighbour  hops=40 best=4.707106781 basins=7 5.03h
[3294] seed 7003295 random     hops=40 best=4.707106781 basins=2 5.04h
[3295] seed 7003294 neighbour  hops=40 best=4.707106781 basins=10 5.04h
[3296] seed 7003296 random     hops=40 best=4.707106781 basins=10 5.04h
[3297] seed 7003297 structured hops=40 best=4.707106781 basins=4 5.04h
[3298] seed 7003298 neighbour  hops=40 best=4.707106781 basins=5 5.04h
[3299] seed 7003299 random     hops=40 best=4.707106781 basins=4 5.04h
[3300] seed 7003300 random     hops=40 best=5.000000000 basins=1 5.04h
[3301] seed 7003304 random     hops=40 best=4.707106781 basins=5 5.04h
[3302] seed 7003301 structured hops=40 best=4.707106781 basins=8 5.04h
[3303] seed 7003302 neighbour  hops=40 best=4.707106781 basins=6 5.04h
[3304] seed 7003305 structured hops=40 best=4.707106781 basins=5 5.05h
[3305] seed 7003306 neighbour  hops=40 best=4.707106781 basins=7 5.05h
[3306] seed 7003276 random     hops=40 best=4.707106781 basins=8 5.05h
[3307] seed 7003308 random     hops=40 best=4.707106781 basins=7 5.05h
[3308] seed 7003307 random     hops=40 best=5.000000000 basins=1 5.05h
[3309] seed 7003309 structured hops=40 best=4.707106781 basins=5 5.05h
[3310] seed 7003311 random     hops=40 best=4.707106781 basins=4 5.05h
[3311] seed 7003310 neighbour  hops=40 best=4.707106781 basins=4 5.05h
[3312] seed 7003312 random     hops=40 best=4.707106781 basins=7 5.05h
[3313] seed 7003313 structured hops=40 best=4.707106781 basins=5 5.06h
[3314] seed 7003315 random     hops=40 best=4.707106781 basins=6 5.06h
[3315] seed 7003316 random     hops=40 best=4.707106781 basins=10 5.06h
[3316] seed 7003314 neighbour  hops=40 best=4.707106781 basins=7 5.06h
[3317] seed 7003317 structured hops=40 best=4.707106781 basins=4 5.06h
[3318] seed 7003318 neighbour  hops=40 best=4.677648295 basins=13 5.06h
[3319] seed 7003319 random     hops=40 best=4.707106781 basins=5 5.06h
[3320] seed 7003303 random     hops=40 best=4.675530094 basins=24 5.06h
[3321] seed 7003320 random     hops=40 best=4.707106781 basins=6 5.06h
[3322] seed 7003321 structured hops=40 best=4.707106781 basins=6 5.06h
[3323] seed 7003323 random     hops=40 best=4.707106781 basins=4 5.06h
[3324] seed 7003322 neighbour  hops=40 best=4.678926432 basins=16 5.06h
[3325] seed 7003325 structured hops=40 best=4.707106781 basins=5 5.07h
[3326] seed 7003329 structured hops=40 best=4.707106781 basins=3 5.07h
[3327] seed 7003327 random     hops=40 best=4.696564867 basins=9 5.07h
[3328] seed 7003328 random     hops=40 best=4.707106781 basins=8 5.07h
[3329] seed 7003331 random     hops=40 best=4.707106781 basins=6 5.07h
[3330] seed 7003330 neighbour  hops=40 best=4.688437407 basins=18 5.07h
[3331] seed 7003332 random     hops=40 best=5.000000000 basins=1 5.07h
[3332] seed 7003333 structured hops=40 best=4.707106781 basins=2 5.08h
[3333] seed 7003334 neighbour  hops=40 best=4.707106781 basins=7 5.08h
[3334] seed 7003335 random     hops=40 best=4.728581300 basins=8 5.08h
[3335] seed 7003337 structured hops=40 best=4.707106781 basins=4 5.08h
[3336] seed 7003336 random     hops=40 best=4.707106781 basins=6 5.08h
[3337] seed 7003338 neighbour  hops=40 best=4.707106781 basins=6 5.08h
[3338] seed 7003326 neighbour  hops=40 best=4.677648295 basins=19 5.08h
[3339] seed 7003339 random     hops=40 best=4.707106781 basins=4 5.08h
[3340] seed 7003341 structured hops=40 best=4.707106781 basins=3 5.08h
[3341] seed 7003340 random     hops=40 best=4.707106781 basins=7 5.08h
[3342] seed 7003343 random     hops=40 best=4.707106781 basins=3 5.08h
[3343] seed 7003342 neighbour  hops=40 best=4.707106781 basins=8 5.08h
[3344] seed 7003344 random     hops=40 best=4.707106781 basins=4 5.09h
[3345] seed 7003345 structured hops=40 best=4.707106781 basins=4 5.09h
[3346] seed 7003347 random     hops=40 best=4.707106781 basins=6 5.09h
[3347] seed 7003346 neighbour  hops=40 best=4.707106781 basins=10 5.09h
[3348] seed 7003349 structured hops=40 best=4.707106781 basins=3 5.09h
[3349] seed 7003348 random     hops=40 best=4.707106781 basins=13 5.09h
[3350] seed 7003350 neighbour  hops=40 best=4.707106781 basins=8 5.09h
[3351] seed 7003324 random     hops=40 best=4.707106781 basins=11 5.09h
[3352] seed 7003351 random     hops=40 best=4.707106781 basins=9 5.10h
[3353] seed 7003353 structured hops=40 best=4.707106781 basins=3 5.10h
[3354] seed 7003352 random     hops=40 best=4.677648295 basins=14 5.10h
[3355] seed 7003355 random     hops=40 best=5.000000000 basins=1 5.10h
[3356] seed 7003354 neighbour  hops=40 best=4.707106781 basins=11 5.10h
[3357] seed 7003357 structured hops=40 best=4.707106781 basins=5 5.10h
[3358] seed 7003358 neighbour  hops=40 best=4.677648295 basins=22 5.10h
[3359] seed 7003359 random     hops=40 best=4.707106781 basins=8 5.10h
[3360] seed 7003361 structured hops=40 best=4.707106781 basins=7 5.10h
[3361] seed 7003360 random     hops=40 best=4.707106781 basins=6 5.10h
[3362] seed 7003364 random     hops=40 best=4.707106781 basins=3 5.11h
[3363] seed 7003363 random     hops=40 best=5.000000000 basins=1 5.11h
[3364] seed 7003362 neighbour  hops=40 best=4.707106781 basins=9 5.11h
[3365] seed 7003365 structured hops=40 best=4.707106781 basins=3 5.11h
[3366] seed 7003368 random     hops=40 best=4.707106781 basins=3 5.11h
[3367] seed 7003366 neighbour  hops=40 best=4.707106781 basins=9 5.11h
[3368] seed 7003356 random     hops=40 best=4.707106781 basins=5 5.11h
[3369] seed 7003367 random     hops=40 best=4.707106781 basins=7 5.11h
[3370] seed 7003369 structured hops=40 best=4.707106781 basins=8 5.11h
[3371] seed 7003373 structured hops=40 best=4.707106781 basins=7 5.12h
[3372] seed 7003372 random     hops=40 best=4.707106781 basins=4 5.12h
[3373] seed 7003374 neighbour  hops=40 best=4.707106781 basins=9 5.12h
[3374] seed 7003375 random     hops=40 best=4.707106781 basins=8 5.12h
[3375] seed 7003376 random     hops=40 best=4.707106781 basins=5 5.12h
[3376] seed 7003377 structured hops=40 best=4.707106781 basins=8 5.12h
[3377] seed 7003379 random     hops=40 best=4.707106781 basins=7 5.12h
[3378] seed 7003380 random     hops=40 best=4.707106781 basins=2 5.12h
[3379] seed 7003378 neighbour  hops=40 best=4.707106781 basins=9 5.12h
[3380] seed 7003381 structured hops=40 best=4.707106781 basins=7 5.12h
[3381] seed 7003383 random     hops=40 best=4.707106781 basins=3 5.12h
[3382] seed 7003382 neighbour  hops=40 best=4.707106781 basins=9 5.12h
[3383] seed 7003384 random     hops=40 best=4.707106781 basins=9 5.13h
[3384] seed 7003370 neighbour  hops=40 best=4.707106781 basins=11 5.13h
[3385] seed 7003385 structured hops=40 best=4.707106781 basins=5 5.13h
[3386] seed 7003386 neighbour  hops=40 best=4.707106781 basins=8 5.13h
[3387] seed 7003388 random     hops=40 best=4.707106781 basins=4 5.13h
[3388] seed 7003387 random     hops=40 best=4.707106781 basins=4 5.13h
[3389] seed 7003371 random     hops=40 best=4.707106781 basins=7 5.13h
[3390] seed 7003389 structured hops=40 best=4.707106781 basins=6 5.13h
[3391] seed 7003391 random     hops=40 best=4.707106781 basins=4 5.13h
[3392] seed 7003392 random     hops=40 best=4.707106781 basins=4 5.13h
[3393] seed 7003393 structured hops=40 best=5.000000000 basins=1 5.13h
[3394] seed 7003395 random     hops=40 best=4.707106781 basins=4 5.13h
[3395] seed 7003394 neighbour  hops=40 best=4.707106781 basins=7 5.13h
[3396] seed 7003397 structured hops=40 best=4.707106781 basins=7 5.14h
[3397] seed 7003398 neighbour  hops=40 best=4.707106781 basins=6 5.14h
[3398] seed 7003396 random     hops=40 best=4.707106781 basins=6 5.14h
[3399] seed 7003401 structured hops=40 best=4.707106781 basins=6 5.14h
[3400] seed 7003400 random     hops=40 best=4.707106781 basins=7 5.14h
[3401] seed 7003399 random     hops=40 best=4.677648295 basins=19 5.14h
[3402] seed 7003403 random     hops=40 best=4.707106781 basins=7 5.14h
[3403] seed 7003404 random     hops=40 best=4.707106781 basins=6 5.14h
[3404] seed 7003390 neighbour  hops=40 best=4.707106781 basins=7 5.14h
[3405] seed 7003405 structured hops=40 best=4.707106781 basins=4 5.14h
[3406] seed 7003407 random     hops=40 best=4.707106781 basins=13 5.15h
[3407] seed 7003408 random     hops=40 best=4.707106781 basins=9 5.15h
[3408] seed 7003409 structured hops=40 best=4.707106781 basins=5 5.15h
[3409] seed 7003410 neighbour  hops=40 best=4.707106781 basins=4 5.15h
[3410] seed 7003413 structured hops=40 best=4.707106781 basins=5 5.15h
[3411] seed 7003414 neighbour  hops=40 best=4.707106781 basins=9 5.15h
[3412] seed 7003415 random     hops=40 best=4.767766953 basins=13 5.15h
[3413] seed 7003402 neighbour  hops=40 best=4.707106781 basins=7 5.15h
[3414] seed 7003416 random     hops=40 best=4.707106781 basins=5 5.15h
[3415] seed 7003417 structured hops=40 best=4.707106781 basins=5 5.15h
[3416] seed 7003419 random     hops=40 best=4.707106781 basins=8 5.16h
[3417] seed 7003420 random     hops=40 best=4.707106781 basins=4 5.16h
[3418] seed 7003406 neighbour  hops=40 best=4.707106781 basins=14 5.16h
[3419] seed 7003422 neighbour  hops=40 best=4.707106781 basins=6 5.16h
[3420] seed 7003421 structured hops=40 best=4.707106781 basins=3 5.16h
[3421] seed 7003423 random     hops=40 best=4.707106781 basins=4 5.16h
[3422] seed 7003412 random     hops=40 best=4.707106781 basins=11 5.16h
[3423] seed 7003424 random     hops=40 best=4.707106781 basins=3 5.16h
[3424] seed 7003425 structured hops=40 best=4.707106781 basins=4 5.16h
[3425] seed 7003427 random     hops=40 best=4.707106781 basins=3 5.16h
[3426] seed 7003426 neighbour  hops=40 best=4.707106781 basins=7 5.17h
[3427] seed 7003429 structured hops=40 best=4.707106781 basins=4 5.17h
[3428] seed 7003428 random     hops=40 best=4.707106781 basins=10 5.17h
[3429] seed 7003430 neighbour  hops=40 best=4.707106781 basins=8 5.17h
[3430] seed 7003418 neighbour  hops=40 best=4.677648295 basins=20 5.17h
[3431] seed 7003431 random     hops=40 best=4.707106781 basins=9 5.17h
[3432] seed 7003433 structured hops=40 best=4.707106781 basins=9 5.44h
[3433] seed 7003432 random     hops=40 best=4.707106781 basins=4 5.44h
[3434] seed 7003434 neighbour  hops=40 best=4.707106781 basins=4 5.44h
[3435] seed 7003435 random     hops=40 best=4.767766953 basins=3 5.44h
[3436] seed 7003436 random     hops=40 best=4.707106781 basins=4 5.44h
[3437] seed 7003438 neighbour  hops=40 best=4.707106781 basins=7 5.61h
[3438] seed 7003437 structured hops=40 best=4.707106781 basins=5 5.61h
[3439] seed 7003439 random     hops=40 best=4.707106781 basins=6 5.61h
[3440] seed 7003441 structured hops=40 best=4.707106781 basins=4 5.61h
[3441] seed 7003440 random     hops=40 best=4.707106781 basins=6 5.61h
[3442] seed 7003443 random     hops=40 best=4.707106781 basins=3 5.61h
[3443] seed 7003442 neighbour  hops=40 best=4.707106781 basins=12 5.61h
[3444] seed 7003445 structured hops=40 best=4.707106781 basins=5 5.61h
[3445] seed 7003446 neighbour  hops=40 best=4.707106781 basins=6 5.61h
[3446] seed 7003447 random     hops=40 best=4.707106781 basins=4 5.61h
[3447] seed 7003449 structured hops=40 best=4.707106781 basins=7 5.61h
[3448] seed 7003448 random     hops=40 best=4.728581300 basins=2 5.61h
[3449] seed 7003451 random     hops=40 best=4.707106781 basins=4 5.61h
[3450] seed 7003453 structured hops=40 best=4.728581300 basins=4 5.61h
[3451] seed 7003452 random     hops=40 best=4.707106781 basins=8 5.61h
[3452] seed 7003455 random     hops=40 best=4.707106781 basins=9 5.61h
[3453] seed 7003454 neighbour  hops=40 best=4.707106781 basins=8 5.61h
[3454] seed 7003456 random     hops=40 best=4.707106781 basins=6 5.61h
[3455] seed 7003450 neighbour  hops=40 best=4.707106781 basins=10 5.62h
[3456] seed 7003457 structured hops=40 best=5.000000000 basins=1 5.62h
[3457] seed 7003458 neighbour  hops=40 best=4.707106781 basins=7 5.62h
[3458] seed 7003444 random     hops=40 best=4.678926432 basins=23 5.62h
[3459] seed 7003459 random     hops=40 best=4.707106781 basins=7 5.62h
[3460] seed 7003460 random     hops=40 best=4.707106781 basins=6 5.62h
[3461] seed 7003461 structured hops=40 best=4.707106781 basins=2 5.62h
[3462] seed 7003463 random     hops=40 best=4.707106781 basins=4 5.62h
[3463] seed 7003462 neighbour  hops=40 best=4.707106781 basins=7 5.62h
[3464] seed 7003465 structured hops=40 best=4.707106781 basins=6 5.62h
[3465] seed 7003468 random     hops=40 best=4.707106781 basins=8 5.62h
[3466] seed 7003464 random     hops=40 best=4.707106781 basins=6 5.62h
[3467] seed 7003467 random     hops=40 best=4.677648295 basins=14 5.62h
[3468] seed 7003469 structured hops=40 best=4.707106781 basins=6 5.62h
[3469] seed 7003470 neighbour  hops=40 best=4.707106781 basins=5 5.62h
[3470] seed 7003471 random     hops=40 best=4.707106781 basins=6 5.62h
[3471] seed 7003473 structured hops=40 best=4.707106781 basins=8 5.62h
[3472] seed 7003472 random     hops=40 best=4.707106781 basins=6 5.62h
[3473] seed 7003474 neighbour  hops=40 best=4.707106781 basins=14 5.62h
[3474] seed 7003476 random     hops=40 best=4.707106781 basins=4 5.62h
[3475] seed 7003475 random     hops=40 best=4.707106781 basins=4 5.62h
[3476] seed 7003477 structured hops=40 best=4.707106781 basins=5 5.63h
[3477] seed 7003479 random     hops=40 best=4.707106781 basins=9 5.63h
[3478] seed 7003480 random     hops=40 best=4.707106781 basins=3 5.63h
[3479] seed 7003481 structured hops=40 best=4.707106781 basins=3 5.63h
[3480] seed 7003484 random     hops=40 best=4.707106781 basins=5 5.63h
[3481] seed 7003485 structured hops=40 best=4.707106781 basins=4 5.63h
[3482] seed 7003482 neighbour  hops=40 best=4.707106781 basins=12 5.63h
[3483] seed 7003486 neighbour  hops=40 best=4.707106781 basins=5 5.63h
[3484] seed 7003487 random     hops=40 best=4.707106781 basins=8 5.63h
[3485] seed 7003488 random     hops=40 best=4.707106781 basins=5 5.63h
[3486] seed 7003489 structured hops=40 best=4.707106781 basins=3 5.63h
[3487] seed 7003490 neighbour  hops=40 best=4.707106781 basins=14 5.63h
[3488] seed 7003466 neighbour  hops=40 best=4.677648295 basins=17 5.63h
[3489] seed 7003491 random     hops=40 best=4.707106781 basins=5 5.63h
[3490] seed 7003492 random     hops=40 best=4.707106781 basins=4 5.63h
[3491] seed 7003411 random     hops=40 best=4.677648295 basins=20 5.63h
[3492] seed 7003494 neighbour  hops=40 best=4.707106781 basins=7 5.63h
[3493] seed 7003493 structured hops=40 best=4.707106781 basins=5 5.63h
[3494] seed 7003496 random     hops=40 best=4.707106781 basins=5 5.63h
[3495] seed 7003495 random     hops=40 best=4.707106781 basins=7 5.63h
[3496] seed 7003497 structured hops=40 best=4.707106781 basins=4 5.64h
[3497] seed 7003498 neighbour  hops=40 best=4.707106781 basins=12 5.64h
[3498] seed 7003478 neighbour  hops=40 best=4.707106781 basins=13 5.64h
[3499] seed 7003499 random     hops=40 best=5.000000000 basins=1 5.64h
[3500] seed 7003501 structured hops=40 best=4.707106781 basins=7 5.64h
[3501] seed 7003500 random     hops=40 best=4.707106781 basins=3 5.64h
[3502] seed 7003504 random     hops=40 best=4.707106781 basins=3 5.64h
[3503] seed 7003502 neighbour  hops=40 best=4.675530094 basins=15 5.64h *best
[3504] seed 7003505 structured hops=40 best=4.707106781 basins=4 5.64h
[3505] seed 7003506 neighbour  hops=40 best=4.707106781 basins=8 5.64h
[3506] seed 7003508 random     hops=40 best=4.707106781 basins=4 5.64h
[3507] seed 7003509 structured hops=40 best=4.767766953 basins=4 5.64h
[3508] seed 7003512 random     hops=40 best=4.707106781 basins=8 5.64h
[3509] seed 7003510 neighbour  hops=40 best=4.707106781 basins=5 5.64h
[3510] seed 7003483 random     hops=40 best=4.707106781 basins=13 5.64h
[3511] seed 7003511 random     hops=40 best=4.707106781 basins=8 5.64h
[3512] seed 7003514 neighbour  hops=40 best=4.707106781 basins=11 5.64h
[3513] seed 7003503 random     hops=40 best=4.707106781 basins=7 5.64h
[3514] seed 7003513 structured hops=40 best=4.707106781 basins=3 5.64h
[3515] seed 7003515 random     hops=40 best=4.707106781 basins=8 5.64h
[3516] seed 7003516 random     hops=40 best=4.707106781 basins=9 5.64h
[3517] seed 7003517 structured hops=40 best=4.781143850 basins=6 5.65h
[3518] seed 7003518 neighbour  hops=40 best=4.707106781 basins=5 5.65h
[3519] seed 7003519 random     hops=40 best=4.822875656 basins=2 5.65h
[3520] seed 7003520 random     hops=40 best=4.707106781 basins=4 5.65h
[3521] seed 7003521 structured hops=40 best=5.000000000 basins=1 5.65h
[3522] seed 7003522 neighbour  hops=40 best=4.707106781 basins=8 5.65h
[3523] seed 7003523 random     hops=40 best=4.707106781 basins=6 5.65h
[3524] seed 7003525 structured hops=40 best=4.707106781 basins=6 5.65h
[3525] seed 7003527 random     hops=40 best=4.707106781 basins=3 5.65h
[3526] seed 7003529 structured hops=40 best=4.707106781 basins=4 5.65h
[3527] seed 7003528 random     hops=40 best=4.707106781 basins=5 5.65h
[3528] seed 7003530 neighbour  hops=40 best=4.707106781 basins=8 5.65h
[3529] seed 7003532 random     hops=40 best=4.728581300 basins=3 5.65h
[3530] seed 7003531 random     hops=40 best=4.707106781 basins=2 5.65h
[3531] seed 7003533 structured hops=40 best=4.707106781 basins=2 5.65h
[3532] seed 7003526 neighbour  hops=40 best=4.707106781 basins=7 5.65h
[3533] seed 7003507 random     hops=40 best=4.707106781 basins=8 5.65h
[3534] seed 7003534 neighbour  hops=40 best=4.707106781 basins=12 5.65h
[3535] seed 7003535 random     hops=40 best=5.000000000 basins=2 5.65h
[3536] seed 7003538 neighbour  hops=40 best=4.707106781 basins=6 5.65h
[3537] seed 7003537 structured hops=40 best=4.707106781 basins=5 5.65h
[3538] seed 7003539 random     hops=40 best=4.707106781 basins=4 5.65h
[3539] seed 7003541 structured hops=40 best=4.707106781 basins=6 5.66h
[3540] seed 7003542 neighbour  hops=40 best=4.707106781 basins=5 5.66h
[3541] seed 7003524 random     hops=40 best=4.680125311 basins=19 5.66h
[3542] seed 7003543 random     hops=40 best=4.707106781 basins=4 5.66h
[3543] seed 7003544 random     hops=40 best=4.707106781 basins=5 5.66h
[3544] seed 7003545 structured hops=40 best=4.707106781 basins=5 5.66h
[3545] seed 7003547 random     hops=40 best=4.707106781 basins=7 5.66h
[3546] seed 7003548 random     hops=40 best=4.707106781 basins=6 5.66h
[3547] seed 7003546 neighbour  hops=40 best=4.707106781 basins=9 5.66h
[3548] seed 7003549 structured hops=40 best=5.000000000 basins=1 5.66h
[3549] seed 7003551 random     hops=40 best=4.707106781 basins=8 5.66h
[3550] seed 7003552 random     hops=40 best=4.707106781 basins=6 5.66h
[3551] seed 7003540 random     hops=40 best=4.707106781 basins=7 5.66h
[3552] seed 7003555 random     hops=40 best=4.707106781 basins=4 5.66h
[3553] seed 7003553 structured hops=40 best=4.707106781 basins=8 5.66h
[3554] seed 7003556 random     hops=40 best=4.707106781 basins=5 5.66h
[3555] seed 7003554 neighbour  hops=40 best=4.707106781 basins=12 5.66h
[3556] seed 7003550 neighbour  hops=40 best=4.677648295 basins=11 5.66h
[3557] seed 7003557 structured hops=40 best=4.707106781 basins=6 5.66h
[3558] seed 7003558 neighbour  hops=40 best=4.707106781 basins=5 5.66h
[3559] seed 7003560 random     hops=40 best=4.707106781 basins=5 5.66h
[3560] seed 7003559 random     hops=40 best=4.707106781 basins=5 5.66h
[3561] seed 7003561 structured hops=40 best=4.707106781 basins=4 5.66h
[3562] seed 7003536 random     hops=40 best=4.675530094 basins=25 5.67h
[3563] seed 7003562 neighbour  hops=40 best=4.707106781 basins=8 5.67h
[3564] seed 7003563 random     hops=40 best=4.707106781 basins=3 5.67h
[3565] seed 7003565 structured hops=40 best=5.000000000 basins=1 5.67h
[3566] seed 7003567 random     hops=40 best=4.707106781 basins=6 5.67h
[3567] seed 7003564 random     hops=40 best=4.707106781 basins=5 5.67h
[3568] seed 7003566 neighbour  hops=40 best=4.767766953 basins=13 5.67h
[3569] seed 7003569 structured hops=40 best=4.707106781 basins=2 5.67h
[3570] seed 7003568 random     hops=40 best=4.707106781 basins=5 5.67h
[3571] seed 7003570 neighbour  hops=40 best=4.707106781 basins=12 5.67h
[3572] seed 7003571 random     hops=40 best=4.707106781 basins=7 5.67h
[3573] seed 7003573 structured hops=40 best=4.707106781 basins=3 5.67h
[3574] seed 7003572 random     hops=40 best=4.707106781 basins=4 5.67h
[3575] seed 7003574 neighbour  hops=40 best=4.707106781 basins=6 5.67h
[3576] seed 7003576 random     hops=40 best=4.707106781 basins=4 5.67h
[3577] seed 7003577 structured hops=40 best=4.707106781 basins=4 5.67h
[3578] seed 7003575 random     hops=40 best=4.677648295 basins=13 5.67h
[3579] seed 7003579 random     hops=40 best=4.707106781 basins=4 5.67h
[3580] seed 7003578 neighbour  hops=40 best=4.707106781 basins=7 5.67h
[3581] seed 7003581 structured hops=40 best=4.707106781 basins=4 5.67h
[3582] seed 7003580 random     hops=40 best=4.707106781 basins=8 5.67h
[3583] seed 7003583 random     hops=40 best=4.707106781 basins=5 5.67h
[3584] seed 7003582 neighbour  hops=40 best=4.707106781 basins=10 5.67h
[3585] seed 7003585 structured hops=40 best=4.825376163 basins=2 5.67h
[3586] seed 7003584 random     hops=40 best=5.000000000 basins=1 5.67h
[3587] seed 7003586 neighbour  hops=40 best=4.707106781 basins=4 5.67h
[3588] seed 7003587 random     hops=40 best=4.707106781 basins=5 5.67h
[3589] seed 7003588 random     hops=40 best=4.707106781 basins=4 5.68h
[3590] seed 7003589 structured hops=40 best=4.707106781 basins=9 5.68h
[3591] seed 7003590 neighbour  hops=40 best=4.707106781 basins=7 5.68h
[3592] seed 7003591 random     hops=40 best=4.707106781 basins=4 5.68h
[3593] seed 7003592 random     hops=40 best=4.707106781 basins=2 5.68h
[3594] seed 7003594 neighbour  hops=40 best=4.707106781 basins=9 5.68h
[3595] seed 7003595 random     hops=40 best=4.707106781 basins=10 5.68h
[3596] seed 7003593 structured hops=40 best=4.707106781 basins=10 5.68h
[3597] seed 7003597 structured hops=40 best=4.707106781 basins=3 5.68h
[3598] seed 7003596 random     hops=40 best=4.707106781 basins=4 5.68h
[3599] seed 7003599 random     hops=40 best=4.707106781 basins=8 5.68h
[3600] seed 7003598 neighbour  hops=40 best=4.707106781 basins=8 5.68h
[3601] seed 7003600 random     hops=40 best=4.707106781 basins=9 5.68h
[3602] seed 7003601 structured hops=40 best=4.707106781 basins=4 5.68h
[3603] seed 7003602 neighbour  hops=40 best=4.707106781 basins=8 5.68h
[3604] seed 7003603 random     hops=40 best=4.707106781 basins=7 5.68h
[3605] seed 7003604 random     hops=40 best=4.707106781 basins=9 5.68h
[3606] seed 7003605 structured hops=40 best=4.707106781 basins=6 5.68h
[3607] seed 7003607 random     hops=40 best=4.707106781 basins=5 5.68h
[3608] seed 7003609 structured hops=40 best=4.707106781 basins=4 5.68h
[3609] seed 7003606 neighbour  hops=40 best=4.707106781 basins=11 5.68h
[3610] seed 7003611 random     hops=40 best=4.707106781 basins=3 5.68h
[3611] seed 7003608 random     hops=40 best=4.707106781 basins=10 5.68h
[3612] seed 7003610 neighbour  hops=40 best=4.707106781 basins=7 5.68h
[3613] seed 7003614 neighbour  hops=40 best=4.707106781 basins=3 5.68h
[3614] seed 7003613 structured hops=40 best=4.707106781 basins=6 5.68h
[3615] seed 7003612 random     hops=40 best=4.707106781 basins=3 5.68h
[3616] seed 7003616 random     hops=40 best=4.707106781 basins=4 5.69h
[3617] seed 7003615 random     hops=40 best=4.728500755 basins=12 5.69h
[3618] seed 7003618 neighbour  hops=40 best=4.707106781 basins=5 5.69h
[3619] seed 7003617 structured hops=40 best=4.707106781 basins=11 5.69h
[3620] seed 7003619 random     hops=40 best=5.000000000 basins=1 5.69h
[3621] seed 7003620 random     hops=40 best=4.707106781 basins=6 5.69h
[3622] seed 7003621 structured hops=40 best=4.707106781 basins=4 5.69h
[3623] seed 7003622 neighbour  hops=40 best=4.707106781 basins=4 5.69h
[3624] seed 7003623 random     hops=40 best=4.707106781 basins=4 5.69h
[3625] seed 7003624 random     hops=40 best=4.707106781 basins=3 5.69h
[3626] seed 7003625 structured hops=40 best=4.707106781 basins=5 5.69h
[3627] seed 7003627 random     hops=40 best=4.707106781 basins=5 5.69h
[3628] seed 7003628 random     hops=40 best=4.707106781 basins=5 5.69h
[3629] seed 7003626 neighbour  hops=40 best=4.707106781 basins=7 5.69h
[3630] seed 7003629 structured hops=40 best=5.000000000 basins=1 5.69h
[3631] seed 7003630 neighbour  hops=40 best=4.707106781 basins=12 5.69h
[3632] seed 7003631 random     hops=40 best=4.707106781 basins=5 5.69h
[3633] seed 7003632 random     hops=40 best=4.707106781 basins=4 5.69h
[3634] seed 7003633 structured hops=40 best=4.707106781 basins=5 5.69h
[3635] seed 7003634 neighbour  hops=40 best=4.707106781 basins=3 5.69h
[3636] seed 7003635 random     hops=40 best=5.000000000 basins=1 5.69h
[3637] seed 7003636 random     hops=40 best=4.767766953 basins=4 5.69h
[3638] seed 7003637 structured hops=40 best=4.707106781 basins=8 5.69h
[3639] seed 7003638 neighbour  hops=40 best=4.707106781 basins=8 5.69h
[3640] seed 7003639 random     hops=40 best=5.000000000 basins=1 5.69h
[3641] seed 7003641 structured hops=40 best=5.000000000 basins=1 5.70h
[3642] seed 7003640 random     hops=40 best=4.707106781 basins=16 5.70h
[3643] seed 7003642 neighbour  hops=40 best=4.707106781 basins=9 5.70h
[3644] seed 7003644 random     hops=40 best=4.707106781 basins=3 5.70h
[3645] seed 7003643 random     hops=40 best=4.707106781 basins=9 5.70h
[3646] seed 7003645 structured hops=40 best=4.707106781 basins=3 5.70h
[3647] seed 7003646 neighbour  hops=40 best=4.707106781 basins=6 5.70h
[3648] seed 7003648 random     hops=40 best=4.707106781 basins=7 5.70h
[3649] seed 7003647 random     hops=40 best=4.707106781 basins=7 5.70h
[3650] seed 7003649 structured hops=40 best=4.707106781 basins=5 5.70h
[3651] seed 7003652 random     hops=40 best=5.000000000 basins=1 5.70h
[3652] seed 7003650 neighbour  hops=40 best=4.707106781 basins=9 5.70h
[3653] seed 7003653 structured hops=40 best=4.707106781 basins=7 5.70h
[3654] seed 7003651 random     hops=40 best=4.707106781 basins=6 5.70h
[3655] seed 7003654 neighbour  hops=40 best=4.707106781 basins=7 5.70h
[3656] seed 7003655 random     hops=40 best=4.707106781 basins=5 5.70h
[3657] seed 7003656 random     hops=40 best=4.707106781 basins=11 5.70h
[3658] seed 7003657 structured hops=40 best=4.707106781 basins=5 5.70h
[3659] seed 7003658 neighbour  hops=40 best=4.707106781 basins=6 5.70h
[3660] seed 7003660 random     hops=40 best=4.707106781 basins=4 5.70h
[3661] seed 7003659 random     hops=40 best=4.707106781 basins=7 5.70h
[3662] seed 7003661 structured hops=40 best=4.707106781 basins=4 5.70h
[3663] seed 7003663 random     hops=40 best=4.707106781 basins=6 5.70h
[3664] seed 7003665 structured hops=40 best=5.000000000 basins=1 5.70h
[3665] seed 7003664 random     hops=40 best=4.707106781 basins=10 5.70h
[3666] seed 7003667 random     hops=40 best=4.707106781 basins=5 5.71h
[3667] seed 7003666 neighbour  hops=40 best=4.707106781 basins=8 5.71h
[3668] seed 7003668 random     hops=40 best=4.707106781 basins=3 5.71h
[3669] seed 7003669 structured hops=40 best=5.000000000 basins=1 5.71h
[3670] seed 7003670 neighbour  hops=40 best=4.707106781 basins=5 5.71h
[3671] seed 7003662 neighbour  hops=40 best=4.677648295 basins=19 5.71h
[3672] seed 7003671 random     hops=40 best=4.707106781 basins=9 5.71h
[3673] seed 7003673 structured hops=40 best=4.707106781 basins=7 5.71h
[3674] seed 7003674 neighbour  hops=40 best=4.707106781 basins=11 5.71h
[3675] seed 7003675 random     hops=40 best=4.707106781 basins=10 5.71h
[3676] seed 7003677 structured hops=40 best=4.707106781 basins=4 5.71h
[3677] seed 7003676 random     hops=40 best=4.707106781 basins=7 5.71h
[3678] seed 7003678 neighbour  hops=40 best=4.707106781 basins=6 5.71h
[3679] seed 7003680 random     hops=40 best=4.707106781 basins=4 5.71h
[3680] seed 7003679 random     hops=40 best=4.707106781 basins=4 5.71h
[3681] seed 7003681 structured hops=40 best=4.707106781 basins=6 5.71h
[3682] seed 7003682 neighbour  hops=40 best=4.707106781 basins=10 5.71h
[3683] seed 7003684 random     hops=40 best=4.707106781 basins=12 5.71h
[3684] seed 7003685 structured hops=40 best=4.707106781 basins=3 5.71h
[3685] seed 7003672 random     hops=40 best=4.707106781 basins=9 5.71h
[3686] seed 7003687 random     hops=40 best=5.000000000 basins=1 5.72h
[3687] seed 7003686 neighbour  hops=40 best=4.707106781 basins=7 5.72h
[3688] seed 7003688 random     hops=40 best=4.707106781 basins=5 5.72h
[3689] seed 7003690 neighbour  hops=40 best=4.707106781 basins=6 5.72h
[3690] seed 7003689 structured hops=40 best=4.707106781 basins=4 5.72h
[3691] seed 7003691 random     hops=40 best=4.707106781 basins=4 5.72h
[3692] seed 7003692 random     hops=40 best=4.707106781 basins=6 5.72h
[3693] seed 7003693 structured hops=40 best=4.707106781 basins=17 5.72h
[3694] seed 7003694 neighbour  hops=40 best=4.707106781 basins=9 5.72h
[3695] seed 7003695 random     hops=40 best=4.707106781 basins=6 5.72h
[3696] seed 7003696 random     hops=40 best=5.000000000 basins=1 5.72h
[3697] seed 7003697 structured hops=40 best=4.707106781 basins=3 5.72h
[3698] seed 7003699 random     hops=40 best=4.707106781 basins=7 5.72h
[3699] seed 7003701 structured hops=40 best=4.707106781 basins=5 5.72h
[3700] seed 7003700 random     hops=40 best=4.707106781 basins=7 5.72h
[3701] seed 7003698 neighbour  hops=40 best=4.677648295 basins=25 5.72h
[3702] seed 7003703 random     hops=40 best=4.707106781 basins=7 5.72h
[3703] seed 7003702 neighbour  hops=40 best=4.707106781 basins=8 5.72h
[3704] seed 7003704 random     hops=40 best=4.707106781 basins=6 5.72h
[3705] seed 7003705 structured hops=40 best=4.711321814 basins=14 5.72h
[3706] seed 7003707 random     hops=40 best=4.707106781 basins=4 5.72h
[3707] seed 7003708 random     hops=40 best=4.707106781 basins=6 5.72h
[3708] seed 7003709 structured hops=40 best=4.707106781 basins=2 5.72h
[3709] seed 7003683 random     hops=40 best=4.707106781 basins=11 5.73h
[3710] seed 7003710 neighbour  hops=40 best=4.707106781 basins=10 5.73h
[3711] seed 7003706 neighbour  hops=40 best=4.677648295 basins=17 5.73h
[3712] seed 7003711 random     hops=40 best=4.707106781 basins=3 5.73h
[3713] seed 7003712 random     hops=40 best=4.707106781 basins=4 5.73h
[3714] seed 7003714 neighbour  hops=40 best=4.707106781 basins=6 5.73h
[3715] seed 7003713 structured hops=40 best=4.707106781 basins=5 5.73h
[3716] seed 7003715 random     hops=40 best=4.707106781 basins=5 5.73h
[3717] seed 7003717 structured hops=40 best=5.000000000 basins=1 5.73h
[3718] seed 7003719 random     hops=40 best=4.707106781 basins=8 5.73h
[3719] seed 7003720 random     hops=40 best=4.707106781 basins=4 5.73h
[3720] seed 7003721 structured hops=40 best=4.707106781 basins=8 5.73h
[3721] seed 7003718 neighbour  hops=40 best=4.707106781 basins=8 5.73h
[3722] seed 7003716 random     hops=40 best=4.707106781 basins=11 5.73h
[3723] seed 7003722 neighbour  hops=40 best=4.707106781 basins=3 5.73h
[3724] seed 7003723 random     hops=40 best=4.707106781 basins=6 5.73h
[3725] seed 7003724 random     hops=40 best=4.707106781 basins=10 5.73h
[3726] seed 7003725 structured hops=40 best=4.707106781 basins=5 5.73h
[3727] seed 7003728 random     hops=40 best=4.707106781 basins=8 5.73h
[3728] seed 7003727 random     hops=40 best=4.707106781 basins=4 5.73h
[3729] seed 7003730 neighbour  hops=40 best=4.707106781 basins=8 5.73h
[3730] seed 7003729 structured hops=40 best=4.707106781 basins=15 5.73h
[3731] seed 7003731 random     hops=40 best=4.707106781 basins=6 5.74h
[3732] seed 7003732 random     hops=40 best=4.707106781 basins=5 5.74h
[3733] seed 7003735 random     hops=40 best=4.707106781 basins=7 5.74h
[3734] seed 7003736 random     hops=40 best=4.707106781 basins=3 5.74h
[3735] seed 7003737 structured hops=40 best=4.728581300 basins=3 5.74h
[3736] seed 7003734 neighbour  hops=40 best=4.707106781 basins=8 5.74h
[3737] seed 7003738 neighbour  hops=40 best=4.707106781 basins=14 5.74h
[3738] seed 7003739 random     hops=40 best=4.707106781 basins=5 5.74h
[3739] seed 7003740 random     hops=40 best=4.707106781 basins=3 5.74h
[3740] seed 7003741 structured hops=40 best=4.675530094 basins=19 5.74h
[3741] seed 7003733 structured hops=40 best=4.707106781 basins=10 5.74h
[3742] seed 7003726 neighbour  hops=40 best=4.707106781 basins=13 5.74h
[3743] seed 7003742 neighbour  hops=40 best=4.707106781 basins=9 5.74h
[3744] seed 7003743 random     hops=40 best=4.707106781 basins=4 5.74h
[3745] seed 7003745 structured hops=40 best=4.707106781 basins=7 5.74h
[3746] seed 7003747 random     hops=40 best=4.707106781 basins=4 5.74h
[3747] seed 7003744 random     hops=40 best=4.707106781 basins=14 5.74h
[3748] seed 7003749 structured hops=40 best=4.707106781 basins=4 5.74h
[3749] seed 7003748 random     hops=40 best=4.707106781 basins=5 5.74h
[3750] seed 7003751 random     hops=40 best=4.707106781 basins=5 5.74h
[3751] seed 7003750 neighbour  hops=40 best=4.707106781 basins=6 5.74h
[3752] seed 7003752 random     hops=40 best=4.707106781 basins=4 5.74h
[3753] seed 7003754 neighbour  hops=40 best=4.707106781 basins=9 5.74h
[3754] seed 7003755 random     hops=40 best=4.707106781 basins=9 5.74h
[3755] seed 7003753 structured hops=40 best=4.707106781 basins=6 5.74h
[3756] seed 7003756 random     hops=40 best=5.000000000 basins=1 5.75h
[3757] seed 7003757 structured hops=40 best=4.707106781 basins=4 5.75h
[3758] seed 7003758 neighbour  hops=40 best=4.707106781 basins=7 5.75h
[3759] seed 7003759 random     hops=40 best=4.707106781 basins=6 5.75h
[3760] seed 7003761 structured hops=40 best=4.707106781 basins=5 5.75h
[3761] seed 7003760 random     hops=40 best=4.707106781 basins=5 5.75h
[3762] seed 7003763 random     hops=40 best=4.707106781 basins=11 5.75h
[3763] seed 7003764 random     hops=40 best=4.707106781 basins=5 5.75h
[3764] seed 7003746 neighbour  hops=40 best=4.707106781 basins=9 5.75h
[3765] seed 7003765 structured hops=40 best=4.707106781 basins=6 5.75h
[3766] seed 7003766 neighbour  hops=40 best=4.707106781 basins=11 5.75h
[3767] seed 7003768 random     hops=40 best=4.707106781 basins=2 5.75h
[3768] seed 7003767 random     hops=40 best=4.707106781 basins=8 5.75h
[3769] seed 7003769 structured hops=40 best=4.728500755 basins=4 5.75h
[3770] seed 7003771 random     hops=40 best=4.728581300 basins=4 5.75h
[3771] seed 7003772 random     hops=40 best=4.707106781 basins=4 5.75h
[3772] seed 7003770 neighbour  hops=40 best=4.731035400 basins=8 5.75h
[3773] seed 7003773 structured hops=40 best=4.707106781 basins=3 5.75h
[3774] seed 7003774 neighbour  hops=40 best=4.707106781 basins=7 5.75h
[3775] seed 7003775 random     hops=40 best=5.000000000 basins=1 5.75h
[3776] seed 7003762 neighbour  hops=40 best=4.677648295 basins=17 5.75h
[3777] seed 7003776 random     hops=40 best=5.000000000 basins=1 5.75h
[3778] seed 7003777 structured hops=40 best=4.707106781 basins=5 5.75h
[3779] seed 7003779 random     hops=40 best=4.707106781 basins=3 5.76h
[3780] seed 7003781 structured hops=40 best=5.000000000 basins=1 5.76h
[3781] seed 7003778 neighbour  hops=40 best=4.722252558 basins=16 5.76h
[3782] seed 7003780 random     hops=40 best=4.707106781 basins=8 5.76h
[3783] seed 7003782 neighbour  hops=40 best=4.707106781 basins=8 5.76h
[3784] seed 7003783 random     hops=40 best=4.707106781 basins=7 5.76h
[3785] seed 7003784 random     hops=40 best=4.707106781 basins=5 5.76h
[3786] seed 7003786 neighbour  hops=40 best=4.707106781 basins=8 5.76h
[3787] seed 7003785 structured hops=40 best=4.707106781 basins=10 5.76h
[3788] seed 7003787 random     hops=40 best=4.707106781 basins=5 5.76h
[3789] seed 7003789 structured hops=40 best=4.707106781 basins=5 5.76h
[3790] seed 7003788 random     hops=40 best=4.707106781 basins=10 5.76h
[3791] seed 7003790 neighbour  hops=40 best=4.677648295 basins=13 5.76h
[3792] seed 7003791 random     hops=40 best=5.000000000 basins=1 5.76h
[3793] seed 7003792 random     hops=40 best=4.707106781 basins=5 5.76h
[3794] seed 7003793 structured hops=40 best=4.707106781 basins=2 5.76h
[3795] seed 7003795 random     hops=40 best=4.707106781 basins=4 5.76h
[3796] seed 7003794 neighbour  hops=40 best=4.707106781 basins=3 5.76h
[3797] seed 7003797 structured hops=40 best=4.707106781 basins=4 5.76h
[3798] seed 7003796 random     hops=40 best=4.707106781 basins=6 5.76h
[3799] seed 7003799 random     hops=40 best=4.707106781 basins=2 5.76h
[3800] seed 7003800 random     hops=40 best=4.728581300 basins=2 5.76h
[3801] seed 7003798 neighbour  hops=40 best=4.707106781 basins=14 5.76h
[3802] seed 7003801 structured hops=40 best=4.707106781 basins=8 5.76h
[3803] seed 7003803 random     hops=40 best=4.707106781 basins=5 5.76h
[3804] seed 7003804 random     hops=40 best=4.707106781 basins=6 5.76h
[3805] seed 7003805 structured hops=40 best=4.707106781 basins=9 5.77h
[3806] seed 7003802 neighbour  hops=40 best=4.707106781 basins=7 5.77h
[3807] seed 7003807 random     hops=40 best=4.707106781 basins=3 5.77h
[3808] seed 7003806 neighbour  hops=40 best=4.707106781 basins=9 5.77h
[3809] seed 7003808 random     hops=40 best=4.707106781 basins=4 5.77h
[3810] seed 7003810 neighbour  hops=40 best=4.707106781 basins=8 5.77h
[3811] seed 7003813 structured hops=40 best=4.707106781 basins=3 5.77h
[3812] seed 7003811 random     hops=40 best=4.707106781 basins=5 5.77h
[3813] seed 7003814 neighbour  hops=40 best=4.677648295 basins=13 5.77h
[3814] seed 7003815 random     hops=40 best=4.707106781 basins=5 5.77h
[3815] seed 7003816 random     hops=40 best=4.707106781 basins=4 5.77h
[3816] seed 7003817 structured hops=40 best=4.707106781 basins=5 5.77h
[3817] seed 7003819 random     hops=40 best=4.707106781 basins=6 5.77h
[3818] seed 7003820 random     hops=40 best=4.707106781 basins=3 5.77h
[3819] seed 7003822 neighbour  hops=40 best=4.707106781 basins=7 5.77h
[3820] seed 7003821 structured hops=40 best=4.707106781 basins=4 5.77h
[3821] seed 7003809 structured hops=40 best=4.707106781 basins=3 5.77h
[3822] seed 7003823 random     hops=40 best=4.707106781 basins=5 5.77h
[3823] seed 7003824 random     hops=40 best=4.707106781 basins=6 5.77h
[3824] seed 7003825 structured hops=40 best=4.707106781 basins=4 5.77h
[3825] seed 7003828 random     hops=40 best=4.707106781 basins=3 5.78h
[3826] seed 7003826 neighbour  hops=40 best=4.707106781 basins=5 5.78h
[3827] seed 7003827 random     hops=40 best=4.707106781 basins=5 5.78h
[3828] seed 7003829 structured hops=40 best=4.707106781 basins=7 5.78h
[3829] seed 7003812 random     hops=40 best=4.707106781 basins=6 5.78h
[3830] seed 7003833 structured hops=40 best=4.707106781 basins=4 5.78h
[3831] seed 7003818 neighbour  hops=40 best=4.707106781 basins=11 5.78h
[3832] seed 7003830 neighbour  hops=40 best=4.707106781 basins=10 5.78h
[3833] seed 7003834 neighbour  hops=40 best=4.707106781 basins=6 5.78h
[3834] seed 7003832 random     hops=40 best=4.707106781 basins=6 5.78h
[3835] seed 7003836 random     hops=40 best=4.707106781 basins=4 5.78h
[3836] seed 7003838 neighbour  hops=40 best=4.707106781 basins=6 5.78h
[3837] seed 7003840 random     hops=40 best=4.707106781 basins=4 5.78h
[3838] seed 7003839 random     hops=40 best=4.707106781 basins=6 5.78h
[3839] seed 7003837 structured hops=40 best=4.707106781 basins=6 5.78h
[3840] seed 7003835 random     hops=40 best=4.677648295 basins=18 5.78h
[3841] seed 7003831 random     hops=40 best=4.680125311 basins=23 5.78h
[3842] seed 7003845 structured hops=40 best=5.000000000 basins=1 5.78h
[3843] seed 7003846 neighbour  hops=40 best=4.707106781 basins=5 5.78h
[3844] seed 7003843 random     hops=40 best=4.707106781 basins=11 5.79h
[3845] seed 7003844 random     hops=40 best=4.707106781 basins=10 5.79h
[3846] seed 7003848 random     hops=40 best=4.707106781 basins=9 5.79h
[3847] seed 7003842 neighbour  hops=40 best=4.677648295 basins=16 5.79h
[3848] seed 7003851 random     hops=40 best=4.707106781 basins=8 5.79h
[3849] seed 7003852 random     hops=40 best=4.707106781 basins=3 5.79h
[3850] seed 7003849 structured hops=40 best=4.707106781 basins=8 5.79h
[3851] seed 7003850 neighbour  hops=40 best=4.707106781 basins=10 5.79h
[3852] seed 7003841 structured hops=40 best=4.707106781 basins=11 5.79h
[3853] seed 7003853 structured hops=40 best=4.707106781 basins=6 5.79h
[3854] seed 7003854 neighbour  hops=40 best=4.707106781 basins=6 5.79h
[3855] seed 7003847 random     hops=40 best=4.707106781 basins=6 5.79h
[3856] seed 7003855 random     hops=40 best=4.707106781 basins=11 5.79h
[3857] seed 7003856 random     hops=40 best=4.707106781 basins=13 5.79h
[3858] seed 7003857 structured hops=40 best=4.707106781 basins=8 5.79h
[3859] seed 7003858 neighbour  hops=40 best=4.707106781 basins=7 5.79h
[3860] seed 7003860 random     hops=40 best=4.755342034 basins=3 5.79h
[3861] seed 7003859 random     hops=40 best=4.707106781 basins=3 5.79h
[3862] seed 7003862 neighbour  hops=40 best=4.707106781 basins=5 5.79h
[3863] seed 7003861 structured hops=40 best=4.707106781 basins=5 5.79h
[3864] seed 7003863 random     hops=40 best=4.707106781 basins=6 5.79h
[3865] seed 7003864 random     hops=40 best=4.677648295 basins=14 5.79h
[3866] seed 7003865 structured hops=40 best=4.707106781 basins=4 5.80h
[3867] seed 7003867 random     hops=40 best=4.767766953 basins=6 5.80h
[3868] seed 7003866 neighbour  hops=40 best=4.707106781 basins=14 5.80h
[3869] seed 7003869 structured hops=40 best=4.707106781 basins=4 5.80h
[3870] seed 7003868 random     hops=40 best=4.707106781 basins=6 5.80h
[3871] seed 7003870 neighbour  hops=40 best=4.707106781 basins=5 5.80h
[3872] seed 7003871 random     hops=40 best=4.707106781 basins=3 5.80h
[3873] seed 7003872 random     hops=40 best=4.707106781 basins=6 5.80h
[3874] seed 7003873 structured hops=40 best=5.000000000 basins=1 5.80h
[3875] seed 7003875 random     hops=40 best=4.707106781 basins=4 5.80h
[3876] seed 7003876 random     hops=40 best=4.707106781 basins=5 5.80h
[3877] seed 7003877 structured hops=40 best=4.707106781 basins=5 5.80h
[3878] seed 7003878 neighbour  hops=40 best=4.707106781 basins=6 5.80h
[3879] seed 7003879 random     hops=40 best=4.707106781 basins=4 5.80h
[3880] seed 7003881 structured hops=40 best=4.707106781 basins=6 5.80h
[3881] seed 7003880 random     hops=40 best=4.707106781 basins=3 5.80h
[3882] seed 7003883 random     hops=40 best=4.803155077 basins=5 5.80h
[3883] seed 7003885 structured hops=40 best=5.000000000 basins=1 5.81h
[3884] seed 7003884 random     hops=40 best=4.707106781 basins=5 5.81h
[3885] seed 7003882 neighbour  hops=40 best=4.677648295 basins=11 5.81h
[3886] seed 7003886 neighbour  hops=40 best=4.707106781 basins=11 5.81h
[3887] seed 7003874 neighbour  hops=40 best=4.728581300 basins=6 5.81h
[3888] seed 7003887 random     hops=40 best=4.707106781 basins=5 5.81h
[3889] seed 7003889 structured hops=40 best=4.707106781 basins=5 5.81h
[3890] seed 7003890 neighbour  hops=40 best=4.707106781 basins=6 5.81h
[3891] seed 7003888 random     hops=40 best=4.707106781 basins=9 5.81h
[3892] seed 7003891 random     hops=40 best=4.755342034 basins=4 5.81h
[3893] seed 7003893 structured hops=40 best=4.707106781 basins=5 5.81h
[3894] seed 7003894 neighbour  hops=40 best=4.707106781 basins=4 5.81h
[3895] seed 7003896 random     hops=40 best=4.707106781 basins=3 5.81h
[3896] seed 7003897 structured hops=40 best=4.707106781 basins=7 5.81h
[3897] seed 7003895 random     hops=40 best=4.707106781 basins=18 5.81h
[3898] seed 7003899 random     hops=40 best=4.707106781 basins=9 5.81h
[3899] seed 7003900 random     hops=40 best=4.707106781 basins=4 5.81h
[3900] seed 7003901 structured hops=40 best=4.707106781 basins=7 5.81h
[3901] seed 7003903 random     hops=40 best=4.707106781 basins=5 5.81h
[3902] seed 7003905 structured hops=40 best=4.707106781 basins=5 5.81h
[3903] seed 7003904 random     hops=40 best=4.707106781 basins=5 5.82h
[3904] seed 7003898 neighbour  hops=40 best=4.707106781 basins=10 5.82h
[3905] seed 7003902 neighbour  hops=40 best=4.707106781 basins=10 5.82h
[3906] seed 7003907 random     hops=40 best=4.707106781 basins=7 5.82h
[3907] seed 7003908 random     hops=40 best=5.000000000 basins=1 5.82h
[3908] seed 7003909 structured hops=40 best=5.000000000 basins=1 5.82h
[3909] seed 7003910 neighbour  hops=40 best=4.707106781 basins=8 5.82h
[3910] seed 7003911 random     hops=40 best=4.707106781 basins=4 5.82h
[3911] seed 7003914 neighbour  hops=40 best=4.707106781 basins=4 5.82h
[3912] seed 7003913 structured hops=40 best=4.707106781 basins=6 5.82h
[3913] seed 7003915 random     hops=40 best=4.707106781 basins=5 5.82h
[3914] seed 7003916 random     hops=40 best=4.707106781 basins=3 5.82h
[3915] seed 7003912 random     hops=40 best=4.707106781 basins=6 5.82h
[3916] seed 7003917 structured hops=40 best=5.000000000 basins=1 5.82h
[3917] seed 7003918 neighbour  hops=40 best=4.707106781 basins=9 5.83h
[3918] seed 7003920 random     hops=40 best=4.707106781 basins=3 5.83h
[3919] seed 7003919 random     hops=40 best=4.707106781 basins=5 5.83h
[3920] seed 7003921 structured hops=40 best=4.707106781 basins=11 5.83h
[3921] seed 7003922 neighbour  hops=40 best=4.707106781 basins=6 5.83h
[3922] seed 7003924 random     hops=40 best=4.707106781 basins=6 5.83h
[3923] seed 7003925 structured hops=40 best=4.767766953 basins=2 5.83h
[3924] seed 7003923 random     hops=40 best=4.707106781 basins=5 5.83h
[3925] seed 7003926 neighbour  hops=40 best=4.707106781 basins=6 5.83h
[3926] seed 7003928 random     hops=40 best=5.000000000 basins=1 5.83h
[3927] seed 7003929 structured hops=40 best=4.707106781 basins=5 5.83h
[3928] seed 7003930 neighbour  hops=40 best=4.707106781 basins=4 5.83h
[3929] seed 7003906 neighbour  hops=40 best=4.707106781 basins=14 5.83h
[3930] seed 7003931 random     hops=40 best=4.707106781 basins=5 5.83h
[3931] seed 7003932 random     hops=40 best=4.707106781 basins=6 5.83h
[3932] seed 7003934 neighbour  hops=40 best=4.707106781 basins=4 5.83h
[3933] seed 7003933 structured hops=40 best=4.707106781 basins=4 5.84h
[3934] seed 7003936 random     hops=40 best=4.707106781 basins=9 5.84h
[3935] seed 7003937 structured hops=40 best=4.707106781 basins=4 5.84h
[3936] seed 7003935 random     hops=40 best=4.677648295 basins=11 5.84h
[3937] seed 7003939 random     hops=40 best=4.707106781 basins=5 5.84h
[3938] seed 7003938 neighbour  hops=40 best=4.707106781 basins=11 5.84h
[3939] seed 7003940 random     hops=40 best=4.767766953 basins=3 5.84h
[3940] seed 7003941 structured hops=40 best=5.000000000 basins=1 5.84h
[3941] seed 7003892 random     hops=40 best=4.675530094 basins=20 5.84h
[3942] seed 7003942 neighbour  hops=40 best=4.707106781 basins=5 5.84h
[3943] seed 7003944 random     hops=40 best=4.707106781 basins=6 5.84h
[3944] seed 7003945 structured hops=40 best=4.707106781 basins=2 5.84h
[3945] seed 7003943 random     hops=40 best=4.707106781 basins=15 5.84h
[3946] seed 7003946 neighbour  hops=40 best=4.707106781 basins=7 5.84h
[3947] seed 7003947 random     hops=40 best=4.707106781 basins=4 5.84h
[3948] seed 7003948 random     hops=40 best=4.707106781 basins=7 5.84h
[3949] seed 7003950 neighbour  hops=40 best=4.707106781 basins=11 5.84h
[3950] seed 7003949 structured hops=40 best=4.707106781 basins=8 5.84h
[3951] seed 7003952 random     hops=40 best=4.707106781 basins=7 5.84h
[3952] seed 7003953 structured hops=40 best=4.707106781 basins=6 5.85h
[3953] seed 7003954 neighbour  hops=40 best=4.707106781 basins=9 5.85h
[3954] seed 7003956 random     hops=40 best=4.707106781 basins=7 5.85h
[3955] seed 7003957 structured hops=40 best=4.707106781 basins=7 5.85h
[3956] seed 7003958 neighbour  hops=40 best=4.707106781 basins=6 5.85h
[3957] seed 7003959 random     hops=40 best=4.707106781 basins=7 5.85h
[3958] seed 7003960 random     hops=40 best=4.707106781 basins=6 5.85h
[3959] seed 7003962 neighbour  hops=40 best=4.707106781 basins=15 5.85h
[3960] seed 7003964 random     hops=40 best=4.707106781 basins=9 5.85h
[3961] seed 7003951 random     hops=40 best=4.677648295 basins=23 5.85h
[3962] seed 7003965 structured hops=40 best=4.707106781 basins=8 5.85h
[3963] seed 7003967 random     hops=40 best=4.707106781 basins=5 5.85h
[3964] seed 7003969 structured hops=40 best=4.707106781 basins=4 5.85h
[3965] seed 7003927 random     hops=40 best=4.707106781 basins=7 5.85h
[3966] seed 7003966 neighbour  hops=40 best=4.707106781 basins=6 5.85h
[3967] seed 7003968 random     hops=40 best=4.677648295 basins=17 5.85h
[3968] seed 7003970 neighbour  hops=40 best=4.707106781 basins=10 5.85h
[3969] seed 7003971 random     hops=40 best=4.707106781 basins=2 5.86h
[3970] seed 7003972 random     hops=40 best=4.707106781 basins=4 5.86h
[3971] seed 7003973 structured hops=40 best=4.707106781 basins=4 5.86h
[3972] seed 7003963 random     hops=40 best=4.675530094 basins=18 5.86h *best
[3973] seed 7003961 structured hops=40 best=4.707106781 basins=10 5.86h
[3974] seed 7003955 random     hops=40 best=4.677648295 basins=15 5.86h
[3975] seed 7003976 random     hops=40 best=4.707106781 basins=7 5.86h
[3976] seed 7003979 random     hops=40 best=4.707106781 basins=6 5.86h
[3977] seed 7003980 random     hops=40 best=4.707106781 basins=7 5.86h
[3978] seed 7003978 neighbour  hops=40 best=4.707106781 basins=7 5.86h
[3979] seed 7003977 structured hops=40 best=4.707106781 basins=5 5.86h
[3980] seed 7003982 neighbour  hops=40 best=4.707106781 basins=13 5.86h
[3981] seed 7003981 structured hops=40 best=4.707106781 basins=5 5.86h
[3982] seed 7003983 random     hops=40 best=4.707106781 basins=5 5.86h
[3983] seed 7003984 random     hops=40 best=4.707106781 basins=3 5.86h
[3984] seed 7003985 structured hops=40 best=4.707106781 basins=7 5.86h
[3985] seed 7003986 neighbour  hops=40 best=4.707106781 basins=5 5.87h
[3986] seed 7003975 random     hops=40 best=4.675530094 basins=9 5.87h
[3987] seed 7003987 random     hops=40 best=4.707106781 basins=8 5.87h
[3988] seed 7003989 structured hops=40 best=4.707106781 basins=5 5.87h
[3989] seed 7003974 neighbour  hops=40 best=4.707106781 basins=8 5.87h
[3990] seed 7003988 random     hops=40 best=4.707106781 basins=5 5.87h
[3991] seed 7003991 random     hops=40 best=4.707106781 basins=11 5.87h
[3992] seed 7003992 random     hops=40 best=4.707106781 basins=8 5.87h
[3993] seed 7003993 structured hops=40 best=4.707106781 basins=4 5.87h
[3994] seed 7003996 random     hops=40 best=4.707106781 basins=6 5.87h
[3995] seed 7003995 random     hops=40 best=4.707106781 basins=5 5.87h
[3996] seed 7003994 neighbour  hops=40 best=4.795833211 basins=10 5.87h
[3997] seed 7003997 structured hops=40 best=4.707106781 basins=6 5.87h
[3998] seed 7003998 neighbour  hops=40 best=4.707106781 basins=10 5.87h
[3999] seed 7003999 random     hops=40 best=4.707106781 basins=5 5.87h
[4000] seed 7004000 random     hops=40 best=4.707106781 basins=4 5.87h
[4001] seed 7004001 structured hops=40 best=4.707106781 basins=5 5.87h
[4002] seed 7003990 neighbour  hops=40 best=4.707106781 basins=13 5.87h
[4003] seed 7004002 neighbour  hops=40 best=4.707106781 basins=13 5.87h
[4004] seed 7004004 random     hops=40 best=4.707106781 basins=7 5.87h
[4005] seed 7004005 structured hops=40 best=4.767766953 basins=2 5.87h
[4006] seed 7004006 neighbour  hops=40 best=4.707106781 basins=5 5.87h
[4007] seed 7004008 random     hops=40 best=4.728581300 basins=3 5.88h
[4008] seed 7004009 structured hops=40 best=4.707106781 basins=3 5.88h
[4009] seed 7004010 neighbour  hops=40 best=4.707106781 basins=6 5.88h
[4010] seed 7004011 random     hops=40 best=4.707106781 basins=7 5.88h
[4011] seed 7004013 structured hops=40 best=4.707106781 basins=5 5.88h
[4012] seed 7004014 neighbour  hops=40 best=4.707106781 basins=10 5.88h
[4013] seed 7004003 random     hops=40 best=4.707106781 basins=15 5.88h
[4014] seed 7004017 structured hops=40 best=4.707106781 basins=4 5.88h
[4015] seed 7004018 neighbour  hops=40 best=4.707106781 basins=8 5.88h
[4016] seed 7004019 random     hops=40 best=4.707106781 basins=5 5.88h
[4017] seed 7004012 random     hops=40 best=4.675530094 basins=29 5.88h
[4018] seed 7004007 random     hops=40 best=4.767766953 basins=7 5.88h
[4019] seed 7004016 random     hops=40 best=4.707106781 basins=5 5.88h
[4020] seed 7004021 structured hops=40 best=4.707106781 basins=2 5.88h
[4021] seed 7004020 random     hops=40 best=4.677648295 basins=22 5.88h
[4022] seed 7004022 neighbour  hops=40 best=4.707106781 basins=3 5.88h
[4023] seed 7004023 random     hops=40 best=4.707106781 basins=11 5.88h
[4024] seed 7004024 random     hops=40 best=4.707106781 basins=6 5.89h
[4025] seed 7004025 structured hops=40 best=4.707106781 basins=6 5.89h
[4026] seed 7004026 neighbour  hops=40 best=4.707106781 basins=11 5.89h
[4027] seed 7004028 random     hops=40 best=4.707106781 basins=4 5.89h
[4028] seed 7004029 structured hops=40 best=4.707106781 basins=4 5.89h
[4029] seed 7004015 random     hops=40 best=4.707106781 basins=8 5.89h
[4030] seed 7004030 neighbour  hops=40 best=4.707106781 basins=9 5.89h
[4031] seed 7004036 random     hops=0 best=none basins=0 5.89h
[4032] seed 7004031 random     hops=40 best=5.000000000 basins=1 5.89h
[4033] seed 7004032 random     hops=40 best=4.707106781 basins=3 5.89h
[4034] seed 7004033 structured hops=40 best=4.707106781 basins=3 5.89h
[4035] seed 7004034 neighbour  hops=40 best=4.707106781 basins=7 5.89h
[4036] seed 7004035 random     hops=40 best=4.677648295 basins=15 5.89h
[4037] seed 7004038 neighbour  hops=40 best=4.707106781 basins=7 5.89h
[4038] seed 7004039 random     hops=40 best=4.707106781 basins=6 5.89h
[4039] seed 7004040 random     hops=40 best=4.707106781 basins=4 5.89h
[4040] seed 7004041 structured hops=40 best=4.707106781 basins=6 5.89h
[4041] seed 7004027 random     hops=40 best=4.707106781 basins=5 5.89h
[4042] seed 7004042 neighbour  hops=40 best=4.707106781 basins=6 5.89h
[4043] seed 7004043 random     hops=40 best=4.767766953 basins=3 5.89h
[4044] seed 7004044 random     hops=40 best=4.707106781 basins=7 5.89h
[4045] seed 7004037 structured hops=40 best=4.707106781 basins=7 5.89h
[4046] seed 7004047 random     hops=40 best=4.707106781 basins=5 5.89h
[4047] seed 7004046 neighbour  hops=40 best=4.707106781 basins=6 5.89h
[4048] seed 7004045 structured hops=40 best=4.707106781 basins=5 5.89h
[4049] seed 7004049 structured hops=40 best=4.707106781 basins=6 5.90h
[4050] seed 7004048 random     hops=40 best=4.707106781 basins=13 5.90h
[4051] seed 7004050 neighbour  hops=40 best=4.707106781 basins=6 5.90h
[4052] seed 7004051 random     hops=40 best=4.707106781 basins=5 5.90h
[4053] seed 7004054 neighbour  hops=40 best=4.707106781 basins=5 5.90h
[4054] seed 7004052 random     hops=40 best=4.677648295 basins=15 5.90h
[4055] seed 7004055 random     hops=40 best=4.707106781 basins=4 5.90h
[4056] seed 7004053 structured hops=40 best=4.707106781 basins=4 5.90h
[4057] seed 7004059 random     hops=40 best=4.707106781 basins=4 5.90h
[4058] seed 7004056 random     hops=40 best=4.707106781 basins=5 5.90h
[4059] seed 7004057 structured hops=40 best=4.707106781 basins=8 5.90h
[4060] seed 7004060 random     hops=40 best=5.000000000 basins=1 5.90h
[4061] seed 7004061 structured hops=40 best=4.707106781 basins=6 5.90h
[4062] seed 7004058 neighbour  hops=40 best=4.707106781 basins=6 5.90h
[4063] seed 7004062 neighbour  hops=40 best=4.707106781 basins=5 5.90h
[4064] seed 7004063 random     hops=40 best=4.707106781 basins=7 5.90h
[4065] seed 7004064 random     hops=40 best=4.707106781 basins=3 5.90h
[4066] seed 7004069 structured hops=40 best=4.707106781 basins=6 5.91h
[4067] seed 7004066 neighbour  hops=40 best=4.707106781 basins=7 5.91h
[4068] seed 7004068 random     hops=40 best=4.707106781 basins=17 5.91h
[4069] seed 7004071 random     hops=40 best=4.707106781 basins=5 5.91h
[4070] seed 7004070 neighbour  hops=40 best=4.707106781 basins=10 5.91h
[4071] seed 7004073 structured hops=40 best=4.707106781 basins=8 5.91h
[4072] seed 7004074 neighbour  hops=40 best=4.707106781 basins=11 5.91h
[4073] seed 7004075 random     hops=40 best=4.728500755 basins=5 5.91h
[4074] seed 7004072 random     hops=40 best=4.707106781 basins=9 5.91h
[4075] seed 7004076 random     hops=40 best=4.707106781 basins=6 5.91h
[4076] seed 7004077 structured hops=40 best=5.000000000 basins=1 5.91h
[4077] seed 7004078 neighbour  hops=40 best=4.707106781 basins=7 5.91h
[4078] seed 7004080 random     hops=40 best=4.707106781 basins=5 5.91h
[4079] seed 7004081 structured hops=40 best=4.707106781 basins=2 5.91h
[4080] seed 7004079 random     hops=40 best=4.707106781 basins=5 5.91h
[4081] seed 7004082 neighbour  hops=40 best=4.707106781 basins=5 5.91h
[4082] seed 7004083 random     hops=40 best=4.707106781 basins=4 5.91h
[4083] seed 7004085 structured hops=40 best=4.707106781 basins=5 5.91h
[4084] seed 7004067 random     hops=40 best=4.707106781 basins=6 5.91h
[4085] seed 7004086 neighbour  hops=40 best=4.707106781 basins=8 5.91h
[4086] seed 7004084 random     hops=40 best=4.675530094 basins=25 5.91h
[4087] seed 7004088 random     hops=40 best=4.707106781 basins=8 5.91h
[4088] seed 7004089 structured hops=40 best=5.000000000 basins=1 5.91h
[4089] seed 7004065 structured hops=40 best=4.683831321 basins=9 5.92h
[4090] seed 7004090 neighbour  hops=40 best=4.707106781 basins=3 5.92h
[4091] seed 7004091 random     hops=40 best=4.707106781 basins=6 5.92h
[4092] seed 7004093 structured hops=40 best=4.707106781 basins=9 5.92h
[4093] seed 7004092 random     hops=40 best=4.707106781 basins=3 5.92h
[4094] seed 7004095 random     hops=40 best=4.707106781 basins=4 5.92h
[4095] seed 7004096 random     hops=40 best=4.707106781 basins=5 5.92h
[4096] seed 7004097 structured hops=40 best=4.707106781 basins=4 5.92h
[4097] seed 7004099 random     hops=40 best=5.000000000 basins=1 5.92h
[4098] seed 7004098 neighbour  hops=40 best=4.707106781 basins=7 5.92h
[4099] seed 7004100 random     hops=40 best=4.707106781 basins=6 5.92h
[4100] seed 7004101 structured hops=40 best=5.000000000 basins=1 5.92h
[4101] seed 7004087 random     hops=40 best=4.707106781 basins=5 5.92h
[4102] seed 7004102 neighbour  hops=40 best=4.675530094 basins=20 5.92h
[4103] seed 7004103 random     hops=40 best=4.707106781 basins=3 5.92h
[4104] seed 7004104 random     hops=40 best=4.707106781 basins=7 5.92h
[4105] seed 7004106 neighbour  hops=40 best=4.707106781 basins=5 5.92h
[4106] seed 7004107 random     hops=40 best=4.707106781 basins=8 5.93h
[4107] seed 7004109 structured hops=40 best=4.707106781 basins=6 5.93h
[4108] seed 7004110 neighbour  hops=40 best=4.707106781 basins=5 5.93h
[4109] seed 7004111 random     hops=40 best=5.000000000 basins=1 5.93h
[4110] seed 7004108 random     hops=40 best=4.707106781 basins=22 5.93h
[4111] seed 7004112 random     hops=40 best=4.707106781 basins=4 5.93h
[4112] seed 7004105 structured hops=40 best=4.707106781 basins=7 5.93h
[4113] seed 7004113 structured hops=40 best=4.707106781 basins=4 5.93h
[4114] seed 7004114 neighbour  hops=40 best=4.707106781 basins=5 5.93h
[4115] seed 7004115 random     hops=40 best=4.707106781 basins=5 5.93h
[4116] seed 7004117 structured hops=40 best=4.707106781 basins=5 5.93h
[4117] seed 7004116 random     hops=40 best=4.707106781 basins=9 5.93h
[4118] seed 7004118 neighbour  hops=40 best=4.707106781 basins=8 5.93h
[4119] seed 7004119 random     hops=40 best=4.707106781 basins=3 5.93h
[4120] seed 7004120 random     hops=40 best=4.707106781 basins=6 5.93h
[4121] seed 7004124 random     hops=40 best=4.707106781 basins=5 5.93h
[4122] seed 7004123 random     hops=40 best=4.707106781 basins=4 5.93h
[4123] seed 7004122 neighbour  hops=40 best=4.707106781 basins=6 5.93h
[4124] seed 7004125 structured hops=40 best=4.707106781 basins=6 5.93h
[4125] seed 7004121 structured hops=40 best=4.707106781 basins=5 5.93h
[4126] seed 7004126 neighbour  hops=40 best=4.707106781 basins=3 5.93h
[4127] seed 7004128 random     hops=40 best=4.677648295 basins=12 5.93h
[4128] seed 7004094 neighbour  hops=40 best=4.675530094 basins=23 5.93h
[4129] seed 7004129 structured hops=40 best=4.707106781 basins=10 5.94h
[4130] seed 7004131 random     hops=40 best=4.707106781 basins=13 5.94h
[4131] seed 7004130 neighbour  hops=40 best=4.707106781 basins=5 5.94h
[4132] seed 7004132 random     hops=40 best=4.707106781 basins=5 5.94h
[4133] seed 7004133 structured hops=40 best=4.707106781 basins=4 5.94h
[4134] seed 7004137 structured hops=40 best=4.707106781 basins=3 5.94h
[4135] seed 7004135 random     hops=40 best=4.707106781 basins=4 5.94h
[4136] seed 7004138 neighbour  hops=40 best=4.707106781 basins=6 5.94h
[4137] seed 7004136 random     hops=40 best=4.707106781 basins=9 5.94h
[4138] seed 7004139 random     hops=40 best=4.707106781 basins=3 5.94h
[4139] seed 7004140 random     hops=40 best=4.707106781 basins=4 5.94h
[4140] seed 7004127 random     hops=40 best=4.707106781 basins=10 5.94h
[4141] seed 7004142 neighbour  hops=40 best=4.707106781 basins=9 5.94h
[4142] seed 7004145 structured hops=40 best=4.707106781 basins=5 5.94h
[4143] seed 7004144 random     hops=40 best=4.707106781 basins=3 5.94h
[4144] seed 7004146 neighbour  hops=40 best=4.707106781 basins=8 5.94h
[4145] seed 7004148 random     hops=40 best=5.000000000 basins=1 5.94h
[4146] seed 7004147 random     hops=40 best=4.707106781 basins=2 5.94h
[4147] seed 7004134 neighbour  hops=40 best=4.707106781 basins=14 5.94h
[4148] seed 7004149 structured hops=40 best=4.707106781 basins=5 5.94h
[4149] seed 7004143 random     hops=40 best=4.707106781 basins=6 5.95h
[4150] seed 7004150 neighbour  hops=40 best=4.707106781 basins=7 5.95h
[4151] seed 7004152 random     hops=40 best=4.707106781 basins=5 5.95h
[4152] seed 7004151 random     hops=40 best=4.707106781 basins=3 5.95h
[4153] seed 7004153 structured hops=40 best=4.770367308 basins=2 5.95h
[4154] seed 7004156 random     hops=40 best=4.707106781 basins=7 5.95h
[4155] seed 7004157 structured hops=40 best=4.707106781 basins=7 5.95h
[4156] seed 7004141 structured hops=40 best=4.707106781 basins=7 5.95h
[4157] seed 7004160 random     hops=40 best=4.707106781 basins=4 5.95h
[4158] seed 7004154 neighbour  hops=40 best=4.707106781 basins=13 5.95h
[4159] seed 7004161 structured hops=40 best=4.707106781 basins=3 5.95h
[4160] seed 7004158 neighbour  hops=40 best=4.707106781 basins=12 5.95h
[4161] seed 7004162 neighbour  hops=40 best=4.707106781 basins=12 5.95h
[4162] seed 7004163 random     hops=40 best=4.707106781 basins=6 5.95h
[4163] seed 7004164 random     hops=40 best=4.707106781 basins=5 5.95h
[4164] seed 7004165 structured hops=40 best=4.707106781 basins=4 5.95h
[4165] seed 7004167 random     hops=40 best=4.707106781 basins=7 5.96h
[4166] seed 7004170 neighbour  hops=40 best=4.707106781 basins=5 5.96h
[4167] seed 7004169 structured hops=40 best=4.707106781 basins=4 5.96h
[4168] seed 7004171 random     hops=40 best=4.707106781 basins=5 5.96h
[4169] seed 7004172 random     hops=40 best=4.707106781 basins=8 5.96h
[4170] seed 7004174 neighbour  hops=40 best=4.707106781 basins=10 5.96h
[4171] seed 7004175 random     hops=40 best=4.707106781 basins=5 5.96h
[4172] seed 7004173 structured hops=40 best=4.707106781 basins=6 5.96h
[4173] seed 7004176 random     hops=40 best=4.707106781 basins=13 5.96h
[4174] seed 7004177 structured hops=40 best=4.707106781 basins=4 5.96h
[4175] seed 7004159 random     hops=40 best=4.707106781 basins=7 5.96h
[4176] seed 7004178 neighbour  hops=40 best=4.707106781 basins=15 5.96h
[4177] seed 7004166 neighbour  hops=40 best=4.677648295 basins=19 5.96h
[4178] seed 7004180 random     hops=40 best=5.000000000 basins=1 5.96h
[4179] seed 7004181 structured hops=40 best=4.707106781 basins=4 5.96h
[4180] seed 7004183 random     hops=40 best=4.707106781 basins=9 5.96h
[4181] seed 7004184 random     hops=40 best=4.707106781 basins=4 5.96h
[4182] seed 7004185 structured hops=40 best=4.707106781 basins=13 5.96h
[4183] seed 7004187 random     hops=40 best=4.707106781 basins=4 5.96h
[4184] seed 7004186 neighbour  hops=40 best=4.677648295 basins=16 5.96h
[4185] seed 7004188 random     hops=40 best=4.707106781 basins=4 5.97h
[4186] seed 7004191 random     hops=40 best=4.707106781 basins=6 5.97h
[4187] seed 7004155 random     hops=40 best=4.675530094 basins=23 5.97h
[4188] seed 7004192 random     hops=40 best=4.707106781 basins=5 5.97h
[4189] seed 7004189 structured hops=40 best=4.707106781 basins=6 5.97h
[4190] seed 7004193 structured hops=40 best=4.707106781 basins=7 5.97h
[4191] seed 7004179 random     hops=40 best=4.677648295 basins=13 5.97h
[4192] seed 7004194 neighbour  hops=40 best=4.707106781 basins=5 5.97h
[4193] seed 7004195 random     hops=40 best=4.707106781 basins=7 5.97h
[4194] seed 7004196 random     hops=40 best=4.675530094 basins=21 5.97h
[4195] seed 7004182 neighbour  hops=40 best=4.688103393 basins=24 5.97h
[4196] seed 7004198 neighbour  hops=40 best=4.707106781 basins=6 5.97h
[4197] seed 7004200 random     hops=40 best=4.707106781 basins=4 5.97h
[4198] seed 7004201 structured hops=40 best=4.707106781 basins=5 5.98h
[4199] seed 7004199 random     hops=40 best=4.707106781 basins=13 5.98h
[4200] seed 7004204 random     hops=40 best=4.707106781 basins=8 5.98h
[4201] seed 7004203 random     hops=40 best=4.707106781 basins=8 5.98h
[4202] seed 7004202 neighbour  hops=40 best=4.707106781 basins=9 5.98h
[4203] seed 7004190 neighbour  hops=40 best=4.767766953 basins=11 5.98h
[4204] seed 7004168 random     hops=40 best=4.711321814 basins=14 5.98h
[4205] seed 7004197 structured hops=40 best=4.707106781 basins=6 5.98h
[4206] seed 7004205 structured hops=40 best=4.707106781 basins=6 5.98h
[4207] seed 7004206 neighbour  hops=40 best=4.707106781 basins=11 5.98h
[4208] seed 7004207 random     hops=40 best=4.707106781 basins=4 5.98h
[4209] seed 7004208 random     hops=40 best=4.707106781 basins=3 5.98h
[4210] seed 7004209 structured hops=40 best=5.000000000 basins=1 5.98h
[4211] seed 7004210 neighbour  hops=40 best=4.707106781 basins=11 5.98h
[4212] seed 7004213 structured hops=40 best=5.000000000 basins=1 5.98h
[4213] seed 7004212 random     hops=40 best=4.707106781 basins=5 5.98h
[4214] seed 7004215 random     hops=40 best=4.707106781 basins=8 5.98h
[4215] seed 7004216 random     hops=40 best=5.000000000 basins=1 5.98h
[4216] seed 7004211 random     hops=40 best=4.707106781 basins=6 5.98h
[4217] seed 7004214 neighbour  hops=40 best=4.707106781 basins=7 5.98h
[4218] seed 7004217 structured hops=40 best=5.000000000 basins=1 5.98h
[4219] seed 7004219 random     hops=40 best=4.707106781 basins=6 5.98h
[4220] seed 7004220 random     hops=40 best=4.707106781 basins=4 5.98h
[4221] seed 7004218 neighbour  hops=40 best=4.707106781 basins=7 5.98h
[4222] seed 7004221 structured hops=40 best=5.000000000 basins=1 5.98h
[4223] seed 7004222 neighbour  hops=40 best=4.707106781 basins=5 5.99h
[4224] seed 7004223 random     hops=40 best=4.707106781 basins=10 5.99h
[4225] seed 7004224 random     hops=40 best=4.728581300 basins=3 5.99h
[4226] seed 7004227 random     hops=40 best=4.707106781 basins=5 5.99h
[4227] seed 7004225 structured hops=40 best=4.707106781 basins=5 5.99h
[4228] seed 7004228 random     hops=40 best=4.767766953 basins=2 5.99h
[4229] seed 7004229 structured hops=40 best=4.707106781 basins=3 5.99h
[4230] seed 7004226 neighbour  hops=40 best=4.707106781 basins=7 5.99h
[4231] seed 7004231 random     hops=40 best=4.707106781 basins=6 5.99h
[4232] seed 7004233 structured hops=40 best=4.707106781 basins=4 5.99h
[4233] seed 7004235 random     hops=40 best=4.707106781 basins=2 5.99h
[4234] seed 7004234 neighbour  hops=40 best=4.707106781 basins=7 5.99h
[4235] seed 7004236 random     hops=40 best=4.707106781 basins=3 5.99h
[4236] seed 7004237 structured hops=40 best=4.707106781 basins=9 5.99h
[4237] seed 7004238 neighbour  hops=40 best=4.707106781 basins=6 5.99h
[4238] seed 7004239 random     hops=40 best=4.707106781 basins=4 5.99h
[4239] seed 7004241 structured hops=40 best=4.707106781 basins=2 5.99h
[4240] seed 7004240 random     hops=40 best=4.767766953 basins=4 5.99h
[4241] seed 7004243 random     hops=40 best=4.707106781 basins=11 5.99h
[4242] seed 7004242 neighbour  hops=40 best=4.707106781 basins=6 5.99h
[4243] seed 7004244 random     hops=40 best=4.707106781 basins=5 5.99h
[4244] seed 7004245 structured hops=40 best=4.707106781 basins=4 5.99h
[4245] seed 7004232 random     hops=40 best=4.707106781 basins=14 6.00h
[4246] seed 7004247 random     hops=40 best=4.707106781 basins=3 6.00h
[4247] seed 7004248 random     hops=40 best=4.707106781 basins=4 6.00h
[4248] seed 7004249 structured hops=40 best=4.707106781 basins=7 6.00h
[4249] seed 7004250 neighbour  hops=40 best=4.707106781 basins=7 6.00h
[4250] seed 7004251 random     hops=40 best=4.707106781 basins=5 6.00h
[4251] seed 7004252 random     hops=40 best=4.707106781 basins=4 6.00h
[4252] seed 7004254 neighbour  hops=40 best=4.707106781 basins=6 6.00h
[4253] seed 7004253 structured hops=40 best=4.886746029 basins=2 6.00h
[4254] seed 7004256 random     hops=40 best=4.707106781 basins=8 6.00h
[4255] seed 7004255 random     hops=40 best=4.707106781 basins=3 6.00h
[4256] seed 7004230 neighbour  hops=40 best=4.707106781 basins=7 6.00h
[4257] seed 7004257 structured hops=40 best=4.707106781 basins=3 6.00h
[4258] seed 7004258 neighbour  hops=40 best=4.707106781 basins=13 6.00h
[4259] seed 7004259 random     hops=40 best=4.707106781 basins=6 6.00h
[4260] seed 7004246 neighbour  hops=40 best=4.695013240 basins=16 6.00h
[4261] seed 7004261 structured hops=40 best=4.707106781 basins=4 6.00h
[4262] seed 7004265 structured hops=40 best=4.707106781 basins=3 6.01h
[4263] seed 7004264 random     hops=40 best=4.707106781 basins=4 6.01h
[4264] seed 7004260 random     hops=40 best=4.730823678 basins=10 6.01h
[4265] seed 7004266 neighbour  hops=40 best=4.707106781 basins=6 6.01h
[4266] seed 7004267 random     hops=40 best=4.707106781 basins=8 6.01h
[4267] seed 7004268 random     hops=40 best=4.707106781 basins=5 6.01h
[4268] seed 7004269 structured hops=40 best=4.707106781 basins=4 6.01h
[4269] seed 7004263 random     hops=40 best=4.707106781 basins=6 6.01h
[4270] seed 7004270 neighbour  hops=40 best=4.707106781 basins=8 6.01h
[4271] seed 7004271 random     hops=40 best=4.707106781 basins=6 6.01h
[4272] seed 7004273 structured hops=40 best=4.707106781 basins=4 6.01h
[4273] seed 7004272 random     hops=40 best=4.707106781 basins=5 6.01h
[4274] seed 7004274 neighbour  hops=40 best=4.707106781 basins=6 6.01h
[4275] seed 7004277 structured hops=40 best=4.707106781 basins=3 6.01h
[4276] seed 7004279 random     hops=40 best=4.707106781 basins=4 6.01h
[4277] seed 7004280 random     hops=40 best=4.707106781 basins=6 6.01h
[4278] seed 7004276 random     hops=40 best=4.707106781 basins=8 6.01h
[4279] seed 7004278 neighbour  hops=40 best=4.707106781 basins=11 6.01h
[4280] seed 7004281 structured hops=40 best=4.707106781 basins=4 6.01h
[4281] seed 7004282 neighbour  hops=40 best=4.707106781 basins=4 6.01h
[4282] seed 7004262 neighbour  hops=40 best=4.707106781 basins=9 6.01h
[4283] seed 7004283 random     hops=40 best=4.707106781 basins=5 6.01h
[4284] seed 7004284 random     hops=40 best=4.707106781 basins=10 6.01h
[4285] seed 7004285 structured hops=40 best=4.707106781 basins=6 6.02h
[4286] seed 7004286 neighbour  hops=40 best=4.707106781 basins=9 6.02h
[4287] seed 7004287 random     hops=40 best=4.728581300 basins=3 6.02h
[4288] seed 7004275 random     hops=40 best=4.707106781 basins=5 6.02h
[4289] seed 7004290 neighbour  hops=40 best=4.707106781 basins=5 6.02h
[4290] seed 7004289 structured hops=40 best=4.707106781 basins=5 6.02h
[4291] seed 7004291 random     hops=40 best=4.707106781 basins=5 6.02h
[4292] seed 7004288 random     hops=40 best=4.707106781 basins=9 6.02h
[4293] seed 7004293 structured hops=40 best=4.707106781 basins=5 6.02h
[4294] seed 7004295 random     hops=40 best=4.707106781 basins=4 6.02h
[4295] seed 7004292 random     hops=40 best=4.707106781 basins=6 6.02h
[4296] seed 7004296 random     hops=40 best=4.707106781 basins=5 6.02h
[4297] seed 7004294 neighbour  hops=40 best=4.707106781 basins=4 6.02h
[4298] seed 7004297 structured hops=40 best=5.000000000 basins=1 6.02h
[4299] seed 7004299 random     hops=40 best=4.767766953 basins=4 6.02h
[4300] seed 7004298 neighbour  hops=40 best=4.707106781 basins=10 6.02h
[4301] seed 7004301 structured hops=40 best=4.707106781 basins=5 6.02h
[4302] seed 7004304 random     hops=40 best=4.707106781 basins=5 6.02h
[4303] seed 7004303 random     hops=40 best=4.707106781 basins=7 6.03h
[4304] seed 7004305 structured hops=40 best=4.707106781 basins=9 6.03h
[4305] seed 7004306 neighbour  hops=40 best=4.677648295 basins=14 6.03h
[4306] seed 7004302 neighbour  hops=40 best=4.677648295 basins=23 6.03h
[4307] seed 7004309 structured hops=40 best=4.707106781 basins=6 6.03h
[4308] seed 7004300 random     hops=40 best=4.707106781 basins=8 6.03h
[4309] seed 7004308 random     hops=40 best=4.707106781 basins=3 6.03h
[4310] seed 7004307 random     hops=40 best=4.707106781 basins=11 6.03h
[4311] seed 7004311 random     hops=40 best=4.707106781 basins=4 6.03h
[4312] seed 7004312 random     hops=40 best=4.707106781 basins=7 6.03h
[4313] seed 7004313 structured hops=40 best=4.731429039 basins=9 6.03h
[4314] seed 7004310 neighbour  hops=40 best=4.707106781 basins=8 6.03h
[4315] seed 7004314 neighbour  hops=40 best=4.707106781 basins=7 6.03h
[4316] seed 7004315 random     hops=40 best=4.711321814 basins=8 6.03h
[4317] seed 7004317 structured hops=40 best=4.707106781 basins=6 6.03h
[4318] seed 7004319 random     hops=40 best=4.707106781 basins=4 6.03h
[4319] seed 7004321 structured hops=40 best=4.707106781 basins=6 6.03h
[4320] seed 7004318 neighbour  hops=40 best=4.707106781 basins=8 6.03h
[4321] seed 7004322 neighbour  hops=40 best=4.707106781 basins=8 6.03h
[4322] seed 7004323 random     hops=40 best=4.707106781 basins=8 6.03h
[4323] seed 7004316 random     hops=40 best=4.707106781 basins=4 6.03h
[4324] seed 7004324 random     hops=40 best=4.707106781 basins=5 6.03h
[4325] seed 7004325 structured hops=40 best=4.707106781 basins=6 6.03h
[4326] seed 7004320 random     hops=40 best=4.707106781 basins=7 6.03h
[4327] seed 7004327 random     hops=40 best=4.707106781 basins=5 6.03h
[4328] seed 7004326 neighbour  hops=40 best=4.707106781 basins=9 6.03h
[4329] seed 7004328 random     hops=40 best=4.707106781 basins=4 6.04h
[4330] seed 7004329 structured hops=40 best=4.707106781 basins=3 6.04h
[4331] seed 7004330 neighbour  hops=40 best=4.707106781 basins=6 6.04h
[4332] seed 7004331 random     hops=40 best=4.728500755 basins=3 6.04h
[4333] seed 7004333 structured hops=40 best=4.707106781 basins=4 6.04h
[4334] seed 7004332 random     hops=40 best=4.707106781 basins=4 6.04h
[4335] seed 7004334 neighbour  hops=40 best=4.707106781 basins=10 6.04h
[4336] seed 7004335 random     hops=40 best=4.707106781 basins=3 6.04h
[4337] seed 7004336 random     hops=40 best=4.707106781 basins=8 6.04h
[4338] seed 7004337 structured hops=40 best=4.707106781 basins=5 6.04h
[4339] seed 7004338 neighbour  hops=40 best=4.707106781 basins=2 6.04h
[4340] seed 7004339 random     hops=40 best=4.707106781 basins=7 6.04h
[4341] seed 7004341 structured hops=40 best=4.707106781 basins=6 6.04h
[4342] seed 7004340 random     hops=40 best=4.707106781 basins=8 6.04h
[4343] seed 7004342 neighbour  hops=40 best=4.707106781 basins=4 6.04h
[4344] seed 7004343 random     hops=40 best=4.707106781 basins=2 6.04h
[4345] seed 7004344 random     hops=40 best=4.707106781 basins=7 6.04h
[4346] seed 7004345 structured hops=40 best=4.707106781 basins=5 6.04h
[4347] seed 7004347 random     hops=40 best=4.707106781 basins=7 6.04h
[4348] seed 7004348 random     hops=40 best=4.707106781 basins=8 6.04h
[4349] seed 7004351 random     hops=40 best=4.707106781 basins=3 6.04h
[4350] seed 7004350 neighbour  hops=40 best=4.707106781 basins=11 6.04h
[4351] seed 7004349 structured hops=40 best=4.707106781 basins=10 6.04h
[4352] seed 7004352 random     hops=40 best=4.707106781 basins=9 6.05h
[4353] seed 7004353 structured hops=40 best=4.707106781 basins=6 6.05h
[4354] seed 7004355 random     hops=40 best=4.707106781 basins=6 6.05h
[4355] seed 7004354 neighbour  hops=40 best=4.707106781 basins=8 6.05h
[4356] seed 7004346 neighbour  hops=40 best=4.707106781 basins=11 6.05h
[4357] seed 7004356 random     hops=40 best=4.707106781 basins=8 6.05h
[4358] seed 7004357 structured hops=40 best=4.707106781 basins=3 6.05h
[4359] seed 7004358 neighbour  hops=40 best=4.707106781 basins=9 6.05h
[4360] seed 7004360 random     hops=40 best=4.707106781 basins=4 6.05h
[4361] seed 7004359 random     hops=40 best=4.707106781 basins=5 6.05h
[4362] seed 7004361 structured hops=40 best=4.707106781 basins=5 6.05h
[4363] seed 7004363 random     hops=40 best=4.707106781 basins=14 6.05h
[4364] seed 7004362 neighbour  hops=40 best=4.707106781 basins=7 6.05h
[4365] seed 7004364 random     hops=40 best=4.707106781 basins=8 6.05h
[4366] seed 7004365 structured hops=40 best=4.707106781 basins=9 6.05h
[4367] seed 7004366 neighbour  hops=40 best=4.707106781 basins=9 6.05h
[4368] seed 7004367 random     hops=40 best=5.000000000 basins=1 6.05h
[4369] seed 7004368 random     hops=40 best=5.000000000 basins=1 6.05h
[4370] seed 7004369 structured hops=40 best=5.000000000 basins=1 6.05h
[4371] seed 7004371 random     hops=40 best=4.707106781 basins=8 6.05h
[4372] seed 7004372 random     hops=40 best=5.000000000 basins=1 6.06h
[4373] seed 7004377 structured hops=40 best=4.707106781 basins=5 6.06h
[4374] seed 7004375 random     hops=40 best=5.000000000 basins=1 6.06h
[4375] seed 7004376 random     hops=40 best=4.707106781 basins=5 6.06h
[4376] seed 7004378 neighbour  hops=40 best=4.707106781 basins=5 6.06h
[4377] seed 7004370 neighbour  hops=40 best=4.707106781 basins=10 6.06h
[4378] seed 7004380 random     hops=40 best=4.707106781 basins=8 6.06h
[4379] seed 7004381 structured hops=40 best=4.707106781 basins=5 6.06h
[4380] seed 7004383 random     hops=40 best=4.707106781 basins=3 6.06h
[4381] seed 7004382 neighbour  hops=40 best=4.707106781 basins=3 6.06h
[4382] seed 7004386 neighbour  hops=40 best=4.707106781 basins=4 6.06h
[4383] seed 7004387 random     hops=40 best=4.707106781 basins=4 6.06h
[4384] seed 7004385 structured hops=40 best=4.707106781 basins=5 6.06h
[4385] seed 7004373 structured hops=40 best=4.767766953 basins=7 6.06h
[4386] seed 7004388 random     hops=40 best=5.000000000 basins=1 6.06h
[4387] seed 7004389 structured hops=40 best=4.707106781 basins=5 6.06h
[4388] seed 7004390 neighbour  hops=40 best=4.707106781 basins=4 6.06h
[4389] seed 7004374 neighbour  hops=40 best=4.707106781 basins=6 6.06h
[4390] seed 7004391 random     hops=40 best=4.707106781 basins=14 6.07h
[4391] seed 7004393 structured hops=40 best=4.707106781 basins=6 6.07h
[4392] seed 7004394 neighbour  hops=40 best=4.707106781 basins=5 6.07h
[4393] seed 7004392 random     hops=40 best=4.707106781 basins=11 6.07h
[4394] seed 7004384 random     hops=40 best=4.707106781 basins=12 6.07h
[4395] seed 7004379 random     hops=40 best=4.707106781 basins=6 6.07h
[4396] seed 7004395 random     hops=40 best=4.707106781 basins=3 6.07h
[4397] seed 7004396 random     hops=40 best=5.000000000 basins=1 6.07h
[4398] seed 7004397 structured hops=40 best=4.707106781 basins=3 6.07h
[4399] seed 7004398 neighbour  hops=40 best=4.707106781 basins=9 6.07h
[4400] seed 7004399 random     hops=40 best=4.707106781 basins=15 6.07h
[4401] seed 7004400 random     hops=40 best=4.707106781 basins=6 6.07h
[4402] seed 7004401 structured hops=40 best=4.707106781 basins=6 6.07h
[4403] seed 7004402 neighbour  hops=40 best=4.707106781 basins=5 6.07h
[4404] seed 7004403 random     hops=40 best=4.707106781 basins=5 6.07h
[4405] seed 7004404 random     hops=40 best=4.707106781 basins=6 6.07h
[4406] seed 7004405 structured hops=40 best=4.707106781 basins=14 6.07h
[4407] seed 7004406 neighbour  hops=40 best=4.707106781 basins=5 6.07h
[4408] seed 7004409 structured hops=40 best=4.707106781 basins=2 6.07h
[4409] seed 7004408 random     hops=40 best=4.675530094 basins=16 6.07h
[4410] seed 7004411 random     hops=40 best=4.707106781 basins=4 6.07h
[4411] seed 7004413 structured hops=40 best=4.707106781 basins=5 6.07h
[4412] seed 7004412 random     hops=40 best=4.707106781 basins=5 6.07h
[4413] seed 7004414 neighbour  hops=40 best=4.707106781 basins=8 6.08h
[4414] seed 7004415 random     hops=40 best=4.707106781 basins=5 6.08h
[4415] seed 7004416 random     hops=40 best=4.707106781 basins=7 6.08h
[4416] seed 7004417 structured hops=40 best=4.707106781 basins=9 6.08h
[4417] seed 7004419 random     hops=40 best=4.707106781 basins=6 6.08h
[4418] seed 7004418 neighbour  hops=40 best=4.675530094 basins=20 6.08h
